"tweet_id","created_at","type","engagement","favorite_count","retweet_count","reply_count","hit_score","text"
"'2044209620252598437'","4/14/2026 20:22","Tweet","314","203","92","19","14","🆘 PART TWO: The Chilling EVIDENCE Victor Marx is Running an ARMS Pipeline to Haiti and the IDF 🔫📦

""Turning Point Faith was the infiltration... an Epstein world re-emerging somewhere else."" — Candace Owens 👱‍♀️⚔️

Candace just dropped Part 2 On Her expose` on Pastor Victor Marx, and it’s a total trainwreck. She is officially naming Pastor Victor Marx as a central figure in a suspicious arms network—one that reaches from high-risk missions in Haiti to the IDF in Gaza, all while hiding behind ""spiritual retooling"" and ""angelic visions.""

The Whistleblower: Corby Hall (FoldAR)Corby Hall, inventor of the backpack-deployable FoldAR rifle, has come forward with a staggering testimony:
The Haiti Mission: Marx allegedly pressured Hall for 50 rifles to be ""dropped off"" in Haiti—an illegal export. When Hall refused, Marx reportedly asked for a long-range sniper rifle to ""blow the head off"" anyone near his orphanage to use as propaganda.

The IDF Request: Marx allegedly demanded 50,000 rifles for operations in Gaza, Lebanon, and Syria. When Hall questioned the morality using scripture, Marx reportedly threatened him, saying, ""I could whoop your ass right here.""

The ATF Trace: September 10th at 9:00 AM. This is where it gets chilling...

A specific FoldAR rifle (Serial #02735) went ""missing"" from a Texas Deputy's car in 2024.
The Timing: On the morning of Charlie Kirk’s assassination—hours before the first shot—the ATF hit Corby Hall with an urgent trace on that exact stolen gun.

The Cover-Up: The ATF went silent. The Deputy says he was never contacted. Was the ""Tyler Robinson gun"" actually a pre-staged asset from this very trafficking ring?

The CIA Connection? Candace isn't buying the ""reformed trafficker"" story. She notes a bizarre pattern: Victor Marx and the ""Egyptian Planes"" are tracking the same cities, often near military bases.

Is Victor Marx a CIA contractor?

Why does every pastor around Erika Kirk have a background in ""charitable trafficking"" or arms dealing?

The Infiltration is Complete. Candace suggests that after Epstein went down in 2018, the same global network simply ""re-emerged"" inside the non-profit and church world. And at the center of it all is Erika Kirk—no longer the ""perfect victim,"" but the bridge to these ""troubled pastors.""

👇 WATCH PART 2. The ""Egyptian Plane"" puzzle just found its missing piece. Is Turning Point USA a political movement, or a front for the ""Department of War""?

FOLLOW @RealCandaceO, RT and watch her FULL episode linked below!👇"
"'2042213289690570783'","4/9/2026 8:09","Tweet","690","430","242","18","11","🚨BOMBSHELL: TPUSA is Laundering YOUR Data Through a ""Neutral"" SHELL Company— Here's The PROOF VoteOnline LLC  is a Secret TPUSA Front!😱

If you’re planning on heading to the ""Build the Red Wall"" rally in Phoenix on April 17th to see President Trump and Erika Kirk, you need to read the fine print. Turning Point USA and Tyler Bowyer have launched a new operation designed to suck up your personal data—and they’re using yet another shell company as thefront to do it.

TPUSA is requiring everyone who wants to attend the rally to ""check their voter registration status."" But they aren't sending you to a government site. They are funneling you through a mysterious new nonprofit called VoteOnline LLC

The Disguise: The site is branded in purple and green with zero TPUSA logos. It looks like a non-partisan civic tool.

The Reality: Buried in the privacy policy, the address for VoteOnline is the exact same building as TPUSA headquarters in Phoenix.

The Leadership: The CEO of VoteOnline is Amy Smith, a longtime TPUSA employee.

🕵️‍♂️ THE AUSTIN SMITH CONNECTION
It gets darker. Amy Smith is married to Austin Smith, the former state lawmaker and TPUSA Senior Director who was caught forging signatures for his own election. He pleaded guilty to attempted fraud, yet he’s reportedly back in the TPUSA fold.

As Republican strategist Tyler Montague put it: ""They don’t give a rip about his fraud and cheating."" They are using the same people who got caught rigging petitions to manage your private data.

📊 WHAT ARE THEY STEALING?
When you ""check your status"" on their form, you aren't just giving them your name. You are handing over:

Your physical address and birth date.

Your phone number.

How you plan to vote.

Because VoteOnline is a 501(c)3, they claim they won't share data with ""campaigns,"" but there is nothing stopping them from handing that entire database over to Turning Point Action—the political arm now run by Erika Kirk.

🧊 THE ""HANDLERS"" ARE WATCHING
This is exactly what we’ve been warning you about, they are building a profile on every person in the country. They want to know who is a ""high-propensity"" donor so they can target you for cash and manipulation.

While Erika Kirk talks about ""transactional"" relationships, her organization is treating your data like a commodity. They are using the President’s name to build a massive digital dragnet.

Don't let them harvest your data under the guise of ""patriotism."" Why is TPUSA masquerading as a ""non-partisan"" site? Why are they using fraud-linked directors to run it?

Gemini said
🚨 THE DATA HARVEST: TPUSA’S NEW ""SILENT"" SCAM EXPOSED. 🚨
If you’re planning on heading to the ""Build the Red Wall"" rally in Phoenix on April 17th to see President Trump and Erika Kirk, you need to read the fine print. Turning Point USA and Tyler Bowyer have launched a new operation designed to suck up your personal data—and they’re using a ""neutral"" front to do it.

🕸️ THE VOTE (.) ONLINE TRAP
TPUSA is requiring everyone who wants to attend the rally to ""check their voter registration status."" But they aren't sending you to a government site. They are funneling you through a mysterious new nonprofit called VoteOnline.

The Disguise: The site is branded in purple and green with zero TPUSA logos. It looks like a non-partisan civic tool.

The Suspicious Pivot: In the past, TPUSA tried to boost its voter data machine using branded apps and tools with the organization’s name and logo. It failed because people were suspicious of the partisan branding. They learned their lesson—now they’re hiding behind a ""non-partisan"" mask to trick you into lowering your guard.

The Reality: Buried in the privacy policy, the address for VoteOnline is 4945 E. Wilder Rd, Phoenix, AZ—the exact same building that houses Turning Point USA’s headquarters.

The Leadership: The CEO of VoteOnline is Amy Smith, a longtime TPUSA employee and wife of Austin Smith—the man caught forging signatures on petitions.

The Team: Staffers like Jonah Bodmer and Analise Alexander also appear in the directory—both are former employees of TPUSA and Turning Point Action.

The Data Loophole: How it Works
This is where the ""scam"" comes into play. Because VoteOnline is a (c)(3), it can harvest your most sensitive data under the guise of ""voter registration"" and ""civic duty.""

The Harvesting: By requiring a ""registration check"" for events like the April 17th Phoenix rally, they gather your legal name, address, birth date, phone number, and—most importantly—voter intent (e.g., ""How do you plan to vote this year?"").

⛓️ THE HAND-OFF: SMOKING GUN PROOF
We’ve found the ""legal"" loophole they are using to strip you of your privacy. While (c)(3) nonprofits are supposed to be non-partisan, VoteOnline’s own privacy policy states they share data with ""Partner organizations"" that embed their portal.

The Proof: We have secured the evidence. Turning Point USA’s own student website (tpusastudents(.)com/vote) has the VoteOnline portal embedded directly into their page.

The Connection: This confirms that TPUSA is an official ""Partner Organization."" When you enter your data into VoteOnline, they are handing your profile directly over to Turning Point Action.

The Operatives: Your data is going straight to an organization run by Erika Kirk and Tyler Bowyer.

The Result: Your private info is scrubbed of its ""non-partisan"" label and turned into a weaponized political database used for targeting, fundraising, and manipulation.

🕵️‍♂️ THE PATTERN OF FRAUD
One thing is certain: ethics are obstacle Tyler Bowyer cleared a long time ago. From forged signatures to data dragnets, fraud is the consistent thread in his career. Bowyer and Erika Kirk are the new architects of Turning Point, and they’ve pivoted from Charlie’s original vision to a high-stakes intelligence operation.

This isn’t a leadership change at TPUSA; it’s a hostile takeover. They aren’t protecting the ""Red Wall""—they’re harvesting the people who build it. They have hijacked Charlie’s legacy and are now using it as a cold-blooded cash grab, liquidating your privacy and selling your data to the highest bidder.

The Red Wall is being built on your data. Spread the word before April 17th. 👇"
"'2044536346530787718'","4/15/2026 18:00","Tweet","430","323","69","10","11","🆘EXPOSED: Candace Owens Exposes the FAKE ""Threat"" Narrative—Proof Turning Point LIED About the Erika Kirk No-Show 📄

The Turning Point PR machine is officially in a tailspin, and Candace Owens is bringing the receipts to prove that the ""security threat"" used to explain Erika Kirk’s Athens no-show is a total work of fiction. 

""I’m just getting whiplash... What changed seven months later?"" — Candace Owens 

Candace just dismantled the narrative surrounding the Akins Ford Arena no-show, and the timeline makes the Turning Point leadership look like they are making it up as they go.

The 50-Minute Gap: TPUSA field reps were posting ""sweet and happy"" promotional videos just 50 minutes before doors opened, promising Erika Kirk would be there.
The Logic: If there was a ""serious threat,"" why were the event planners and campus leaders kept in the dark until the very last second?

The Truth: Decision-makers knew she wasn't coming long before that—because she wasn't even in Georgia. This wasn't a ""security pull-out""; it was a ""no-ticket-sales"" bailout. 

The ""Fearless"" Inversion: Remember Erika’s interview with Jesse Watters? She claimed a supernatural fearlessness: ""What are they gonna threaten me with? Going to heaven sooner to be with my husband."" * The Question: Why was Erika ""on fire for the Lord"" and fearless 21,000-person crowds right after the assassination, but suddenly terrified 7 months later at an event with the Vice President?

The Secret Service Factor: Are we really supposed to believe that the United States Secret Service—the team currently protecting the sitting VP—couldn't ""guarantee the safety"" of a non-profit CEO? 

The Gaslighting Shift: Andrew Kolvet is now on Fox News trying to pivot the blame onto ""attacks from surprising places"". They are trying to equate investigative journalism with ""death threats"" to justify her absence from an empty arena.

This is classic Hasbra—coordinated spin to protect an asset. They are using the ""poor widow"" card to tug at heartstrings because they can't explain the empty seats or the lack of public interest.

Erika isn't a victim of ""attacks""; she's a victim of her own crumbling credibility. If she’s not afraid to die to be with Charlie, why is she ghosting the Vice President of the United States?

The whiplash is real. Are you going to believe the PR team, or your own common sense?

FOLLOW @RealCandaceO, RT and watch her FULL episode linked below.👇"
"'2044284834005065878'","4/15/2026 1:21","Tweet","313","239","53","21","11","🆘CRY ME A RIVER: All The PAID TPUSA Shills Are Out Repeating The Same Talking Points Again About So Called ""Death Threats"" Erika Recieved—This Looks Like Apple Cider Vinegar 2.0: Is Erika Kirk Prepping for a Staged False Flag Attack? 🧪🚩

The ""PR"" machine is in overdrive, but we see the wires behind the curtain.The synchronized talking points from the usual Turning Point suspects are a giant red flag. 🚩

This isn't a grassroots defense; it’s a paid hate campaign designed to silence anyone—especially Candace Owens—who asks the questions that open the door to ""Discovery.""

Watch out for the pattern. Right on cue, the ""usual suspects""—Graham Allen, Brandon Tatum, and Tracey Martin, Blake Neff, etc...are all singing from the same songbook. They want you to believe that Erika Kirk skipped tonight's event because of ""credible death threats.""

I call TOTAL B.S. 🚩

Discovery is Their Kryptonite. Why won't they sue people like myself or @RealCandaceO  for defamation? Because Discovery would force them to open their books, their phone logs, and their emails. They are terrified of what a court would find. Since they can’t win in court, they have to win in the court of public opinion by manufacturing victimhood.

 This ""threat"" narrative is a setup for a staged incident. We’ve seen this script before. Remember just a few months ago when Ilhan Omar was allegedly sprayed with a cup of apple cider vinegar from a syringe at a Minneapolis town hall? (January 2026). Even the President at the time suggested it looked staged!

They are setting Erika up for her own ""Vinegar Moment."" 🧪
The Claim: ""Doxing"" and ""Floor plans"" (Tracey Martin’s favorite new talking point).

The Excuse: ""I can't show up to the empty arena because it's too dangerous.""

The Goal: A staged, low-stakes ""attack"" to justify a massive crackdown on investigators like us.

The Reality is Erika didn't pull out because of some so-called threat, she pulled out because of an empty arena. You don't need ""security"" against thousands of empty seats.

Erika Kirk is NOT a victim. She is an evil, manipulative psychopath who has surrounded herself with deep state assets and trafficking-adjacent pastors. Don’t let the paid PR campaign gaslight you into forgetting about September 10th.

👇 WATCH THE CLIP. Tracey Martin claiming she’s ""freaked out"" is just the script. We are the ones who should be freaked out by the infiltration."
"'2043691823915299155'","4/13/2026 10:04","Tweet","17547","10857","4093","237","10","🚨EXPOSED: Lori Frantzve Appears In Edward Snowden LEAKED Prism Docs As ""NSA Agent""—Erika Kirk's Mom CONFIRMED As Intelligence Asset.😱

I just discovery  Lori Frantzve’s name in the leaked documents released by Edward Snowden. This document explicitly lists her under a section titled ""DOX,"" identifying her among a group of alleged NSA agents whose personal data was exposed.

For those of us tracking the ""New TPUSA"" narrative, this isn't just a coincidence—it’s a confirmation of the Intelligence Asset theory.

🚩 The ""Legacy"" of Lori Frantzve
Lori’s inclusion in a list of NSA personnel alongside former directors like Lt Gen Kenneth Minihan adds massive weight to the claim that she has spent her career embedded in the deep-state apparatus. If Lori is a confirmed intelligence asset, her daughter's entire life story suddenly looks like a meticulously managed operation.

🎭 The Targeted Infiltration of Charlie Kirk
The pieces are fitting together perfectly. We’ve always suspected that Erika’s ""chance"" meeting with Charlie in an airport was too convenient to be real. Based on this new link to the NSA, the investigation suggests a much darker timeline:

The Grooming: Erika didn't just stumble into the movement; she was likely directed by Lori, using her mother's defense and intelligence connections to ""target"" Charlie Kirk.

Remember Erika changed her entire image—pretending to be exactly the kind of traditional Christian woman she knew Charlie’s faith and values would attract—just to lure him in.

If Erika is being directed by an NSA-linked mother, then the ""widow"" we see today isn't a leader; she’s an operator holding the line for her mother’s interests.

🏛️ Why This Changes Everything
This link to the NSA PRISM database and Snowden documents proves that the Lori's Tech background was just a cover for something much deeper. When a former CIA analyst says Erika Kirk's behavior is ""not fucking normal,"" and then we find her mother in a leaked NSA dox, the ""coincidence"" officially dies.

They are running a script, and the script was written by people with badges and high-level security clearances.

Is Erika a grieving widow, or is she the second generation of an intelligence dynasty? The ""DOX"" doesn't lie. 

I'll link the full set of leaked NSA docs in the comments below so you can check them out for yourself. Share this everywhere, The evidence is piling up. 👇"
"'2044203863343841414'","4/14/2026 19:59","Tweet","460","332","107","21","10","🆘PART ONE: Candace Owens Exposes The DARK Past Of TPUSA Faith Pastor Victor Marx—The Family Of Traffickers and Murderers.🤯

""Turning Point Faith was the infiltration."" — Candace Owens

Candace just dropped Part 1 of her most explosive investigation yet, and the details surrounding Pastor Victor Marx—a key Erika Kirk ally—are nothing short of demonic. 🎭🔥

The ""Grief Marketing"" Campaign:Candace calls out the ""impersonal"" memorial for Charlie Kirk, revealing that Erika allegedly didn't even write her own eulogy (Blake Neff did). But more disturbing is the footage of Erika being ""comforted"" by Victor Marx and his wife, Eileen, less than 48 hours after the assassination.
The Camera Roll: Why were professional cameras rolling for an ""intimate"" moment of grief?

The Phone: Erika was caught holding the very phone she claimed she didn't turn on for weeks.

Who is Victor Marx? (The ""Kennedy"" Files):Victor Marx (born von Victor Kennedy) presents himself as a ""man of God,"" but his family tree is a horror movie:

The Stepfather: Gloyce Dean Kennedy ran an international drug smuggling ring out of Jamaica and was convicted in '87.
The Bloodline: Victor’s biological father was a pimp and drug dealer with ""homicidal tendencies."" His grandfather killed his grandmother in a murder-suicide.

The ""First Kill"": Victor openly tells a story of being forced by his stepfather to shoot and kill a man at age seven. The Patterns of Trafficking:Candace has been tracking ""Egyptian Planes"" that mirror Charlie Kirk’s travel schedule and Turning Point Faith events. Now, a whistleblower named Corby Hall (owner of FoldAR) has come forward.

The Interest: Victor Marx was allegedly interested in Corby’s company—which makes rifles that fold into backpacks—specifically for moving arms into Haiti.

The Mirror: Did Victor learn the ""family business"" of moving illegal products across borders from his drug-smuggling stepfather?
The Skin-Crawl Factor:Candace admits that hearing Erika discuss ""the Lord"" makes her skin crawl, noting that Erika rarely uses the name of Jesus Christ unless it’s in a script written by others.

Is Turning Point Faith a spiritual movement, or is it a logistical cover for something much darker? Victor Marx is currently running for Governor of Colorado—announced at a Charlie Kirk memorial.

👇 WATCH PART 1. The ""Egyptian Plane"" puzzle is finally coming together. Are we looking at a political organization, or a trafficking hub?

FOLLOW @RealCandaceO, RT and watch her FULL episode linked below. 👇"
"'2044565840331218966'","4/15/2026 19:57","Tweet","428","282","129","17","10","🆘CONNECTING THE DOTS: Candace Owens Releases New Master Chart That Maps Out The Terrifying Web Of Infiltration At TPUSA🧐

Candace Owens just released a massive investigative chart—the ""Connecting Themes"" spreadsheet—that maps out a terrifying web of Eastern European trafficking, military psychological operations, and deep-state infiltration at the highest levels of Turning Point USA.

The public has been asking for a timeline, and Candace just delivered a spreadsheet that connects Erika Kirk, Victor Marx, and the September 10th tragedy to some of the darkest corners of international ""charity"" work.

1. THE EASTERN EUROPEAN PIPELINE 🇷🇴🇺🇦
The chart highlights a recurring theme: Romania.

Erika Kirk: Started the ""Romanian Angels"" project in 2012.

Tyler Bowyer: Was in Romania working with the government in 2011; he is fluent in Russian and holds a degree in Russian studies.

Harvest Church: Currently accused of trafficking children from Romania—the same church Erika just toured with.

The Military Link: Col. Otto Busher was accused of running a brothel with Romanian children at a military base; he worked with Romanian Angels during this time.

2. THE MILITARY & PSYOP OVERLAP 🪖🧠
Why are so many TPUSA advisors linked to the intelligence community?

Gen. Paul Vallely: TPUSA Advisor and retired Army General who ran psyops and co-wrote a book with Michael Aquino (Satanist founder of the Temple of Set).

Rob McCoy: His father ran psychological operations for Naval Intelligence to shape public perception.

Fort Huachuca: A civilian commander at this base was charged with running a child sex abuse ring.

HADES: The military plane that flew an inexplicable route near UVU on the day Charlie Kirk was assassinated.

3. THE ""CHARITY"" COVER STORIES 📦🎭
The spreadsheet lists a staggering number of people in Erika’s orbit involved in ""trafficking charities"":

Victor Marx: Runs a charity for child sex abuse; allegedly announced Charlie’s death first.

Nelda Buckman: TPUSA’s #1 donor, extensively involved in ""rescuing"" children through various ""Angels"" organizations.

Marcus Wada: TPUSA Productions Director who allegedly tells employees he was formerly involved in trafficking arms in Poland.

Derek & Shelaine Maxfield: Owners of the plane (N888KG) that left for Page, Arizona on 9/10; they run Saprea, a child abuse charity.

4. THE LIBERTY UNIVERSITY CLIQUE 🎓🏛️
The chart tracks the ""Liberty University to TPUSA"" pipeline, linking Tyler Bowyer, Erika Kirk, Cabot Phillips, and Andrew Kolvet. This is the core group that took over the organization following Charlie's death.

When you put it all on one page, the ""coincidences"" vanish. We see a network of assets with high-level military backgrounds and proximity to international trafficking hubs all converging on one man: Charlie Kirk.

This is why they won't sue. This is why they manufacture ""threats"" in Athens. They are terrified of Discovery because this spreadsheet is just the beginning.

👇 STUDY THE CHART. Why does every road lead back to Romania, psyops, and private planes?

FOLLOW @RealCandaceO, RT and watch her FULL episode linked below. 👇"
"'2044547224990810439'","4/15/2026 18:43","Tweet","170","136","28","6","10","🆘PSYOP EXPOSED: Candace Just Revealed The TRUTH Behind Erika Kirk's Athens NO-SHOW😱

The Turning Point PR machine just hit a level of propaganda we’ve never seen before, and Candace Owens isn't just bringing the heat—she’s bringing the literal receipts. 🧾🔥

Candace just dropped the ultimate proof that the ""Security Threat"" in Athens was a total work of fiction designed to cover up the most embarrassing failure in the organization's history. They want you to believe Erika stayed home because people were ""tracking her plane.""

The Plane Tracking Lie: Erika has been traveling privately for months, and people have been tracking her travel since day one. She never canceled a single event before. Why now? Because you can’t ""remedy"" a tracked plane, and if you're flying into a private FBO with security, there is zero viable threat that the Secret Service couldn't handle. 

The Real Reason: Abysmal Attendance, because people across the country are revolting against Erika. Candace just revealed the hard facts

The Venue: Akins Ford Arena holds 7,000 people.
The Target: With 43,000 students at UGA and free tickets open to the general public, they couldn't even fill 25% of the room. 

The Evidence: Reporter Jake Traylor (MSNBC) posted a video showing the auditorium was an empty tomb. The PR team was so humiliated they actually used fake B-roll from old TPUSA events on Fox News to hide the empty seats! 

The ""Scheduling Conflict"": This is the smoking gun. Erika was supposed to speak at a local high school at 1:30 PM on the same day as the Vance event.

On Monday at noon (a full 24 hours before the ""emergency""), parents received a text alert.

The reason given? ""Scheduling complications."" 📱⚖️
There was no mention of a threat to the high school. If her life was truly in danger, wouldn't they inform the school administration? They didn't, because there was no threat—just parental backlash and a lack of interest.

Andrew Kolvet went on stage to imply it's your fault. He wants to blame investigative journalists and the public for ""attacking"" Erika. Candace calls this exactly what it is: Narcissistic Abuse. > ""When do you ever recall management coming out with messaging that implies it’s actually the public's fault? ... It is ridiculous.""

Turning Point USA is facing a crisis of stewardship. Under Erika Kirk, they are seeing the worst audience turnout in history, and they are trying to gaslight you into thinking it's a security crisis.

Don't let them treat you like a toddler. Are you going to believe the ""scheduling conflict"" text or the ""assassination plot"" PR spin?

FOLLOW @RealCandaceO, RT and watch her FULL episode linked below. 👇"
"'2039816727949947341'","4/2/2026 17:26","Tweet","597","430","141","26","9","🚨 EXPOSED: How TPUSA Is VIOLATING The Judge's GAG Order In The Tyler Robinson Case— The Only People Tainting the JURY Work for TPUSA. 🪞🧐

It is truly remarkable to watch the level of emotional hysteria coming from the TPUSA camp lately. They love to point the finger at independent researchers—the ""conspiracy theorists,"" as they call us—accusing us of ""contaminating the jury pool."" But as @baroncoleman  just forensically demonstrated, the only people ACTUALLY violating the GAG ORDER and the law are TPUSA.

Let’s look at the Gag Order that Erika Kirk and Blake Neff seem to think doesn't apply to them:

The Legal Reality ⚖️
Baron pulled the receipts. Publicity Notice F-2025-012 identifies Erika Kirk and Blake Neff as witnesses. Under Rule 3.6, witnesses are strictly prohibited from making extrajudicial statements regarding the guilt of the accused.

Yet, what do we see?

Blake Neff is all over X and national radio, definitively declaring Tyler Robinson’s ""guilt,"" citing DNA, and claiming ""confessions.""

Both @MrsErikaKirk and @BlakeSNeff have recieved direct notices from the court, yet the @TPUSA PR machine continues to churn.

The Real Danger 🏗️⚔️
Here is the part they don't want you to understand: By flagrantly disregarding a judge’s order to campaign for a conviction in the court of public opinion, they are creating a massive legal liability. If the jury pool is sufficiently ""tainted"" by the prosecution’s own witnesses, a judge could—and SHOULD—throw the entire case out. 📉

Is their obsession with the ""official"" story so deep that they’d rather risk Tyler Robinson walking free than allow a real investigation into the PETN explosive and the EGYPTIAN flight patterns? ✈️📑

The ""Maniac"" Mirror 🪞
Blake calls us ""maniacs,"" but WE aren't the ones under a court order. We aren't witnesses. We are private citizens exercising our First Amendment rights to ask why the 4K footage shows an explosion under a shirt, not a bullet from a 30.06 rifle. 🧐

Stop pointing the finger at the ""us"" and look in the mirror. If Tyler Robinson walks, it won't be because of a ""conspiracy theory""—it will be because TPUSA couldn't keep their mouths shut. 🤐

Special thanks to @NihiloX for putting together this clip and to @baroncoleman for pointing out the glaringly obvious. FOLLOW both these awesome journalist."
"'2044215018057609382'","4/14/2026 20:43","Tweet","433","315","105","13","9","🆘SHOCKING: Was Victor Marx PROGRAMMED by the Precursor to MK ULTRA—Project Bluebird To Turning Point: The MK Ultra Connection You WEREN'T Supposed to Find.🧠🧬

We have just confirmed a terrifying detail about the upbringing of Turning Point Faith’s Victor Marx (born Vaughn Victor Kennedy). The man who raised him, his stepfather Gloyce Dean Kennedy, wasn't just in ""counterintelligence.""

Victor himself admits that his step father Gloyce was specially trained as part of PROJECT BLUEBIRD.

For the uninitiated: Project Bluebird was the precursor to Project Artichoke, which eventually evolved into the infamous MK ULTRA.

These programs were designed to create ""unwitting assets"" through extreme trauma, drug-induced states, and behavioral modification.

Dissociation & The ""First Kill"": Victor’s own accounts of his childhood under ""Mr. K"" read like a manual for creating a sleeper cell. He describes being forced to watch horrific acts and even being forced to pull the trigger on a stranger at age seven.

He learned how to completely dissociate—to split his mind—during these episodes of torture.

The Ultimate Question:How does a man who was an unofficial participant in the most notorious mind-control program in human history become the ""spiritual mentor"" tasked with welcoming the new widow, Erika Kirk, home just 48 hours after Charlie’s assassination?

Is Victor Marx a ""reformed"" man of God, or is he a high-level MK Ultra asset managing the optics of a political tragedy who is now connected to Erika Kirk and TPUSA—and did i mention he's also running for governor? 

When you understand the ""Bluebird"" history, the ""grief marketing"" and the ""retooling prayers"" take on a much more sinister meaning.

The infiltration isn't just in the pews—it’s in the programming. 🕊️🎭

MORE TO COME. We are just scratching the surface.

CREDIT: @imperfectgracej FOLLOW Her!"
"'2047824400733376581'","4/24/2026 19:45","Tweet","19970","13411","3399","576","8","🚨EXCLUSIVE: Texas State TPUSA Chapter Member Just RESIGNED & Dropped a SCATHING Resignation Letter CRITICIZING Erika Kirk and Other TPUSA Executives 👀

Mason Lemme (@LemmeReact) officially disassociated from Turning Point USA on April 10th — exactly 7 months after Charlie Kirk’s assassination.

In his letter, he exposes the massive manipulation of the Christian faith to push the “lone shooter miracle” narrative, suppress questions about the .30-06 rifle footage, and backtrack on Charlie’s original stances.
He calls out the “deeply disturbing” leaked Zoom calls, the shift to “TPUSA 2.0,” and how leadership is weaponizing Jesus to shut down anyone asking for the truth.

Direct quote from the letter:“I truly believe that there has been a massive worldwide manipulation of the Christian faith surrounding the assassination of Charlie Kirk. This strategy was used to weaponize people’s faith in Jesus against themselves in order to make people believe a specific narrative.”
TPUSA died with Charlie. 

The grift continues without him.

Drop a 🔥 if you’re done with the fake “conservative” machine. RT to make sure @ErikaKirk and the TPUSA elites see exactly what their own chapter members think of them now.

FOLLOW @LemmeReact And go watch his FULL video linked below as i left a lot out. 🔽

CC: @RealCandaceO @baroncoleman @MrsErikaKirk @AndrewKolvet @BlakeSNeff @tylerbowyer @TPUSA @AubreyLaitsch"
"'2044520458754682931'","4/15/2026 16:57","Tweet","832","496","121","44","8","🆘SHOCKING: Erika Kirk’s Best Friend DOESN'T Believe the FED-SLOP Narrative—Victor Marx REJECTS the Tyler Robinson ""Lone Wolf""Story🤯

When even Victor Marx—Erika Kirk’s closest spiritual ""mentor"" and the man who was there to comfort her hours after the assassination—refuses to swallow the fed-slop narrative, you know the ""official story"" is dead.

""Don’t believe for one instance he would be a lone actor. There’s no way."" — Victor Marx 👱‍♂️🤐

In a stunning clip that is sending shockwaves through the movement, Victor Marx—the man we’ve been tracking for his Project Bluebird past and Haiti arms connections—just admitted what we’ve been saying for seven months: Tyler Robinson did not act alone.

The ""Facts"" Over ""Speculation""Marx, who claims to be a master of ""high-risk missions,"" says he bases everything on facts. His factual conclusion? The idea of a lone gunman at UVU is impossible.

If a man with Marx’s counterintelligence pedigree says there’s ""no way"" it was a lone actor, he’s acknowledging the presence of a professional team on the ground.

Wait a minute... if Victor Marx was one of the first people at Erika’s side after the shooting, and he doesn't believe the official story, what has he been telling Erika behind closed doors?

Why is the TPUSA PR team still pushing the ""Lone Nut"" angle when their own inner circle is calling it out as fake?

The ""0.0 Percent"" Rule Strikes AgainIt is statistically impossible for this many people to all agree that the official story is a lie—unless it actually is.

The federal narrative is a house of cards, and the wind is picking up. If Tyler Robinson didn't do it, who did? 

👇 WATCH THE ADMISSION. When the people on the inside start telling you the story is fake, it’s time to stop listening to the feds and start looking at the flight logs."
"'2046369436307714295'","4/20/2026 19:24","Tweet","547","427","63","14","8","🤯BUSTED AGAIN: Erika Kirk Caught In ANOTHER Lie—Cites FAKE ""Death Threats"" to Cover Up a Humiliating High School Revolt 👀

The PR machine is completely falling apart. If you want to see what a collapsing narrative looks like in real-time, Candace Owens just brought the receipts on exactly how Erika Kirk is trying to cover up her massive unpopularity.

Here is the timeline of the latest TPUSA deception:

❌ THE LIE: On Friday, Turning Point USA abruptly canceled Erika Kirk's scheduled appearance at Pinnacle High School in Arizona. The official email sent out claimed it was due to ""serious death threats"" and that they had to prioritize her safety.

❌ THE HYPOCRISY: On that exact same day, in that exact same city, Erika miraculously felt perfectly safe to walk out on stage and open for the President at a rally. She used his crowd to pretend she had a massive following, completely abandoning the ""safety"" excuse when there was a camera and a VIP stage involved.

✅ THE TRUTH: Candace just laid out the undeniable reality. Erika didn't cancel the high school event because of threats. She canceled it because the local community completely rejected her.

Just look at the actual local and national headlines that TPUSA is trying to hide from you: 
📰 Newsweek: ""Erika Kirk's High School talk Sparks furious backlash from parents."" 

📰 Daily Beast: ""High school moves Erika Kirk event off campus after students revolt."" 

📰 Arizona Republic: ""Parents are not happy.""

The bottom line: Parents, teachers, and students organized a massive boycott and threatened legal action because they do not want her there. She does not have the authenticity or the grassroots connection that Charlie built. Instead of admitting the public is rejecting her elitist rebrand of the organization, they are fabricating ""death threats"" to play the victim.

You can't hide behind the President's rallies forever. The grassroots are waking up.

FOLLOW @RealCandaceO, RT and watch her FULL episode lined below. 👇"
"'2044930194901770632'","4/16/2026 20:05","Tweet","542","405","132","5","8","ICYMI: Ghislaine Maxwell's Father Robert Maxwell FUNDED Mitt Romney’s Bain Capital In 1984—People Around Erika Kirk ALWAYS Lead Back to the Epstein.🤯

The investigation into the events of September 10th has just collided with the darkest corners of modern history. 

We’ve been tracking the ""one-degree of separation"" for months, but tonight, Candace Owens dropped a bombshell that links the money behind American politics directly to the Maxwell-Epstein intelligence apparatus.

We are no longer just looking at a simple murder; we are looking at a Tangled Web of legacy intelligence and arms trafficking.

THE SEED MONEY: BAIN CAPITAL & ROBERT MAXWELL
Before Ghislaine Maxwell was a household name, her father—suspected Mossad asset Robert Maxwell—was pulling the strings of global finance.

The Receipt: In 1984, Mitt Romney was struggling to raise the initial $37 million for Bain Capital.

The Investor: Robert Maxwell stepped in as an early seed investor, dropping $2 million into the fund.

The Connection: Romney and Benjamin Netanyahu were colleagues at Boston Consulting Group. The ties between the Maxwell family, Israeli interests, and American private equity run deep and decades-long.

FROM ARMS TRAFFICKING TO BLACKMAIL
Why does this matter for the Charlie Kirk investigation? Because the players change, but the infrastructure remains the same.

The Origin Story: According to intelligence insiders (like Victor Ostrovsky) and former associates, Jeffrey Epstein didn't start with a ""massage"" ring. He was brought in via the Maxwells for arms trafficking during the Iran-Contra era.

The Pivot: When the intelligence community realized Epstein was more useful as a leverage tool, the arms trafficking operation evolved into the blackmail ring we know today.

THE RECURRING THEME: ONE DEGREE OF SEPARATION
Project Constitution is now officially adding an ""Epstein/Maxwell Column"" to our master spreadsheet.

We see the same names.

We see the same foreign intelligence ties.

We see the same ""coincidental"" timing.

From the IDF-linked arms deals we exposed with Victor Marx to the seed money behind the political establishment, the signal is clear: This is a protected network.

THE BOTTOM LINE:
You cannot understand the New era of Turning Point—or the mysterious circumstances of September 10th—without looking at the hands that built the machine. If the people surrounding Erika and Charlie Kirk are one degree away from the Maxwell blackmail apparatus, we aren't just looking at a ""sitcom""—we're looking at a National Security Crisis.

We are following the money. We are following the ghosts. We are finding the truth.

FOLLOW @RealCandaceO,RT and watch her FULL episode linked below."
"'2047722115869073775'","4/24/2026 12:59","Tweet","11104","6678","2298","242","7","🚨 EXPOSED: Tim Pool Accidentally LEAKED The Multi-Million Dollar Cover-Up to PROTECT Erika Kirk 👀

Tim Pool just accidentally exposed the EXACT coordinated, dark-money operation we’ve been warning you about.We’ve been saying that massive funds from networks like Yrefi, Uncensored AI, and Polymarket are being deployed to artificially protect Erika Kirk, prop up Turning Point USA’s new regime, and attack independent journalists like Candace Owens and the rest of us. Now, we have the receipts. The backend YouTube data proves it. 

According to data dropped by @Timcast , the ad term “Erika Kirk” is currently generating $18 to $20 RPMs on YouTube. To put that in perspective: standard political content right now (in the political off-season) is making a fraction of that, around $6 to $8. The term ""Erika Kirk"" is paying out at the exact same tier as high-level FINANCE channels.

Someone with extremely deep pockets is pumping literal millions of dollars into ad buys specifically targeting the term ""Erika Kirk."" When you dump that kind of money into the ad inventory, YouTube’s algorithm is FORCED to shove those videos onto the front page to fulfill the ad spend.They are financially incentivizing creators to spam positive content about her, paying shills to push a coordinated defense script via Signal and DMs, and artificially inflating her relevance.

The narrative is collapsing. We've  been relentlessly exposing the institutional reality behind Erika Kirk. Just last week, Erika canceled her high-profile appearance with VP JD Vance at the University of Georgia, claiming “serious security threats.”But the truth leaked: Secret Service sources confirmed there were NO credible threats. 

It was a cover-up for dismal ticket sales and a desperate PR move to avoid public scrutiny.Instead of admitting the truth, these establishment networks activated their bought-and-paid-for shills. They flooded the timeline. They launched coordinated attack campaigns against Candace and anyone else asking real questions about non-profit transparency and TPUSA's new leadership.

They can’t win the argument on the facts, so they are literally BUYING the algorithm to silence independent investigators and gaslight the public.We will not stop tracking these dark money operations. 

We will not stop exposing the institutional rot. 

RT this everywhere. The public has a right to know how their feeds are being manipulated. Drop a 🔥 in the replies if you are awake to the machine.

FROM: @FurkanGozukara FOLLOW HIM!"
"'2044523833428684872'","4/15/2026 17:10","Tweet","1720","1325","293","43","7","🆘VIRAL: Candace Owens CALLS OUT The Vance & Kirk LIES—Plus Victor Marx Responds👀

Candace is officially dismantling the Turning Point ""Security"" script. After the disastrous optics in Athens, Georgia, the establishment is scrambling

""The excuses that they're telling us are just so ridiculous. Can everyone stop defending these lies?"" — Candace Owens 

Candace just dropped a massive update on the Erika Kirk no-show in Athens, and she’s asking the question that the PR teams are terrified to answer: The Science of Selective Threats.

Erika Kirk pulled out of the Akins Ford Arena event claiming ""severe threats"" that made it too dangerous to attend.

The Reality Check: J.D. Vance, the Vice President of the United States, was on that same stage.

Since when is the Vice President—the literal heartbeat away from the Presidency—immune to ""severe threats"" that are supposedly too much for a non-profit CEO? 

As Candace points out, if there was a viable threat to that building, the Secret Service would have locked down the entire perimeter. The truth? Erika didn't have a security problem; she had a ticket sales problem. 📉

The Victor Marx Standoff: The plot thickens with the ""Project Bluebird"" pastor.

Victor Marx replied to Candace’s trafficking exposé. Candace replied back, inviting him to a live debate alongside whistleblower Corby Hall of FoldAR. Candace is waiting. Will the man who claims to ""retool"" souls have the courage to face the facts of 9/10 on a live mic? 

The establishment thinks the public is dumb enough to believe that a ""widow in grief"" is a bigger target than the Vice President. They are wrong. We see the patterns, we see the empty seats, and we see the 0.0 percent credibility remaining in the TPUSA front office.

👇 HIT THE LINK. @RealCandaceO is about to show you exactly how they are lying and—more importantly—WHY they are lying."
"'2044915716248277292'","4/16/2026 19:07","Tweet","1637","1229","280","22","7","BOMBSHELL: Erika Kirk Was ALREADY in Athens While Claiming a ""Threat""—JD Vance’s Plane Was Forced to CIRCLE While Erika Kirk ""CRASHED OUT"" Backstage.😱

The ""credible threat"" narrative just officially hit a wall of reality. Tonight, Candace Owens dismantled the Erika Kirk / Turning Point USA deception with a surgical precision that leaves the establishment with zero places to hide.

We aren't just talking about a disagreement; we’re talking about documented lies involving the Office of the Vice President and the United States Secret Service.

THE ""CREDIBLE THREAT"" DEBUNKED
Erika Kirk and Andrew Kolvet claimed a ""life-threatening"" situation forced her to cancel the Athens, GA rally. The Secret Service begs to differ. * The Official Word: The Secret Service leaked to CBS that there were ZERO known, actionable, or credible threats.

The Logic: If there was a threat to Erika—who was set to interview the Vice President on stage—there would be a threat to the VP. The Secret Service doesn't ""press on"" if a perimeter is compromised. They stayed. They spoke. Erika didn't.

THE RADAR DON'T LIE: A TIMELINE OF DECEIT
Project Constitution is all about the telemetry, and the flight logs tell the real story of Tuesday:

1:27 PM: Erika departs West Palm Beach.

2:40 PM: Erika lands in Athens, GA. She didn't stay in Scottsdale—SHE WAS ALREADY THERE.

3:53 PM: JD Vance’s plane begins circling North Carolina. Why? Because Erika is having a ""meltdown"" on the ground and wants to pull out.

4:34 PM: JD Vance lands at the same airport Erika is already at.

5:00 PM: TPUSA starts the event. Erika is reportedly BACKSTAGE, hiding while the crowd numbers underwhelm.

THE ""SINISTER LIE""
This wasn't a ""security concern."" This was a vanity play. When Erika saw the low ticket sales and realized she was being mocked online (shoutout to the Drewski video), she didn't just walk away—she manufactured a crisis.

""Only a specific breed of human could muster the shamelessness to abandon a commitment... and then blame the public for an 'existential threat' to her life."" — Candace Owens

THE PIVOT: TPUSA ADMITS THE GASLIGHTING
Even the Daily Mail—a TPUSA mouthpiece—is now running quotes from ""insiders"" admitting Erika was ""mental exhausted"" and ""aware of how she is coming across."" They are finally admitting what we've said all along: the ""threats"" were a cover for her own performance issues.

THE BOTTOM LINE:
Andrew Kolvet and the TPUSA leadership didn't just lie to their audience; they used the Vice President of the United States as a prop in a fake security drama. It’s not just embarrassing—it’s malevolent. The walls are closing in on the ""Project Constitution"" era of Turning Point. We have the receipts. We have the logs. We have the truth.

FOLLOW @RealCandaceO, RT and watch the full exposé on the Candace Owens Podcast linked below. 👇"
"'2048777493838979348'","4/27/2026 10:53","Tweet","1321","986","211","21","7","‼️MUST WATCH: Andrew Kolvet Goes FULL Crybaby To Ken Paxton—But Carrie Prejean Boller Shuts Him Down PERMANENTLY 👀

Andrew Kolvet is officially the ""Karen"" of the movement. After Baylor University shut down his attempt to bus in fake crowds for a low-energy event, Kolvet did the unthinkable: he tagged Texas AG Ken Paxton to bully the school. But that didn't go unnoticed....

@CarriePrejean1  completely RATIO'D Andrew Kolvet after his pathetic attempt to get Ken Paxton to retaliate against Baylor. This is the most beautiful thing of beauty you will see all day.

Carrie’s Truth Bombs:
🔥 ""Charlie was TPUSA. The second he was murdered, TPUSA was killed as well."" 

🔥 Taking over the mic is like a backstage staffer trying to replace Michael Jackson. Nobody is buying it. 

🔥 The ""Turning Point 2.0"" brand has the money, but the mission is OVER.

🔥They are playing dress-up in a movement they didn't build while shitting all over Charlie’s legacy. It’s over. 

The ""Turning Point 2.0"" mask is officially off. They’re tagging the Texas AG to bully schools because they can't get students to show up to their ""Epstein-class"" events.

Carrie Prejean Boller just ended the debate: ""What's being sold now is a replica... no soul, no authenticity, and no Charlie."" 
The mission is done. The charade is over. ⚖️🔦

From: @actingliketommy FOLLOW Him and watch his FULL video below 👇🕷️"
"'2044549247916265922'","4/15/2026 18:51","Tweet","1239","967","251","21","7","🆘MUST WATCH: Candace Owens REFUSES  to Be Lectured by the Vice President—She Just CLAPPED Back After His MASSIVE Gaslighting Last NIght With Kolvet! 🔥

The gloves are officially off. Candace Owens just lit up Vice President J.D. Vance, and she is refusing to be lectured by the ""balcony elites"" who think the American public is too ""common"" to spot a lie.

Candace just responded to Vance’s defensive performance in Athens, Georgia, where he told the public to ""mind their own business"" regarding Erika Kirk. Here is the breakdown of why his lecture failed the ""Common Sense"" test.

""Please do not lecture us, J.D. Our friends aren't in the Epstein files."" — Candace Owens 

Vance claimed that criticizing Erika Kirk is the ""most preposterous thing"" he’s seen in public life. Candace has a few items that might rank a little higher for the rest of us:

150 Iranian schoolgirls killed in a school bombing—and the subsequent cover-up.

Gas prices are through the roof while the administration focuses on opening the Strait of Hormuz (which was already open).

The President recently claiming Jesus was a ""Red Cross doctor"" and attacking the Pope for calling for peace. 🕊️🚫

The Epstein Files—Still no accountability, yet criticizing a non-profit CEO is the top priority?

The ""New CEO"" Reality: Candace isn't just ""attacking a widow."" She is criticizing the new CEO and Chairman of TPUSA—a massive organization with millions in funding.

""This is a position she did not earn. Nothing she has done warrants her being in that position.""The elite ""balcony approach""—where Erika can call the Vice President or get Secretary Scott Bessent to issue letters to stop financial investigations—is exactly why the public is revolting. 

Candace identifies the core of the issue: The establishment looks down on the crowd like animals, while the ""commoners"" (the majority) have correctly identified the nature of Erika Kirk.

We are still waiting for a story about September 10th that makes sense. We want a timeline that doesn't involve ""magical bullets"" or 90-page ""Jane Austen"" style confessions from a high-schooler.

The 911 Failure: Why did TPUSA employees rush to remove cameras within minutes of Charlie’s death instead of calling for help? 

The Advice for the VP: If you want to transform hearts and minds about Erika, stop lecturing us from the balcony. String together a coherent story that doesn't treat the public like toddlers. We have had our fill of ""Fed Slop.""

Is it ""disgraceful"" to ask for the truth, or is it disgraceful to hide behind a veil of grief to protect a deep-state infiltration?

FOLLOW @RealCandaceO, RT and watch her FULL episode linked below."
"'2044935955350503764'","4/16/2026 20:28","Tweet","937","646","143","92","7","Victor Marx REFUSES To Face His Accuser Corby Hall—Responding To Candace Owens With A Denial Of Her Invite To Appear With Him ON her Podcast🚩🏃‍♂️

The ""Preacher who claims he murdered peoeple "" has officially responded to @RealCandaceO  invitation, and the tactics are exactly what we predicted. Victor Marx has agreed to sit down with Candace—BUT only on his terms. He is flat-out refusing to share the stage with Corby Hall, the whistleblower who provided the receipts on the IDF patent deals and the Haitian arms trafficking allegations.

THE ""STABILITY"" SLANDER
In classic intelligence-style character assassination, Victor’s first move was to attempt to discredit the witness.

The Claim: Victor suggests Corby is ""not a stable reference"" and encourages us to investigate his ""challenges.""

The Reality: This is a textbook gaslighting tactic. When you can’t argue with the text messages and the telemetry, you attack the mental health of the person holding the phone.

THE CONDITIONS OF SILENCE
Victor says he’ll bring his wife, Eileen, and fly to the studio, but he wants Corby nowhere near the room.

Why the fear? If Corby’s allegations are ""dreamed up,"" as Victor claimed earlier, then why not debunk them face-to-face?

The Sniff Test: Victor knows that if Corby is in the room, he can’t pivot to ""spiritual"" excuses or vague denials. He would have to answer for the specific April 2025 messages where he pressured Corby to hand over weapon patents to a foreign defense group.

THE ""STORY"" VS. THE TRUTH
@victormarx  says he looks forward to ""sharing his story.""

Project Constitution isn't interested in a curated ""story"" or a PR tour. We are interested in cross-examination. * We want to know how an FFL dealer with IDF connections knew Charlie Kirk was dead 87 minutes before the White House.

We want to know why a ""pastor"" was transacting on behalf of foreign military interests while the domestic focus should have been on school safety.

OUR POSITION:
Candace has been clear: The door is open, but transparency requires confrontation. If Victor is as ""bold"" as he claims in his training videos, he shouldn't be afraid of a sit-down with the man who was actually there for the transactions.

You can't hide behind a ""spiritual"" shield when the questions are about Class 1 FFL logs and foreign defense contracts. Victor, the offer stands: Sit down with Corby, or admit you’re afraid of what the receipts will reveal."
"'2044552891143172447'","4/15/2026 19:06","Tweet","910","729","112","16","7","🆘THE PIVOT: Andrew Kolvet CAUGHT Moving The Ball Scrambles To FIX The Athens Lie😂

The Turning Point PR machine is shifting gears faster than a getaway car, but Candace Owens is keeping the receipts on every single pivot.

The latest flip-flop from Andrew Kolvet proves they are no longer just managing a brand—they are managing a sinking ship with ""propaganda B-roll"" and mandatory audiences.

""Andrew is commuting the story... it’s emotionally manipulative and narcissistic."" — Candace Owens 

Did you see the thunderous applause for Erika in those TPUSA clips? Candace reveals that in many cases, middle and high schoolers are being forced to attend these events as a mandatory assembly. 

""Surprise! Erika Kirk is here... they treat us like we are toddlers.""

Now that the public has seen the text alerts proving the local high school event was canceled for ""scheduling complications"" a full 24 hours before the Athens no-show, Kolvet is desperately trying to fit that into his ""threat"" puzzle.

On Charlie’s show this morning, Kolvet suddenly claimed they canceled the high school event days early because of ""increased online chatter.""

If they were ""monitoring threats for days,"" why were field reps still posting hype videos 50 minutes before the Vance event? Why was it a ""scheduling conflict"" for the parents but an ""assassination plot"" for the Fox News cameras? 

Kolvet is now blaming ""plane doxing,"" claiming they had to change itineraries and move locations.

Candace’s Reality Check: Erika flies private. People have been tracking those planes since day one. If the Secret Service is on-site at the Akins Ford Arena, what travel threat could possibly be so severe that it couldn't be alleviated?

Why is TPUSA so ""circumspect"" about these new threats, yet they completely ignore the fact that Charlie Kirk himself texted the security team days before 9/10 saying he thought he was going to be killed? 

Andrew, your job is tough, but lying to the public is tougher when the receipts are already public. We reject the ""make-believe."" We want the truth about September 10th.

WATCH THE PIVOT. Is this a security update, or a PR team realizing their first lie didn't stick?

FOLLOW @RealCandaceO, RT and watch her FULL episode linked below. 👇
10 Alternative Viral Titles:"
"'2039846959893414353'","4/2/2026 19:26","Tweet","700","507","131","4","7","🚨PART ONE: Aspen Donors BREAK Their Silence on the Allegedly FAKED Audio Of Charlie Wanting Erika Kirk To Be CEO —Charlie Kirk’s Alleged ""Death Wish"" CONTRADICTS His Entire Life’s Work🏔️🚫

Candace Owens just opened the floodgates on the ""Shady Bunch"" at TPUSA, and she’s using a new word of the day: Mythomania. It’s the pathological tendency to lie and overthink until you accidentally incriminate yourself. 

The Aspen ""Transcript"":
When Candace sat down with Erika Kirk on December 15th, she wasn't even questioning the CEO transition. She assumed it was a symbolic move for public morale. But TPUSA overthought it. Without being asked, they shoved a ""transcript"" in her face from an August donor meeting in Aspen, claiming Charlie hand-picked Erika to lead in the event of his death.

The Red Flags:
The 180-Degree Turn: Charlie Kirk built his entire platform on the idea that women should not be corporate CEOs, especially mothers of young children. Are we to believe he suddenly reversed his lifelong worldview just three weeks before he died? 

The ""Single Mother"" Narrative: 
Erika has been curating a story about her mother being a ""blueprint"" for a single-mother CEO—except Candace revealed Erika grew up with a stepfather and a present father. It’s a curated backstory for a pre-planned role.

The AmFest ""Walkout"" Audio:
This is where it gets truly bizarre. At AmFest, TPUSA played audio of Charlie allegedly appointing Erika. But there was no video.

Think about the logic:
If you have 4K video of Charlie Kirk’s final ""vision-casting"" moment where he blesses his wife as his successor, that is the most powerful PR tool in history. Why would you strip the video and only play the audio?

The ""Franken-Audio"" Analysis:
If you listen closely to the clip (which Candace did), the ending is jarring. Charlie talks about the board ""figuring it out,"" and then a clunky, out-of-place edit jumps in: ""I appoint my wife..."" It’s edited. It’s unnatural. It’s Franken-audio. 

Candace spoke to people who were at that Aspen meeting. Their response? Charlie never said that. 🚫

Was the ""CEO"" title a reward for silence? Was the audio fabricated to justify a takeover that Charlie never wanted? The ""unnecessary complexity"" is starting to look like a cover-up. 🏗️⚔️

FOLLOW @RealCandaceO, RT and watch her FULL episode linked below. 👇"
"'2044506833990136097'","4/15/2026 16:03","Tweet","669","482","166","21","7","🆘WEIRD: Andrew Kolvet’s Proximity to Missing Children Exposed—Why Was Andrew Kolvet in Kenya During a Child Abduction Crisis? 🇰🇪🤔

The ""Everyday Heroes"" charity brand isn't the only thing linking Erika Kirk's inner circle to the murky world of international ""child advocacy."" This latest find regarding TPUSA spokesperson Andrew Kolvet is deeply concerning.

We have unearthed Andrew Kolvet’s Facebook timeline, and the dates are too precise to ignore. On April 23, 2019, Kolvet checked into Nairobi, Kenya. 🇰🇪

Just weeks prior, on April 5, 2019, a three-year-old boy named Keanu John was forcibly abducted from the home of his legal guardians, Matt and Daisy Mazzincini, by unidentified assailants and a DCI official.

While the Mazzincinis were fighting to get their son back from what they described as a lawless kidnapping, Andrew Kolvet—the man currently spinning ""security threats"" for Erika Kirk—was on the ground in that very city.

Kolvet even shared a video regarding this specific abduction on his own timeline. Why the intense interest in a Kenyan child custody battle?

How many ""coincidences"" does it take to form a pattern?

Erika Kirk: Built her brand on ""Everyday Heroes,"" a suspicious kids charity in Romania amid trafficking allegations. 🇷🇴

Victor Marx: Claims to ""rescue"" children in high-risk zones while asking for 50,000 rifles for ""orphanages."" 📦🔫

Andrew Kolvet: Check-ins in Nairobi during high-profile child abductions involving ""legal guardians"" and local courts. 🇰🇪

Like the others in Erika’s orbit, the involvement in these international cases is always framed as ""charity"" or ""protection."" But as @RealCandaceO recently pointed out, it is statistically impossible for everyone in this circle to be adjacent to the trafficking and abduction industry ""by accident."" 👱‍♀️⚔️

Was Kolvet in Nairobi to ""witness"" a rescue, or was he part of the logistical machinery that moves children across borders under the guise of medical necessity and guardianship?

The ""0.0 percent"" rule applies here, too. Most people go to Kenya for a safari; Erika's team goes for the ""kids"" 🧿🚩

👇 LOOK AT THE CHECK-IN. Why was the TPUSA PR chief in the middle of a Kenyan kidnapping crisis in 2019?

Credit to @CharlotteLee_88 for bringing this story to my attention. FOLLOW Her!"
"'2044417642333638724'","4/15/2026 10:08","Tweet","610","426","140","28","7","🆘ICYMI: The Numbers DON'T Lie— Protesters  OUTNUMBERED Attendees At TPUSA Event In  Athens, GA Last Night📉🪦

It’s official: There was more energy outside the Akins Ford Arena last night than there was in the empty seats inside. I have has confirmed that the number of protesters at the Athens, Georgia event significantly outweighed the actual attendees who showed up to see J.D. Vance and the ""new CEO"" at the TPUSA event.

Erika Kirk claimed she couldn't attend because of ""serious death threats."" But the wide-angle shots tell the real story, Empty Sections, Massive blocks of seating remained completely untouched. 

The real reason she cancelled was low ticket sales

You don’t pull out of a Secret Service-protected arena because you're scared of a ""threat""—you pull out because walking onto that stage would prove your movement is hemorrhaging support. 📉

The crowd outside wasn't just there to protest the Vice President; they were there to reject the manufactured ""victimhood"" of Erika Kirk. People are waking up to the alleged trafficking connections, her many lies, and the fact that Charlie’s legacy is being sold to the highest globalist bidder.

As @RealCandaceO correctly stated last night, this wasn't a security failure—it was a ticket sales failure. People don't line up for leaders who struggle to tell the truth about 9/10, Fort Huachuca, or their own ""charity"" origins.

TPUSA thought they could force a new icon on the American public. Tonight in Athens, the public sent back a very clear message: No Thanks.

👇 WATCH THE FOOTAGE. Look at the lines outside vs. the emptiness inside. Is this a movement, or a fading PR stunt?

From: @LePapillonBlu2"
"'2048839849399009792'","4/27/2026 15:01","Tweet","599","431","109","9","7","‼️EXPOSED: Why Turning Point 2.0 is a TOTAL Hijacking of Charlie’s Legacy—TPUSA Insider Tells ALL👀

Mason Lemme just resigned from his TPUSA chapter, and he’s telling us WHY. The ""Turning Point 2.0"" transition is a total fraud, Exposes the ""diabolical"" tactics used to silence TPUSA staff after Charlie Kirk’s death. From fake Uber stories to decoy children photos, the ""Turning Point 2.0"" leadership is desperate to keep the lid on the truth.

The Highlights:

📍 The Aubrey Purging: @AubreyLaitsch  was terminated for one reason: she questioned the ""totally bogus"" Uber story and the suspicious circumstances of Charlie Kirk’s assassination. 

🚩 📍 Guilt vs. Grief: Watch the clip—Andrew Kolvet caught in a ""Freudian slip"" on Megyn Kelly, talking about ""guilt"" instead of ""grief."" Mason calls it out: ""This is all a script."" 

📍 The Fake Kids: Mason did the math. The kids in the photos Erika sent to Kolvet don't match Charlie’s actual children. Why the decoys? Why the secrecy? 

""You can’t work at Turning Point and challenge the narrative."" 

Watch the full INTERVIEW linked below and FOLLOW @LemmeReact and lets show him our support!"
"'2048839849399009792'","4/27/2026 15:01","Tweet","598","430","109","9","7","‼️EXPOSED: Why Turning Point 2.0 is a TOTAL Hijacking of Charlie’s Legacy—TPUSA Insider Tells ALL👀

Mason Lemme just resigned from his TPUSA chapter, and he’s telling us WHY. The ""Turning Point 2.0"" transition is a total fraud, Exposes the ""diabolical"" tactics used to silence TPUSA staff after Charlie Kirk’s death. From fake Uber stories to decoy children photos, the ""Turning Point 2.0"" leadership is desperate to keep the lid on the truth.

The Highlights:

📍 The Aubrey Purging: @AubreyLaitsch  was terminated for one reason: she questioned the ""totally bogus"" Uber story and the suspicious circumstances of Charlie Kirk’s assassination. 

🚩 📍 Guilt vs. Grief: Watch the clip—Andrew Kolvet caught in a ""Freudian slip"" on Megyn Kelly, talking about ""guilt"" instead of ""grief."" Mason calls it out: ""This is all a script."" 

📍 The Fake Kids: Mason did the math. The kids in the photos Erika sent to Kolvet don't match Charlie’s actual children. Why the decoys? Why the secrecy? 

""You can’t work at Turning Point and challenge the narrative."" 

Watch the full INTERVIEW linked below and FOLLOW @LemmeReact and lets show him our support!"
"'2049862145915916600'","4/30/2026 10:43","Tweet","519","370","96","15","7","😱SHOCKING: TPUSA’s “HYPE SQUAD” Scandal —Partitioning Venues, Staged Questions & Paying Kids To REACT 👀

Turning Point is officially dead, and the receipts are coming in fast. They’ve moved from organic movements to ""Hype Squads""—paid recruits who are essentially the ""laugh track"" at their events

They are now recruiting and paying people to join the ""official hype squad,"" loading them up with free swag and jerseys just to show up. 

If you’ve ever been to a live studio taping of a sitcom or a late-night show, you know they have people who prompt the crowd to laugh, clap, or cheer at specific moments. This is exactly what Turning Point is paying for.

🔘Designated Reactions: These paid recruits are strategically placed to clap, yell, and laugh at designated points to make it look like the speakers have public backing.

🔘Staged Questions: It’s not just the applause that’s fake. If you go back through the footage of their last few events (like in Georgia), the people ""randomly"" asking questions are actually their own paid Hype Squad members. The ""public engagement"" is a scripted performance. 

🔘Loading Up on Swag: They are recruiting people, loading them up with jerseys, hats, and pins, and paying them to attend just to make it look like they can draw a crowd. 

🔘The Partition Trick: They are literally partitioning off sections of venues to make the rooms look smaller so they can claim a ""packed stadium."" If you have to hide the empty seats to hide the failure, you’ve already lost. 

🔘The Attendance Lie: In Idaho, they claimed a ""massive crowd"" of 400 people. You’re at a university with 10,000 students and you can't even get 400 of them to show up organically? That is a disaster. 🏟️🚫

Charlie Kirk never had to pay people to show up. He had real support. Now, Erika Kirk is delivering nothing but a ""Big Fat L."" 

The only thing they are saving is appearances, while the movement crumbles behind the scenes. 

Don’t fall for the psyop. The crowds are fake, the questions are staged, and the ""hype"" is bought and paid for.

From: @Ryanmatta FOLLOW Him!"
"'2042798985505583346'","4/10/2026 22:56","Tweet","411","271","53","87","7","SHOCKING: Pastor James Kaddis Claims Investigating Erika Kirk Is A DEMONIC Act. —Watch Erika’s Proxy Try to Claim Were All Just JEALOUS🤡

LMAO. According to Pastor James Kaddis, if you’re asking where the TPUSA money went or why the ""official story"" of Charlie Kirk’s death keeps changing, you aren’t a seeker of truth—you’re just ""jealous."" 🤡

This clip is a goldmine because it shows exactly how the TPUSA/Biblein365 leadership uses ""spiritual gaslighting"" to avoid financial and moral accountability. By framing a legitimate investigation into murder, fraud and contradictory statements as ""demonic jealousy,"" they are attempting to insulate Erika from the consequences of her own paper trail.

Kaddis goes full proxy for Erika Kirk, claiming the investigation into her ""pathological lies"" is actually a demonic attack because she’s a ""Daughter of the King.""

THE REALITY CHECK:
The ""Jealousy"" Card: They want you to believe we hate her for ""what she has."" NO. We call her out for what she LACKS: Authenticity and Honesty. 

Lawfare & Proxies: Instead of answering the hard questions about the TPUSA fraud, Erika hides behind pastors who use the pulpit to threaten investigators with ""spiritual warfare.""

Notice how they frame a forensic investigation into their public records as being ""inspired by the Father of Lies."" It’s the ultimate shield for a pathological liar.

Erika Kirk isn’t being ""persecuted"" for her faith; she’s being EXPOSED for her inauthenticity. The ""King’s Daughter"" shouldn't need a team of proxies and lawfare threats to cover her tracks.

SOUND OFF: Is this ""spiritual discernment"" or just a desperate attempt to protect a sinking ship? 🚢⚓️"
"'2039126257745424619'","3/31/2026 19:42","Tweet","357","267","85","5","7","🚨 EXPOSED: Candace Owens Reads The ACTUAL Filing In The Tyler Robinson Case— She EXPOSES The States STRATEGY To ""RUN OUT"" The Clock On The Defense🕗⚖️

The establishment shills are out in full force right now, desperately running a massive psyop to convince you that the new Tyler Robinson court filing is a ""nothing burger."" They are lying to you.

Last night on the podcast, Candace Owens took the gloves off. She didn't just summarize the news; she went line-by-line through the actual 28-page defense filing. And what she exposed is a disgusting, immoral strategy by the state to intentionally sabotage Tyler Robinson's defense by running out the clock.

Here is what the paid shills are terrified you will find out:

THE INCONCLUSIVE BALLISTICS
Let’s establish the foundational fact the state is trying to hide: The ATF officially concluded that they cannot connect the bullet fragment found in Charlie Kirk's neck to the rifle allegedly found at the scene. It is legally ""inconclusive.""

The Feds are dirty in this case. The local police, UVU students, and SWAT insiders all know it. And because the physical science doesn't back up their manufactured ""lone gunman"" narrative, the prosecution is resorting to the dirtiest legal tricks in the book.

THE 12-TERABYTE SABOTAGE
The defense isn't asking for a 6-month delay because Tyler ""confessed"" (he hasn't—he plead NOT GUILTY). They are asking for a delay because the prosecution is intentionally hiding the evidence.

Here is the exact timeline of the state's immoral data dump, straight from the court documents:

From September to March, the defense was given 20,000 files, 61,500 pages of documents, and 700 hours of video. A massive amount of data to review.

Then, on March 12th—just two months before the scheduled May preliminary hearing—the state suddenly handed the defense a hard drive containing 12 TERABYTES of data and over 600,000 new files.

You do not drop 600,000 files on a defense team 60 days before a hearing unless your explicit strategy is to drown them so they cannot properly investigate the evidence. It would take a team of 800 paralegals working 800 hours each just to scratch the surface.

HIDING THE SCIENCE
It gets worse. The state is refusing to hand over the actual scientific data.

Since September, the defense has been begging for the raw forensic files, the metadata, the chain of custody logs, and the validation studies regarding the DNA and ballistics. Instead, the state is only handing them ""conclusory"" PDFs.

They are effectively saying: ""Here is our conclusion that Tyler is guilty. No, you are not allowed to see how we got there or if we faked the data.""

THE AUTOPSY COVER-UP
If you want absolute proof that they are stalling, look at how they handled Charlie Kirk's autopsy.

The autopsy was completed on September 16th. The state hid it from the defense until November 13th. * The autopsy photographs were taken on September 10th. The state hid them from the defense until March 18th.

Why would you hide crime scene photos from the defense for six months? Because you are terrified of what independent experts will find when they analyze them.

[THE ""GRIEVING WIDOW"" MANIPULATION]
This entire legal delay perfectly explains Erika Kirk's bizarre media tour. Remember when she went on Fox News begging for the trial to be ""rushed"" so she could put this chapter behind her?

It was a highly coordinated PR manipulation. The strategy is to use the emotional plea of the ""grieving widow"" to pressure a judge into denying the defense's request for more time, knowing full well the public will never read the court filings to see the 600,000 documents they just dumped on the defense.

They want to rush this trial because their evidence is fake, their ballistics failed, and they are terrified of what a real investigation will uncover.👀 🇺🇸

FOLLOW @RealCandaceO, RT and watch her FULL podcast below.👇"
"'2046723078235795919'","4/21/2026 18:49","Tweet","336","228","76","6","7","😱 The CHILLING Dinner Where Erika's Mom Tried to Buy a Piece of the Weapons Industry—Is Erika Kirk The New Jeffrey EPSTEIN?  👀

Candace Owens just dropped a bombshell that connects Erika Kirk and her mother, Lori Frantzve, directly to the world of specialized weapons trafficking—the exact same world where the Epstein syndicate was born.

In late 2016, while Donald Trump was campaigning, Lori Frantzve and her husband Larry Guinta were trying to get in on a very unique gun company. They weren't just interested in any firearms; they were targeting a company with a patent-pending for the only weapon in the world that features interchangeable calibers.

Think about that. A convertible weapon, a one-of-a-kind patent. And who was there to help sweeten the deal? Erika Kirk herself.

Candace describes the scene: A dinner in Scottsdale, Arizona, to discuss acquiring the patent. The selling point from Lori and Larry? ""We have access to government contracts."" And then, fashionably late, in walks Arizona's beauty queen, Erika Kirk, to ""sweeten up the potential deal."" She even allegedly hinted that she was dating a man with ""big political connections"" to make the offer more enticing.

This is the same pattern we saw with Victor Marx and the FoldAR. This is a syndicate that identifies unique, powerful weapons technology and tries to control it.

And here is the most chilling connection of all. Candace reminds us of the one fact the media desperately tries to erase: JEFFREY EPSTEIN BEGAN HIS CAREER IN WEAPONS TRAFFICKING. He was brought into the Iran-Contra scandal by Robert Maxwell. The sex and the blackmail came later. The foundation of his entire evil empire was built on the illicit trade of weapons.

Now look at the pattern with Erika Kirk. Guns. Trafficking. Sex trafficking allegations. Charities used as fronts. She is always floating around the exact same dark corners as Epstein's network.

Candace asks the question we're all thinking: When Epstein went down, are we supposed to believe his entire global network just vanished? Or did it reemerge, hiding in plain sight, perhaps in the not-for-profit world, with a new face at the front?

The evidence is mounting. Erika Kirk and her mother weren't just hawking doomsday EMP tech; they were actively trying to buy a stake in a one-of-a-kind weapon system. This isn't a coincidence. It's a continuation of a pattern.

The syndicate is still operating. And it looks like they found a new, more palatable face to front their operation.

The pattern is undeniable. Share this everywhere. The world needs to know that the network didn't die; it just changed its name. 🇺🇸⚓️

FOLLOW @RealCandaceO, RT and watch her FULL episode linked below. 👇"
"'2049637698827104437'","4/29/2026 19:51","Tweet","222","144","46","7","7","‼️EXPOSED: Candace Owens Just TORCHED Erika Kirk’s Biggest Lie Yet— Challenges Erika To Face Her Detractors HEAD ON! 👀

Erika Kirk just released a 9-minute, teleprompter-heavy monologue, and it’s officially giving ""Hillary Clinton Campaign"" energy. Candace isn’t just pulling the receipts; she’s incinerating the entire narrative.

Erika actually looked into a camera and claimed Candace Owens accused her of murdering Charlie Kirk. One problem: It never happened. 

🛑 Candace has called her a liar, a fraud, and an astroturfed CEO—all of which she’s proven—but she never made that claim.

The Desperate PR Clean-up:When the internet immediately clocked the lie, Erika’s team (Blake Neff and Andrew Kolvet) scrambled for excuses:

They claim Candace ""implied"" it by saying police should have questioned her. (Uh, yeah... that’s what happens in investigations when the stories don't line up! 

Andrew Kolvet leaked a private text from December—a clear joke between friends making fun of the media—to justify a public lie told today. Candace’s response? ""RELEASE THE WHOLE CHAIN."" She has nothing to hide. 

As Baron Coleman rightly said, being a widow isn't a ""free pass to lie and gaslight everyone you meet."" Candace is asking the questions that actually matter:

Why won't you release the video of Charlie allegedly appointing you CEO? Donors are calling it fake. 

The Surgeon Lie: Why did you lie to Candace’s face about the surgeon going ""rogue""? 

You were too ""traumatized"" for UGA, but you’re rubbing elbows with the FBI director at a DC gala for a ""social experiment""? Make it make sense. 

""You aren't smarter than the public, Erika. Stop with the scripted performances and start answering the questions meaningfully."" 

The public is tired of being gaslit. Is Erika digging her own grave with these lies? Sound off.

FOLLOW @RealCandaceO, RT and watch her FULL episode linked below.👇"
"'2046552293525352645'","4/21/2026 7:31","Tweet","94","72","18","4","7","😱Newly Released GRAMA Files from UVU reveal TWO Massive Bombshells. They Were WARNED The Day Prior & 2 Persons Impersonating Senators We're Trying To Get Info On The Security Plan For CK's EVENT. 👀

We just got our hands on 112 pages of internal communications from Utah Valley University's administration and police chief, obtained through a GRAMA records request. If you’ve been following the investigations by Candace Owens, Baron Coleman, and our team, you know the ""official"" narrative has been falling apart.

Now, we have their own internal chats—and the red flags are absolutely blinding.

Here are the MAJOR BOMBSHELLS the UVU administration was desperately trying to hide:

💣 BOMBSHELL 1: THE ""FAKE SENATORS"" AND ""THE PLAN"":
The night before the assassination (Sept 9th at 10:35 PM), panic erupted in the UVU staff chat. A staff member reported that two men claiming to be ""senators"" showed up at their offices ""asking to talk to police about a plan"". UVU staff later brushed this off, stating they were just ""GOP reps who played like they knew more than they did!"". 

Questions: Who were these unidentified men? Why were they trying to coordinate a ""plan"" with UVU police less than 24 hours before a catastrophic security failure?

💣 BOMBSHELL 2: THE INTERCEPTED WARNING: 
On September 9th, an urgent email was flagged internally stating: ""[REDACTED] he wants us to get a message to Charlie Kirk"" along with a phone number. 

Questions: Was someone trying to warn Charlie’s team? Did UVU intercept a threat and fail to pass it along to his inner circle?

💣 BOMBSHELL 3: THE 30x20 FLAG PANIC: 
In the days immediately following the shooting, the chat logs reveal a frantic, highly coordinated operation by the UVU Cabinet to hang a massive 30x20 American flag over the courtyard. They rushed it down from Logan, Utah, and bypassed normal protocols to get it installed immediately. 

Questions: Was this truly a memorial, or a desperate move to block sightlines and physically alter the crime scene to hide trajectory paths from independent investigators?

💣 BOMBSHELL 4: THE BOTCHED ALERT SYSTEM:
At the time of the shooting, UVU's automated alert system was sent out with placeholder text, reading: ""UVU Alert: Shooter in [INSERT location], avoid area"". Even in the midst of the chaos, their emergency response protocols were completely unready for the threat.

The breadcrumbs are all here. Tyler Robinson didn't bypass an entire accredited police department by himself. UVU is hiding behind ""legal exemptions"" to censor the rest of these documents because they know it completely shatters the state's narrative.

SHARE THIS EVERYWHERE. The truth is in their own files.

I will link the PDF of the files below. Credit to Daily Caller for obtaining these documents.👇"
"'2043672406057754896'","4/13/2026 8:47","Tweet","6426","4251","619","132","6","🕵️‍♂️ ASSET OR WIDOW? CIA Analyst Breaks Down the Pattern of Lies—Intelligence Assessment of Erika Kirk 🧐⚖️

Leah from @leahfiles spent my career at the CIA and advising intelligence agencies and has seen how assets are built, how they are managed, and how they are deployed. And looking at Erika Kirk, she doesn't see a grieving wife—she sees a textbook Intelligence Asset—and I AGREE

There are two types of liars: normal people who lie for self-benefit, and assets who have lives built for them. Erika’s lies aren't random; they follow a strategic pattern. 

RED FLAGS🚩
1⃣ The 24-Year-Old CIA Connection
In 2013, at just 24, Erika was the face of a documentary about Electromagnetic Pulses (EMPs) and taking down the American power grid. Her mother owns a defense contracting firm that specializes in this exact tech.

Why is a 24-year-old pageant girl with no technical background sitting down with the Director of the CIA? 

You don't get that access by ""accident."" You get it because you are incredibly well-connected and being groomed for a role. Yet, she never speaks about this today.

2⃣ The ""Divine"" Jerusalem Encounter
In May 2018, Erika claims a ""chance"" meeting with Charlie Kirk at an airport during a pilgrimage to Israel.

This screams Planned Encounter. In the biz, you ""bump into"" your target to establish a baseline relationship so the eventual ""real"" meeting feels organic.

Erika allegedly used connections like Tyler Boyer and Cabot Phillips to learn everything about Charlie—his faith, his triggers, his ""ideal woman""—and then played that role to perfection. 🎭

3⃣ The ""Nonprofit"" Interview
At 29, living in NYC, Erika flies to Arizona to interview for a ""nonprofit"" job (TPUSA) while supposedly holding two degrees (which investigators are now proving is likely a lie). She then flies back to NYC and gets a real estate license.

What she does and what she says never add up. That is the definition of living a ""legend"" (a fake background created for an operative).

🧐 Who is the Mastermind?
If you look at the epicenter of Superfeat Technologies, the Israeli connections, and the TPUSA takeover, Erika isn't the one pulling the strings.

The real player sits in the middle: Her Mother. 🕵️‍♀️

Erika is the face, the role-player, and the integrated asset. She integrated herself through Cabot and Boyer to reach her target: Charlie Kirk. She learned who she needed to be, and she executed.

This isn't a love story; it's an operation. ""She’s not the mastermind... but she plays the role.""

What do you think? Is Erika a ""providential"" wife, or was she deployed to steer CHARLIE from the inside? Sound off below. 👇

From: @leahfiles FOLLOW Her!"
"'2040807236482564177'","4/5/2026 11:02","Tweet","4104","2775","1035","79","6","🚨 EXPOSED: Erika Kirk Caught RIGGING THE Q & A Event At GW University This Week - Student Says 3 Of Out The Person's Were PLANTED And Questions Were STAGED!😱

If you needed any more proof that Erika Kirk has completely abandoned the principles Charlie Kirk built his life on, here is the smoking gun.

A student who just attended the Turning Point USA event at GW University featuring Erika Kirk and Karoline Leavitt just did an interview blowing the whistle on the entire operation. According to the students on the ground, the ""Free Speech"" event was a carefully orchestrated, heavily censored theater production.

According to the student in the clip:

The ""Plants"": At least 3 out of the 4 people who got to ask questions during the Q&A were literally affiliated with the event/organization. They were planted there.

Not Even Students: Half of the people hand-picked to ask questions weren't even actual GW students!

The Cut-Off: The organizers rigged the line so their ""plants"" could ask soft-ball, pro-administration questions. Then, the absolute second an actual student with a dissenting opinion stepped up to the mic, they magically ""ran out of time"" and shut the entire thing down. Because they can’t handle the heat.

This student said it best: He respected Charlie because Charlie actually valued freedom of speech and talked to people who disagreed with him. This new regime is just creating a safe space bubble to protect themselves from real questions—like, perhaps, questions about the investigation into Charlie's death?

Charlie Kirk built his entire legacy on the ""Prove Me Wrong"" table. He was fearless. He wanted to debate the other side, and he never backed down from a tough question from a hostile student.

The ""New"" TPUSA? They are terrified of unscripted moments.

The students are waking up. The movement sees right through the facade.

Watch the clip for yourself. What happened to the fearless TPUSA we used to know? 👇

From: @CalltoActivism FOLLOW Them!"
"'2045965562090815548'","4/19/2026 16:39","Tweet","3115","1745","864","106","6","PREMEDITATED: The Chief Rabbi's Letter Is. The Smoking Gun That ""They"" Killed Him—DATED 8 DAYS BEFORE THE ASSASSINATION 👀

The ""official narrative"" just hit a brick wall. We have been tracking the ""fedslop"" for 7 months, but this document—posted by the Israel Heritage Foundation (IHF)—is the ultimate smoking gun.

Look at the date. Look at the facts.

The Evidence:A formal letter of condolence from David Yosef, the Chief Rabbi of Israel, addressed to the family of Charlie Kirk.
The Date on the Letter: September 2, 2025.

The Day of the Murder: September 10, 2025.

The Chief Rabbi of Israel was mourning Charlie Kirk EIGHT DAYS before he was assassinated at UVU.

How does the highest rabbinical authority in Israel send a letter regarding the ""vile and cruel murder"" of a man who was still alive and well? This isn't a typo; this is a pre-written script that was released too early.

The Jerusalem Connection: We’ve been talking about the ""Handler Theory"" and Erika Kirk’s ties to high-level Israeli interests for months. This letter proves that the ""event"" at UVU was known and finalized in Jerusalem well before it happened.

The Fact-Check Panic: The fact-checkers are already going into overdrive to call this a ""clerical error."" But in the world of high-level diplomacy and Chief Rabbis, you don't ""accidentally"" date a murder condolence letter 8 days early.

They had the condolences ready before the ""Single Sniper"" even took his position on the roof.

They’ve been feeding us a story while they’ve been following a timeline. If they knew he was going to be ""murdered"" on September 2nd, then the UVU event wasn 't a tragedy—it was an execution by appointment.
We were all right. The truth is coming from the archives they forgot to scrub.

Watch the dates. Trust the data. The ""grassroots"" mask is gone. 🇺🇸⚖️

Credit: @RT_com FOLLOW Them!"
"'2041894550176710805'","4/8/2026 11:02","Tweet","2735","2129","528","78","6","🚨EXPOSED: Deleted Video Of Erika Kirk’s Admitting Her Relationships Are ""Transactional""— Erika Admits She Was the ""Neck"" Moving the Head""😱

Patriotic Housewife just went live to react to my latest Calvary Confessions thread, and she didn't hold back. We are exposing a side of Erika Kirk that she desperately tried to scrub from the internet: an hour-long deleted video from 2021 that reveals the ""grieving widow"" is actually a cold, calculated operative.

🎭 THE ""UPGRADE"" & THE ACTRESS
Erika has spent years playing the humble, submissive wife. But this footage from the Good Things Women’s Convention tells a different story.

The Social Climb: Right out of the gate, Erika jokes about ""upgrading"" her name to Kirk. Not a biblical union—a career move.

The Transactional Mindset: On a hot mic, Erika fully leans into her transactional nature, describing her philosophy on relationships as: ""Hey, nice to meet you, but what can you do for me?""

The ""Silver Screen"" Slip-up: She’s always claimed she never wanted fame, but on this hot mic, she admits her LA relationships were about one thing: getting on the silver screen. Marrying Charlie wasn't a romance; it was the ultimate acting gig to secure her social status.

""She doesn't describe a biblical union, she describes a calculated social climb... she was a Hollywood-obsessed aspiring actress looking for her big break.

⛓️ THE HANDLER CONFESSION
This is the part that should make every TPUSA supporter’s skin crawl. Erika literally admits to being the ""neck"" that moves the ""head.""

The Quote: ""The man is the head, but the woman is the neck, and the neck can make the head move whatever way she wants.""

The Panic: Watch her body language in the clip. The second she says it, she stammers and tries to backpedal, claiming it’s ""not manipulative.""

The Reality: Erika wasn't a wife; she was a handler. She was pulling the strings behind the scenes the entire time.

🧊 COLD AS ICE
As Patriotic Housewife points out, where is the empathy? Where is the grief? Since the ""Big Bang"" at UVU, Erika hasn't skipped a beat. She didn't fall into this role; she was on the sidelines waiting for the ""tap in.""

""You don't go from sitting at home cooking and cleaning all day to jumping into this with such devotion and excitement... she was waiting for this."" — Patriotic Housewife

❓ THE FINAL QUESTION
If Charlie was the ""wise husband"" she describes, how did he end up in a marriage with a woman who describes their relationship as transactional? If the ""neck"" moves the ""head,"" did she move him right into that trap at UVU?

We know it wasn't Tyler Robinson. We know the ""stairwell man"" has the wrong earlobes. And now we know the woman running the show was an aspiring actress who viewed her husband as an ""upgrade.""

Is Erika a grieving widow or the ultimate ""Jezebel"" operative? Let us know your names for her in the comments. 👇

Go FOLLOW @Perezvnicole (Patriotic Housewife) and Watch her FULL video reacting to the other 3 clips. Link is below in the comments."
"'2044226772904837552'","4/14/2026 21:30","Tweet","953","662","223","68","6","🆘SELF-ADMITTED BASKETCASE: Victor Marx Reveals His History of Suicide Risks and Psych Drugs 💊📉

If you think the ""MK Ultra"" connections were a stretch, listen to Victor Marx in his own words on the @ShawnRyan762 podcast. The man running for Governor of Colorado and acting as Erika Kirk's spiritual ""mentor"" just admitted to being a total psychological basketcase. 💊🧠

Victor admits he was on a rotating cycle of the most powerful psychotropic drugs known to man:
Lithium, Prozac, Zoloft, Depakote, Buspar... the list goes on.

He was undergoing ""intensives""—123 psychologist visits in just nine months.

:The VA officially classified him as an ""Ultra Rapid Cycler"" Bipolar 2—meaning he was swinging between extremes twice a day. He admits he was the ""highest risk for suicide"" and describes a chilling moment putting a pistol in his own mouth before being hospitalized.

How is someone this unstable—someone who admits to homicidal and suicidal tendencies and a lifetime of heavy psych-medication—tasked with ""protecting"" children or mentoring a high-profile widow like Erika Kirk?

Is Victor Marx a ""healed"" man, or is he a functionally managed asset?

Why is Turning Point Faith platforming an ""Ultra Rapid Cycler"" with a history of extreme instability as a ""General"" for the Lord?

Between the Project Bluebird upbringing and this admitted history of heavy drug intervention, Victor Marx looks less like a pastor and more like a high-level experiment that is currently ""spiraling"" in the public eye.

The infiltration isn't just in the politics... it's in the pharmaceuticals. 🧪🧿

FOLLOW @ShawnRyan762 and watch his FULL episode linkied below.  Does this sound like a man who should be running a state, or a man who needs a permanent exit from the spotlight?👇"
"'2039474440669417957'","4/1/2026 18:46","Tweet","527","359","164","4","6","🚨 EXPOSED: The 50-YEAR PACT Between BiBi Netanyahu And Mitt Romeny The Establishment's ""RIDE OR DIE"" Syndicate 🧐

The media wants you looking in every direction except up. They want you focused on patsys, fabricated text messages, and lone gunmen. But if you want to understand the true architecture behind the Charlie Kirk assassination and the broader deep state cover-up, you have to look at the people pulling the strings.

Tonight on the podcast, Candace Owens just blew the lid off one of the most powerful, unspoken alliances in global politics.

We need to talk about a friendship. Not a casual political acquaintance—a 50-year, blood-oath alliance.

THE 1976 BOSTON CONNECTION:
Let’s take a trip back to 1976. Long before the public knew their names, two young corporate advisors were recruited to work together on the 16th floor of the Boston Consulting Group.

Those two men? Mitt Romney and Benjamin ""Bibi"" Netanyahu.

For nearly half a century, these two have operated in lockstep. The New York Times even bragged back in 2012 that they ""speak in shorthand"" and share a ""profoundly analytical view of the world."" They are the definition of ""ride or die.""

But as Candace chillingly pointed out tonight: When it comes to this specific syndicate, you need to put a heavy emphasis on the word DIE.

TYING IT TO THE TIMELINE
Why does this 50-year bromance matter right now? Let’s connect the dots the establishment is praying you ignore.

Remember July 13th? The day Tucker Carlson stood on stage and publicly questioned Benjamin Netanyahu, the Epstein financial files, and the origins of establishment money. It was the moment the populist right officially declared war on the untouchable uniparty syndicate.

We already know that in the immediate aftermath of that speech, the decision was made to eliminate Charlie Kirk.

Is it just a coincidence that Mitt Romney—the ultimate establishment GOP insider—is lifelong best friends with the very foreign leader who was in the crosshairs of the America First movement right before Charlie was taken out?

THE UNIPARTY ARCHITECTURE:
You cannot separate domestic cover-ups from foreign nexuses. When the FBI refuses to investigate the foreign ties to Charlie’s assassination, and Kash Patel shuts down inquiries into a foreign hit squad, you have to look at who is protecting who.

Romney and Netanyahu represent the exact same establishment machine. They are the old guard. They are the money. They are the power structure that Charlie Kirk was actively dismantling by mobilizing a new generation of conservative voters who refuse to bow to the military-industrial complex and the foreign war machine.

The puzzle pieces are snapping together. The same people who colluded to hijack the country in the 1970s are the same people trying to bury the truth about September 10th.

They thought they could sweep this under the rug. They thought you wouldn't notice. They were wrong. Share this everywhere. 🇺🇸

FOLLOW @RealCandaceO, RT and watch her FULL episode linked below. 👇"
"'2046352062821117988'","4/20/2026 18:15","Tweet","458","327","100","7","6","THEY LIED TO US FROM DAY ONE: Candace Owens Exposes the ""Hospital Cover-Up"" in the Charlie Kirk Case 😳

Remember when the official narrative first dropped? We were all told by ""insiders"" that the .30-06 sniper round caused catastrophic damage. We were told Charlie's neck was essentially obliterated.

It was a MASSIVE LIE.

On her podcast tonight, Candace Owens just dropped another nuke. She confirmed that people making calls from inside the hospital on the day of the assassination were intentionally spreading false information to her and others. They claimed Charlie ""basically had no neck left.""

The truth? Outside of the specific wound itself, his neck was entirely intact and in very good shape.

Why would they lie about the injuries from the very beginning? Because the real physical damage didn't match the story they needed to tell. As Tyler Robinson’s own grandfather pointed out: That is NOT what a .30-06 does. A high-powered rifle round like that causes devastating, undeniable exit-wound trauma. What Charlie suffered does not align with the state's ballistics narrative—it aligns with the localized explosive device theory we've been tracking from the start.

Now, the entire state case is freezing up. The prosecution is desperately trying to stall the upcoming probable cause hearing set for May because they refuse to hand over the necessary evidence to the defense.

They can't hand over the evidence because the evidence contradicts their carefully planted lies. The cover-up started in the hospital room, and it's falling apart in the courtroom.

FOLLOW @RealCandaceO, RT and Watch her full episode linked below. 👇"
"'2044557657109909728'","4/15/2026 19:25","Tweet","395","315","75","5","6","🆘ON THE HOOK: CANDACE Reels In Victor Marx Like a Trophy Bass On The Line—Plus Why Did Victor Marx Announce Charlie’s Death First? 🤔

The Victor Marx saga just leveled up, and Candace Owens is just reeling him in—the fact that Marx allegedly announced Charlie Kirk's death before anyone else and then deleted it is the red flag of the century. 

""I want to reel him in... it feels to me like a whole military operation."" — Candace Owens 🎙️🎣

Candace just dropped Part 3 of the Victor Marx exposé,  focused squarely on the inconsistencies in his ""pastor"" persona.

After Victor Marx posted a ""weird"" video removing his glasses and telling Candace he was ""praying for her,"" Candace didn't just accept the invite—she set the terms.

Candace has officially invited Corby Hall of FoldAR to join the debate. Corby is 100% game to face Marx and present the evidence of the Haiti arms request and the cult-like ""retooling"" prayers.

Despite Marx publicly asking to come on the show, Candace revealed that her private messages to set a date have gone unanswered. Is the ""tough Marine"" suddenly ducking the manufacturer who has the receipts? 

Candace highlighted a chilling detail that our community has been tracking: Victor Marx was allegedly the first person to announce Charlie Kirk’s death on September 10th. * Why did he have that information first?

Why did he delete the post immediately after?

Candace isn't buying the ""pastor"" label, noting that Marx doesn't even appear to have a church. She questioned the proximity of his operations to military bases and the problematic history of Calvary Chapel.

""It feels to me like a whole military operation... we have done our due diligence on Calvary Chapel as a whole."" 

Between the ""sex trafficking supplements"" and the daughter’s retracted abuse allegations, Candace says the Spidey sense is screaming. She’s ready to reel him in and get the truth about his relationship with Turning Point USA and the September 10th timeline.

The ball is in Victor's court. Will he show up to face Corby Hall, or will he stay in the ""Alrighty Then"" shadows? Does Victor Marx sound like a man of God, or a managed asset with a ""checkered background""?

FOLLOW @RealCandaceO, RT and watch her FULL episode linked below. 👇"
"'2039530896936636874'","4/1/2026 22:30","Tweet","372","277","82","13","6","🚨EXPOSED:  Candace Owens REACTS To TPUSA'S New ""Legacy Society"" Grift— Their Plan To BILK You Out Of Your ENTIRE Life Fortune And 401K.

Candace Owens Just Reacted To The Post I Made last week exposing Turning Point's new SHAMEFUL grift targeting the elderly to  join their new ""Legacy Society"" And Sign Over Their Entire Life Saving And 401K. 

 We also showed you how they put Erika Kirk on the cover in her sparkly suit with pyrotechnics while using Charlie's image inside to guilt-trip people into signing over their life savings. Just when you think they can't go any lower they keep shocking us. I really think they've lost their minds.

Now, Candace Owens has confirmed everything.

Her reaction says it all: ""Who uses a photo of a grieving widow walking out on stage in her sparkle suit to a show of fireworks in a direct mail plea for more donations?"" She calls it ""very strange"" and ""not normal.""

But it gets worse. Candace reveals that within 48 hours of Charlie's assassination, TPUSA was already blasting out text messages from Erika saying, ""Hi, I'm Erica and for Charlie's legacy, please give.""

Candace's final, powerful words confirm the soulless nature of this operation: ""The IQ... to switch the gears so quickly into how can we fund raise off of this? It's just... dishonorable. It's what it is. It's dishonorable.""

There it is. It's not just a grift; it's a dishonorable, shameless cash grab on the corpse of a friend. They turned his funeral into a marketing opportunity and his death into a fundraising campaign within two days.

This is the syndicate. This is the reality of what TPUSA has become. They are frauds profiting off a tragedy while hunting down the journalists trying to expose the truth.

Candace Owens called it ""dishonorable."" Do you agree? Share this to expose the grift to everyone. 🇺🇸

FOLLOW @RealCandaceO and watch her FULL episode linked below. 👇"
"'2044255679418913243'","4/14/2026 23:25","Tweet","294","172","64","36","6","🆘GASLIGHTING 101: J.D. Vance DEFENDS Erika Kirk—She REALLY Is A griving Widow🤣

This latest defense from Vice President J.D. Vance is exactly the kind of gaslighting the American public has come to expect from the establishment. While Vance claims we are ""lying"" about Erika Kirk, he conveniently ignores the mountain of evidence we’ve presented.

""They’re lying about her... it’s one of the most disgraceful things I’ve ever seen."" — J.D. Vance tonight in Oregon. 👱‍♂️🏛️

Really, J.D.? You want to talk about ""disgraceful""? Let’s talk about the facts. Since you’re so certain we’re lying, let’s go down the list of what we’ve actually called out.

The ""Lies"" We’ve Exposed:

Fort Huachuca: Were we lying about her being at Fort Huachuca on September 8th—just two days before Charlie’s death? Were you with her then, J.D.? Or were you the one on that SAM 000 plane? ✈️🌵

The CEO Fraud: Were we lying about her faking the audio of Charlie supposedly appointing her as CEO ""if anything happened""? Why hasn't the original, unedited clip ever been released?

The Inner Circle: Were we lying about every single person in her orbit—from Victor Marx to her Romanian ""charity"" associates—being connected to trafficking or high-level arms deals? 📦⛓️

The Legacy Betrayal: Were we lying about her immediately taking money from the same donors who were pressuring Charlie—the ones he turned down because they wanted to warp his ""America First"" mission into a globalist war machine?

The Alibi Question: Vance says he was there ""holding her hand"" as they loaded Charlie's body on Air Force Two.
Well, my question for you, J.D., is: where is your alibi for September 8th and 9th? Were you also involved in the ""security"" meetings at Fort Huachuca?

The Truth: You can try to spin this as ""disgraceful attacks"" all you want, but the public sees Erika Kirk for exactly what she is: a fame-thirsty opportunist who is doing everything in her power to DESTROY Charlie's legacy, not protect it. She is inauthentic, disingenuous, and surrounded by the very deep-state assets Charlie warned us about.

Just stop, bro. The American people are awake, and we aren't buying the ""grieving widow"" act anymore—not when it comes with a $2 million valuation and a seat at the table with the people who wanted him gone.

👇 WATCH THE CLIP. Is Vance protecting a widow, or is he protecting an asset?

@RealCandaceO @candaceoshow"
"'2049983568760234355'","4/30/2026 18:45","Tweet","265","184","58","8","6","‼️BREAKING: Harpole’s 69-Page Suit Just Triggered Discovery Armageddon for TPUSA! 👀

Brian Harpole just filed a massive 69-page defamation lawsuit against Candace Owens and Mitch Snow in the Middle District of Tennessee—and it is the biggest mistake they could have ever made. 📉🔥

They think they’re playing offense, but they just opened the door to FULL DISCOVERY. 🔓📂

Why this is a MASSIVE win for the truth:

Total Transparency: Since Harpole is claiming his reputation was ruined over the investigation into Charlie Kirk’s assassination, his entire professional life is now subject to discovery.

The Receipts: We are talking about access to ALL of Harpole’s communications with Erika Kirk and Turning Point USA. No more secrets, no more ""private"" messages—it’s all coming to light. 📧📱

What Really Happened? We are finally going to get to the bottom of the security failures, the timelines, and the communications from that day at UVU. By suing, Harpole has legally obligated himself to turn over the evidence we’ve been asking for months.

The Counts:

Defamation Per Se: Claiming the Fort Huachuca story was ""actual malice.""

Conspiracy to Defame: Alleging a ""deliberate agreement"" between Candace and Mitch Snow.

Vicarious Liability: Trying to go after Candace’s entire media apparatus.

The Bottom Line: This wasn't a power move—it was the nail in the coffin for Turning Point. They just gave us the legal authority to dig through their internal files. They wanted to silence the investigation, but they just fast-tracked it. 🏛️💣

""You want to talk about 'malice'? Let’s talk about the truth that’s about to come out in those depositions."" 🗣️💯

Get ready, guys. The discovery phase is about to be the biggest win Project Constitution has ever seen. Go Max! 🚀🙌

👇 Do you think Harpole realized he just gave us access to all his records, or did TPUSA’s legal team just hand us the win? Sound off!"
"'2044563205146743068'","4/15/2026 19:47","Tweet","209","141","49","5","6","🆘EXPOSED: Candace Owens Just Revealed ANOTHER Turning Point Employee Involved In Trafficking—Why is TPUSA Partnering with Accused Traffickers?😳

The Turning Point USA infiltration isn't just a theory anymore—it’s a data set. Candace Owens just revealed that her inbox is flooded with current and former TPUSA employees, volunteers, and even people interviewing for jobs specifically to act as moles for the investigation.

Candace just dropped a live-edited ""Connecting Themes"" spreadsheet that maps out a staggering web of trafficking, military psyops, and ""charitable"" cover stories surrounding Erika Kirk’s orbit.

""They are finding employees and partners in a manner that is... unique."" — Candace Owens

The New Player: Meet TPUSA’s Senior Productions Director, Marcus Wada. According to insiders, Wada allegedly openly discusses a past involved in arms trafficking in Poland. 

The ""Find God"" Pattern: Like so many in this circle, the trafficking history is washed away with a ""testimony.""

The Brother: Candace uncovered a relative running a consulting firm that ""consults"" in human trafficking, money laundering, and firearms.

The Question: How do you ""consult"" in trafficking? Candace’s Spidey senses are screaming: ""I didn't know you could consult in those things. I thought the website was made up.""

The spreadsheet is getting too long to ignore. Look at the names Candace just linked:

Greg Laurie & Harvest Church: Currently accused of trafficking children from Romania. 🇷🇴⛪

Paul Vallely: The TPUSA advisor and retired Army General who co-wrote books with Michael Aquino, the Satanist founder of the Temple of Set. 

Erika Kirk in China: Candace is demanding answers about Erika’s time in Chongqing, where she allegedly worked with trafficking victims but remains ""tight-lipped"" about which charity was involved. 

The Buckmans: TPUSA’s #1 donors, extensively involved in ""rescue"" charities (Texas Angels, Austin Angels) with a backstory that Candace finds increasingly ""ridiculous."" 

The Infiltration is FailingFrom Fort Huachuca sex abuse rings to the Romanian Angels charity ban, the common denominator in every single one of these ""charitable"" operations is proximity to Erika Kirk and Turning Point USA.

As Candace noted, people are so loyal to Charlie Kirk’s original vision that they are willing to infiltrate the organization just to leak the truth to her. The ""0.0 percent"" credibility era is here.

Why does every road in the ""new"" Turning Point lead back to trafficking ""consultants,"" arms dealers, and psyop generals?

FOLLOW @RealCandaceO, RT and watch her FULL episode linked below. 👇"
"'2044114111475130537'","4/14/2026 14:02","Tweet","100","77","18","5","6","🆘SHE'S A THIEF: Erika Kirk's 2007 ""EVERYDAY HERO'S"" Brand Exposed—AIA Student Of The Year Finalist?

The ""grooming"" of a public persona doesn't happen overnight—it takes decades.  2007 records from the Arizona Interscholastic Association (AIA) that reveal exactly how the establishment began crafting the ""Erika Frantzve"" narrative nearly 20 years ago.

Long before she was a Kirk, Erika was being positioned as a ""Student of the Year Finalist"" at Notre Dame Preparatory. But look at the details in the bio:
The DC Invitation: Even as a high schooler, she was already being ""invited to Washington, D.C."" to speak. Who was funding these trips for a teenager?

The Non-Profit Launch: She allegedly created her own non-profit, Everyday Heroes Like You, while still in high school. For a brand that claims to help ""underprivileged children,"" why does it always seem to serve as a launchpad for her own media career?

The Stolen Legacy: Perhaps the most alarming discovery is that this 2007 AIA award is where Erika stole the name for her future operations. She took the ""Everyday Heroes"" branding—originally a high school project—and repurposed it years later for her controversial charity work in Romania. This wasn't a fresh humanitarian vision; it was a recycled label used to provide a ""saintly"" cover for her movement into international circles and her eventual involvement with Charlie Kirk.

The Irony: She claims to be a ""hero"" for underprivileged children, yet her Romanian charity has been dogged by allegations of trafficking and ""grooming"" behaviors that were recently exposed on her own Instagram. She has consistently used ""youth advocacy"" as the front for her ascent into elite circles. The script for Erika Kirk back in 2007 was written by the same handlers who managed her Today.

The truth is in the timeline. From Scottsdale prep schools to the national stage, the ""hero"" narrative was the first mask she ever put on.

👇 VIEW THE SCREENSHOTS. Does this look like an organic student achievement, or the early stages of an elite asset rollout?"
"'2044209653957931383'","4/14/2026 20:22","Tweet","96","65","23","8","6","🆘EXPOSED: Why Does Every Erika Kirk Ally Have a ""Trafficking"" Background—Candace Owens Exposes the ""Impossible"" Trafficking Links in TPUSA 👱‍♀️⚔️

Today Candace is taking no prisoners as she peels back yet another layer of the dark circles surrounding Erika Kirk. 

Candace just dropped a bombshell, asking the question the mainstream media is too afraid to touch: How is it statistically possible that everyone Erika Kirk partners with through Turning Point Faith has a direct connection to illegal ""trafficking""?

Candace points out that these figures always claim to be ""rescuing"" people charitably, but the recurring allegations suggest something much more ""problematic.""

Candace is officially calling out a new pastor—a ""dear friend"" of Erika’s—with a checkered past that includes ""brain damage"" and extensive lying—Victor Marx.

The Romania Connection Re-Ignited: Candace specifically cited the Harvest Church / Greg Laurie lawsuits, where the church is accused of trafficking people from Romania—the exact location where Erika’s own ""Everyday Heroes"" charity was banned amid similar allegations. 

""It’s just incredible how this keeps happening to the very 'godly' woman that Charlie married. Isn't it just so weird?""

In a direct shot at the ""perfect victim"" narrative, Candace noted that in her own life, exactly ""0.0 Percent of My Friends"" are surrounded by people accused of trafficking arms or children. She suggests that the Turning Point USA fold has become a ""welcome mat"" for characters with questionable histories.

The ""Battle Bun"" doesn't lie. Candace is mapping out a world where ""high-risk missions"" and ""charitable rescues"" are being used as the perfect cover for something far more sinister.

Is the ""Turning Point"" movement a spiritual awakening, or a logistical hub for the very industry it claims to fight?

FOLLOW @RealCandaceO, RT and watch her FULL Episode linked below. 👇"
"'2047417611172843924'","4/23/2026 16:49","Tweet","8577","5470","1764","271","5","NEWSMAX WAKES UP:  Rob O'Neill and General Hall QUESTION the FED-SLOP Narrative In Charlie Kirk Investigation 👀

A bombshell segment on Newsmax today has completely dismantled the FBI's official story regarding the assassination of Charlie Kirk. Two elite military experts—including a Navy SEAL Team 6 sniper—have come forward to call the government’s 30.06 narrative a flat-out lie.

💥 ""It Looks Like an Explosion""
Rob O’Neill, the man who killed bin Laden, and General Hall didn't hold back. They analyzed the ballistics and the visual evidence, concluding that the physics simply don’t match the official report:

The ""Explosion"" Theory: O’Neill stated, ""I’ve never seen a shirt move like that. That looks like an explosion to me."" Both experts agreed that something exploded on Kirk rather than a standard 30.06 rifle shot.

Ballistic Reality: O'Neill, a master sniper, pointed out that if a 30.06 round hit a human spine at that range, the damage would be far more catastrophic than what was seen. He dismissed the FBI’s ""hit the spine"" theory as ""garbage"".

The ""Magic"" Screwdriver: The experts mocked the idea that the alleged shooter, Tyler Robinson, took a rifle apart, got it on a roof, reassembled it with a screwdriver that didn't even work, jumped off the roof, and then went to a steakhouse like nothing happened.

🕵️‍♂️ Mainstream Media Finally Asking Real Questions
For the first time, we are seeing the mainstream media break the silence on the ""shady"" behavior at the scene:

SD Card Security: O’Neill noted that instead of performing first aid on Kirk, teams were more concerned with removing SIM cards and cameras to ""clean up"" the scene immediately.

The Zach Koreshi Mystery: General Hall raised the alarm about Zach Koreshi, noting that the FBI claimed they had ""their guy"" only to retract it 90 minutes later—precious time that a real killer could have used to flee.

📉 The Erika Kirk Factor
The experts were also highly critical of Erika Kirk, pointing out the bizarre ""razzle dazzle"" of her quick forgiveness for the alleged shooter:

Selective Forgiveness: They noted that while Erika was ""really quick to forgive"" the man the FBI labeled as the killer, she and the organization have been ruthless toward Candace Owens for simply asking questions.

Technical Admission: O’Neill argued that by forgiving him so fast, she was technically confirming the FBI’s narrative before the facts were even in.

⚖️ The Verdict
The General’s final word was a chilling warning to the Justice Department: ""They know that we know better."" From the impossible logistics of the roof to the ""shady"" cleanup, the military community is standing with Project Constitution.

Mainstream media is waking up. The truth is inevitable. Keep going, Newsmax! 🇺🇸⚖️

From: @jamiburns45 FOLLOW Them!"
"'2047239553178636754'","4/23/2026 5:02","Tweet","7619","5470","1733","155","5","🚨BREAKING: Turning Point UGA Chapter PRESIDENT Caroline Mattox Just RESIGNED—Citing  ""Internal Treatment And Subsequent PUBLIC LIES"" Told By TPUSA Executives 👀

Turning Point USA has officially collapsed after a disastrous event at the University of Georgia on April 14, 2026. In a blistering public statement, UGA Chapter President Caroline Mattox announced her resignation, calling out the organization for ""blatant dishonesty"" and straying from the original mission of its founder, the late Charlie Kirk.

In her resignation, Mattox did not hold back, stating that the organization's current trajectory no longer aligns with the principles of truth it was built upon:

On TPUSA's Mission: ""It became abundantly clear to me following our event on April 14th that TPUSA's mission and purpose have been lost along the way"". —Caroline Mattox

""Charlie spent his life fighting for truth, and I do not believe he would stand for the blatant dishonesty now being spread by the organization that he built"". —Caroline Mattox

The Final Stand: Mattox concluded by citing Charlie Kirk's own words: ""Stand for what is right, even if you stand alone"".

📉 The Truth Behind the ""Cancellation""
Executives claimed Erika received ""serious threats,"" but the reality is much more embarrassing:

Low Interest: Internal teams knew for weeks that ticket sales were abysmal and interest was ""little to none.""

The PR Lie: Andrew Kolvet told the public the Left was ""buying up reservations"" to sabotage the event. Actually, the arena was just empty.

Erika Was There: Despite the ""security risk,"" Erika was already in Georgia, sitting on a federally cleared pathway. She simply refused to take the stage to avoid being seen with a sparse crowd.

🛡️ Secret Service Debunk
The most damning evidence? The U.S. Secret Service took the unusual step of issuing a statement confirming there was NO credible threat against Kirk that night. If there had been a viable threat, Vice President JD Vance would never have been allowed to take the stage—but he did.

The receipts are in: Turning Point didn't just lose a chapter president—they lost their credibility. 💥

FOLLOW: @RealCandaceO for more..."
"'2040743754961670374'","4/5/2026 6:50","Tweet","6612","4639","1833","140","5","🚨BOMBSHELL: The ASSASSINATION Plane From Sept 10th Is Back—EGYPTIAN Military Aircraft SU-BTT Just TOUCHED Down in Kansas 🛬👀

We have new development with the Egyptian military planes guys. Get ready for all the paid shills to come out attacking me again. One of the mystery planes owned by the Egyptian Government (SU-BTT) that dropped off members of the Egyptian military in Provo, UT on September 10th just touched down in the Kansas, and it's up to us to find out why.

They want you to believe it's all a coincidence. They want you to think foreign military planes just take scenic tours of the United States. But you already know we don't believe in coincidences. We believe in flight logs, and the flight logs are immutable.

Lest you forgot, let me refresh your memory on the Egyptian planes timeline, 

Months ago, Candace Owens didn’t just stumble onto a theory; she laid out a roadmap. She exposed a clandestine operation right under our noses: Egyptian military-owned aircraft were systematically tracking Turning Point Faith events across this country. They weren't here for diplomatic handshakes. They were shadowing domestic political targets. They were running surveillance on the movement.

The crown jewel of this phantom fleet: a Dassault Falcon 7X, tail number SU-BTT, operated by the Egyptian Government.

On September 10, 2025—the day Charlie Kirk was assassinated in broad daylight at Utah Valley University—where was SU-BTT? It was sitting on the tarmac in Provo, Utah. The data shows it dropped off a plane full of Egyptian military soldiers just miles from UVU. You don't drop a foreign military unit into a domestic college town on the day of a high-profile assassination by accident. That is a staging area. That is an assassination team.

This aircraft operates on a specific pattern: it flies into Paris, France, for what can only be described as secret, high-level government meetings. Paris is the dead drop. It's the neutral ground where the shadow brokers meet, shake hands, finalize the ledger, and clear the manifest before making the jump across the Atlantic.

Which brings us to right now. This plane SU-BTT is back in the United States. Flight radar has caught SU-BTT making a nearly 10-hour haul from Paris (LBG) straight into Wichita, Kansas (ICT). Why Wichita? Ask yourself what Wichita is known for. It is the aerospace and defense manufacturing capital of the world. It is the backyard of the military-industrial complex.

What is an Egyptian Air Force plane doing in Kansas? What ""special cargo"" are they picking up? Or more importantly... who are they meeting? Are the same architects who drew up the blueprints for the UVU tragedy, sitting in a hanger in the Midwest right now?

They can ignore us, they can call us crazy, but they cannot erase the flight radar. I have the receipts. I've laid them on the table. Now, what is the government going to do about it?  RT to blow this up.🏛️⚖️"
"'2040935316618350992'","4/5/2026 19:31","Tweet","2832","2053","636","143","5","🚨 UNEARTHED VIDEO: Buried 2025 Clip Where Erika Kirk Accidentally Confessed The Infiltration Of TPUSA —3 Massive BOMBSHELLS Revealed😱

A buried clip from the 2025 Woman's Bloom conference in Orange County has just surfaced, and it is an absolute BOMBSHELL.

Erika Kirk was on stage, clearly feeling comfortable, and decided to give the audience a longer, ""intimate"" version of how she and Charlie met. She thought she was telling a rom-com fairy tale. In reality, her mask slipped, and she accidentally handed us the exact receipts we’ve been searching for to prove her infiltration of TPUSA.

She dropped three massive slip-ups in this one clip. Let’s look at the evidence she just provided against herself.

💣 Bombshell #1: The Israel ""Mission""
Erika flat-out admits that she took a trip to Israel in May with one specific goal: ""My whole intention of that trip was to find my future husband."" She admits to seeing Charlie at the airport ticket line there. Fast forward to August, and she’s standing in his office. This wasn't an organic meeting; it was a targeted operation. She had a mission, and she executed it.

💣 Bombshell #2: The Tyler Bowyer Timeline Lie
In this unearthed clip, Erika states twice that she was invited to the Turning Point USA office opening by a ""mutual family friend"" who worked for Charlie.

We all know who that ""family friend"" is: Tyler Bowyer. But here is the problem—Erika has previously claimed on the record that she met Tyler at a 2015 Trump rally. So which is it? Did you meet him at a rally, or was he a long-time ""family friend"" who brokered your entry into TPUSA headquarters? You just caught yourself in a massive lie. The timeline is fractured. The players knew each other long before they claim they did.

💣 Bombshell #3: The Hamptons ""Uncle"" and The Mob Ties
This is the darkest part of the clip. Erika casually mentions that when Charlie DM’d her to meet up in NYC, she was staying in the Hamptons with ""one of my uncles.""

My question is: What Uncle would that be, Erika? Uncle Allen Rothstein?

Let’s connect the dots. Allen Rothstein is the father of Nicole Rothstein—Erika’s claimed cousin and former NYC roommate during her brief stint in real estate. Allen is a key figure linked to Windhaven Real Estate and faces a mountain of allegations regarding fraud schemes, questionable securities, casino-related dealings, and a lavish lifestyle with highly suspicious income sources.

And the Rothstein name isn't just a coincidence. It is historically tied to the organized crime networks of the ""Jewish Mafia"" (tracing back to figures like Prohibition-era kingpin Arnold Rothstein). Candace Owens has been warning us for months about this family’s ongoing shady ties to real estate fraud and mob-like networks.

🧩 The Grift Unveiled
Look at the picture this unearthed video paints: A woman goes to Israel hunting for a powerful husband. She uses a ""family friend"" (Tyler Bowyer) to infiltrate TPUSA. Then, while lounging at the Hamptons estate of an ""uncle"" tied to massive fraud and organized crime, she sets the hook on Charlie Kirk.

She thought she was sharing a sweet story. She actually just confessed to the setup.

Watch the clip before they try to scrub it from the internet. The truth is unraveling. 👇"
"'2044514955764941207'","4/15/2026 16:35","Tweet","2264","1640","588","36","5","🆘BUSTED: Pics Surface Of Lori Frantzve At The U.S. Embassy Opening In Jerusalem In 2018—Evidence Erika’s Mother Was Tracking Charlie? 🇮🇱🕵️‍♀️

The establishment wants you to believe that Erika and Charlie’s meeting was a ""God thing."" But the more we look at the May 14, 2018 U.S. Embassy opening in Jerusalem, the more it looks like a calculated deep-state operation to install a handler.  We’ve uncovered photos from the dedication ceremony (the same event Candace and Charlie attended together) that place Erika's mother, Lori Frantzve, directly in the mix.

Zoom in on the top right of the crowd shots. That is undeniably Lori Frantzve at the new embassy opening—the same Lori who has been a CIA contractor for over a decade.

The Instagram Trail: Erika herself posted ""In Hebron Post Embassy Move"" on that exact day. They weren't just tourists; they were positioned.

The ""Ticket Line"" Lie: Erika claims she just ""bumped into"" Charlie in a ticket line and recognized him.

The Fact Check: Charlie wasn’t even a household name in 2018. Why would this random girl recognize him in a crowd in Israel?

The Third Time’s the Charm: We know they tried to put Erika in Charlie’s path at least three times before they finally ""hooked up"" at Bob's Burgers. This wasn't a romance; it was a recruitment.

If Lori Frantzve and Erika were already embedded in the circles surrounding the embassy move and high-level international figures (even appearing in photos referenced on Bibi’s X account), it proves they were high-level assets long before Charlie was assassinated.  Erika wasn't sent to be a wife; she was sent to be a handler. Charlie was targeted in Jerusalem, managed in Phoenix, and betrayed at UVU. You can’t change my mind. The ""Everyday Hero"" was a deep-state project from day one.

LOOK AT THE ZOOM. Why was Erika’s mother at the most secure diplomatic event of 2018 at the exact same time as Charlie?

Huge shoutout to @Mini_Metzie for her incredible research, finding this needle in a haystack. FOLLOW Her!"
"'2039503075535139318'","4/1/2026 20:39","Tweet","2219","1605","583","31","5","🚨BOMBSHELL: The Deep State is ""Freaking Out"": Candace Owens Implicates SEARS in Paying CIA Operatives! 😱

 The deep state is ""freaking out"" right now because she is revealing the hidden financial network funding the CIA's operations connected to BYU. You will not believe who she says is involved.

The latest name to emerge from her investigation? Sears.

Yes, that Sears. Candace states she has received proof that the Sears company is implicated in paying CIA operators connected to the very BYU-Jerusalem pipeline she exposed. This isn't speculation; she says, ""you can take all this information to the bank.""

This revelation exposes a deeply buried infrastructure. It suggests that a major American corporation was potentially used as a financial front to funnel money to CIA assets, all while maintaining a veneer of normalcy. It's a classic deep state tactic: hiding in plain sight.

Candace says that since she named the CIA's alleged recruiting front, ""Metro One Talent,"" and now Sears, people inside the deep state are panicking. She is pulling back the curtain on the money trail.

She connects this back to the 2012 Romney campaign, when figures like Andrew Zenger and other key players were stationed in Jerusalem, being vetted and initiated into this network. The question now is: Was this corporate money flowing to support the political operation as well?

This is how the machine works. It's not just about government agencies. It's a tangled web of corporations, political dynasties (like the Romneys), and intelligence operatives, all working together.

The fact that Candace is taking a week off specifically for deep research on this tells you how massive this story is. They are connecting the dots between a retail giant, the CIA, a major university, and a presidential assassination attempt.

Why would Sears be involved in paying CIA operatives? This is the question that has the deep state terrified. What do you think this means? 

FOLLOW @RealCandaceO, RT and watch her FULL episode linked down below.👇"
"'2048746425782026381'","4/27/2026 8:49","Tweet","1699","1234","245","39","5","‼️EXCLUSIVE: TPUSA Whistleblower EXPOSES ""Disgusting"" Behavior of Erika Kirk on Internal TPUSA Calls Following Charlie’s PUBLIC Execution 👀

Mason Lemme doesn't hold back in our latest interview. He exposes the ""disingenuous"" and ""disgusting"" behavior of Erika Kirk on internal TPUSA calls following Charlie’s public execution—and the footage is sickening. 🤢

The Red Flags:📍 
6 Days Later: Erika is smiling about ""cute"" Zoom emojis while her husband's assassination is being called the most gruesome in history. 

📍 No Tears: Dabbing her eyes with a tissue but not a single tear in sight. Mason calls it exactly what it is: a bad performance. 

📍 ""He's Dead"": 11 days after the shooting, she tells staff, ""I’m not trying to be morbid, but he’s dead,"" before immediately bragging about merch sales and hat orders. 

This isn't grief—it’s manipulation. Turning Point 2.0 isn't a legacy; it's a ""completely different direction"" that points straight to Israel. 

Watch the full INTERVIEW linked below. The truth is in the tone. 👇

Follow @LemmeReact and lets give him our support!"
"'2046330260359119273'","4/20/2026 16:48","Tweet","1479","892","388","17","5","😱MAJOR COVER-UP EXPOSED: The Media is Hiding the Biggest ""Coincidence"" in the Charlie Kirk Assassination at UVU 👀

They want you to believe the tragedy at Utah Valley University was just a random security failure. But the math isn't mathing. I’ve just uncovered historical documents from UVU (formerly UVSC) that the mainstream media is completely ignoring.

In 1995, the ""Center for Jewish Studies"" was established right there on the UVU campus. If you look at the board of directors for this center, one name stands out in black and white: Jack Solomon. Not only was he a major player on this board, a trustee for Hebrew University, and a co-founder of an Israeli armored corps museum, but he is also ERIKA KIRK’S UNCLE (married to her Aunt Karla Frantzve).

Let that sink in. Out of the thousands of college campuses across the United States, Charlie Kirk was assassinated at the EXACT SAME institution where his wife's uncle had deep, institutional ties and board-level influence.

Is it really just a coincidence that this highly coordinated event happened on the exact turf where Solomon's network was established? 

The media is obsessed with talking about ""bullets that don't match,"" but they refuse to follow the names, the money, and the institutional footprints right under their noses. We aren't dealing in theories; we are dealing in documented facts and historical records. We need a real, independent investigation into these UVU ties immediately. 
There is no such thing as a coincidence this massive.

👇 Look at the receipts for yourself. 

Credit: @Uncommonsince76, @Shayna2342 FOLLOW Them both!"
"'2042543464882061485'","4/10/2026 6:01","Tweet","1176","677","156","88","5","🚨 EXCLUSIVE: The New TPUSA Is Everything Charlie Kirk Fought AGAINST— Full Video Of The STANDOFF At TPUSA HQ That No One Was Supposed To See🤯

Many of you have asked for it, so here it is.  Here is the FULL video from @ZeeToTheHill where she and her @unfamericatour took the fight straight to the front doors of the Turning Point USA National Headquarters in Phoenix to find out why they are trying to silence free speech on the Arizona State campus—the very thing Charlie Kirk fought for.

What started as a standoff with security turned into an explosive, unscripted confrontation with the ""Inner Circle"" itself. Blake Neff, Jack Posobiec, and Andrew Kolvet actually came out to the sidewalk to face them.

🧊 THE HIGHLIGHTS THEY DON’T WANT YOU TO SEE:
The ""Appointment"" Wall: Security tried to tell them that even if they showed up with $5,000 cash to donate, they wouldn’t be allowed in to ask where the money goes without an ""online appointment."" The headquarters has become a fortress.

The ASU Mystery: They pressed Blake Neff on why they their event at ASU was mysteriously canceled. He claimed Erika Kirk ""has no idea"" why it happened, despite her publicly attacking their organization just days prior.

The Double Standard: When the topic shifted to debating liberal streamer Destiny (@TheOmniLiberal), the TPUSA team tried to pivot, claiming they couldn't engage with someone who ""justifies violence."" They fired back immediately, correcting the record that Destiny never condoned violence—and then they dropped the hammer: How can TPUSA unconditionally support Donald Trump while he’s out attacking Gold Star families and celebrating the death of Robert Mueller, yet claim there’s ""no room"" for civil discourse with them? The hypocrisy was deafening.

The Hostile Takeover: Zee and her crew looked them in the eye and told them—this isn't the TPUSA Charlie built. It’s been hijacked by a leadership that is more interested in protecting their image than protecting the First Amendment.

🧩 THE ""WE ARE CHARLIE KIRK"" REVELATION
In a moment of pure sacrilege to them, Zee's crew revealed their branded shirts and lighter: ""WE ARE CHARLIE KIRK."" Jack Posobiec called it ""sacrilege,"" but they made it clear—they are the ones carrying the flame of actual civil discourse. They weren't there to be ""polite"" to a machine that silences free speech and does everything they can to shut down counter-protest.

TPUSA does not represent America First anymore. They represent the War Machine.  They claim to honor Charlie's legacy of open discourse, but the absolute second someone challenges them, they try to use their connections to get their event cancelled.  

FOLLOW: @ZeeToTheHill and the @unfamericatour for updates as they are planning a massive lawsuit against ASU and potentially TPUSA if they find proof they were involved.

Watch the full video. Decide for yourself. Who is actually standing up for Charlie’s legacy, and who is just protecting the payroll? 👇"
"'2044187734949146637'","4/14/2026 18:55","Tweet","1058","873","168","17","5","🆘 EXPOSED: Candace Owens Exposes the New Child Trafficking Pastor in Turning Point Faith—Plus It's A Battle Bun day So You Know She Means War! 😱

Watch out—Candace is on the warpath. Today is a Battle Bun day, and she is taking no prisoners as she peels back yet another layer of the dark circles surrounding Erika Kirk. 👱‍♀️⚔️

Candace just dropped a bombshell on her podcast, asking the question we’ve all been thinking: How is it statistically possible that everyone Erika Kirk brings into the TPUSA / Turning Point Faith fold has a connection to the ""trafficking rescue"" industry but she does NOT?

These figures always claim to be the ""saviors,"" but the patterns are becoming ""increasingly problematic.""

Candace has unearthed a story involving another pastor—someone Erika is ""very close with""—and the details are set to leave your jaw on the floor.

""Life is Not That Complicated""In a direct shot at Erika’s public persona, Candace didn't hold back:

""Erika just cannot keep dancing adjacent to allegations of trafficking her entire life... especially for someone who constantly discusses her deep relationship with the Lord.""

If Erika is the bridge between these high-level pastors and the political movement, what does that say about the ""Faith"" arm of the organization? Is it a mission for Christ, or is it a cover for an industry that thrives on the very darkness it claims to fight?

Candace is right—the ""coincidences"" have officially run out. From Romania to Scottsdale to these TPUSA-affiliated pastors, the common denominator is always the same.

👇 WATCH THE CLIP. Is this the final ""Turning Point"" for Erika Kirk? Comment below if you have info on the pastor Candace is referencing!

FOLLOW @RealCandaceO, RT and watch her FULL podcast below. 👇"
"'2043738116565963262'","4/13/2026 13:08","Tweet","989","675","299","15","5","🆘THE PSY-OP ARCHITECTS: The Frantzve Family’s Behavioral Engineered Roots —The Disturbing Link Between Dr Jerri Frantzve's Research And Erika Kirk's Rise!🔍🧠

If you thought Lori Frantzve’s alleged NSA links were deep, wait until you see the academic framework behind the bloodline. 🧬

A newly uncovered 1991 research paper, ""Integrity Tests: An Overview,"" co-authored by Dr. Jerri L. Frantzve, proves that the family’s expertise in psychological manipulation and ""vetting"" goes back decades. This isn't just a family of defense contractors; it's a family of behavioral architects who literally wrote the book on how to analyze and ""vouch"" for a person's character.

🕵️‍♂️ The ""Integrity"" Framework
Dr. Jerri Frantzve’s work focused on the science of screening and analyzing honesty and reliability in individuals. In the world of intelligence, this is exactly the kind of expertise needed to ""build"" an asset.

They understand the psychological triggers of ""honesty.""

They know how to create a persona that can pass any vetting process.

They have the academic tools to construct a ""legend"" that looks beyond reproach.

🏫 The Tesseract Connection
The investigation into Erika Kirk’s past reveals that Dr. Jerri Frantzve was a key figure at the Tesseract School—the elite private institution Erika attended.

The Allegation: I am alleging that this school served as more than just an educational institution; it was a testing ground where behavioral experts could shape and ""engineer"" future leaders under the guise of gifted education.

The Goal: By integrating these behavioral tactics early on, the Frantzve family could ensure that Erika’s eventually ""chance"" meeting with Charlie Kirk would be seen as organic and ""providential,"" rather than the calculated operation it appears to be.

🎭 Building the ""Legend""
When you combine a mother (Lori) listed in NSA ""DOX"" files with an aunt (Jerri) who specialized in behavioral integrity, the public image of Erika Kirk begins to look like a finished intelligence product.

The Engineered Persona: I believe they didn't just raise a daughter; they engineered a persona designed to target and infiltrate the MAGA movement.

The Calculated Lie: The ""single mother"" struggle story was a strategic narrative used to gain trust, while the reality involved a well-connected family with deep roots in psychological vetting and defense contracting.

""This family doesn't have a history; they have a series of psychological operations.""

This 1991 paper is the receipt. It proves they’ve had the psychological tools to manipulate ""integrity"" for over 30 years. Erika Kirk isn't just a widow; she is the result of a multi-generational Frantzve project.

Is she a grieving wife, or the most successful behavioral experiment in political history? The truth is in the psychology. 👇"
"'2044243826567491990'","4/14/2026 22:38","Tweet","773","563","149","18","5","🆘EXPOSED: Erika Kirk Blames ""Security"" for Disastrously Low Ticket Sales at Gill Coliseum 📉🚩

The footage doesn't lie, but apparently, the TPUSA does. Erika Kirk just pulled out of her high-profile appearance alongside Vice President J.D. Vance tonight at the Gill Coliseum in Corvallis, Oregon.

While the official line is ""security concerns"" due to alleged doxing, the reality is visible to anyone with eyes. 🚩

Take a look at this video from inside the Coliseum. They expected to fill the home of the Beavers; instead, they got an echo chamber. The arena is practically empty. You can’t ""dox"" someone whop has private security, let alone she was well protected speaking at a massive, ticketed political event with the Vice President—She literally would of been protected by the Secret Service. 

@RealCandaceO isn't buying the ""threat"" narrative either, and she just put Erika on absolute blast:

""Stop. This is exhausting. You pulled out because of bad ticket sales... People don’t believe you and don’t line up for you because you struggle to tell the truth about even the most basic facts.""

As Candace pointed out, the Secret Service handles the Vice President's security. If there were a ""viable threat"" to the stage in Corvallis, the Vice President wouldn't have been allowed to step foot in that building. Erika’s private ""security team"" doesn't outrank the literal protectors of the Executive Branch.

Where is the Proof? The public is still waiting for the most basic evidence of her legitimacy:

Where is the video of Charlie supposedly appointing her as CEO weeks before his death?

Why is Turning Point Faith ""rescheduling"" summits and events so quietly?

The truth is, the public is waking up. They don't liek her and see her as completely disingenuous. They see her pattern of lies and the ""grief marketing"" for what it is. 

You can hire the most expensive PR team in the world, but you can’t buy the trust of a public that has finally developed a spirit of discernment.

👇 WATCH THE FOOTAGE. Does that look like a ""security threat"" to you, or just a lot of empty chairs in Oregon tonight?
Video From: @EricSpracklen"
"'2044943783914045600'","4/16/2026 20:59","Tweet","750","552","184","14","5","Tyler Robinson's DEFENSE Team Files New Motion For CONTEMPT After Officials Continue To Talk PUBLICLY About The Case—In Violation Of Gag Order ⚖️

We've just obtained a new explosive new 16-page motion filed by Tyler Robinson’s legal team. The defense is officially asking the Court to hold Utah County Attorney Jeffrey S. Gray and Deputy County Attorney Chris Ballard in Contempt of Court.

The establishment is playing a dangerous game with the right to a fair trial, and we have the receipts on their ""contemptuous public relations campaign"".

THE VIOLATIONS: PROSECUTORS AS ""ORACLES""
Despite a strict Pre-Trial Publicity Order issued back in September 2025 (and amended in December), the defense alleges the prosecution has been on a calculated media tour to slant the case.

On March 31, 2026, Chris Ballard spoke to TMZ, claiming the State has ""ample evidence to demonstrate beyond a reasonable doubt that Tyler Robinson committed this murder"".

Ballard then appeared on Fox News, USA Today, and Politifact to ""explain away"" the inconclusive ATF ballistics report.

The motion argues that publicly declaring they have enough evidence for a conviction is the functional equivalent of stating the defendant is ""guilty""—a direct violation of Rule 3.6 of the Rules of Professional Conduct.

THE PRECEDE: THE LEAVITT ROADMAP

The defense is using a ""shockingly similar"" case from Utah County—Leavitt v. Office of Professional Conduct—as a roadmap for sanctions. In that case, an elected prosecutor was disqualified from a capital case for making authoritative, prejudicial statements to the press.

The State tried to ""erect a firewall"" around their communications with the media, objecting to Robinson’s request for their internal emails and call logs. The defense is now asking the Court to COMPEL the production of:

1⃣ All written statements to media entities since March 26, 2026.
2⃣ Internal communications discussing the drafting and approving of these public statements.+1

THE BOTTOM LINE:

The prosecution knows the ATF report was ""inconclusive"" regarding the bullet fragments. Instead of letting the evidence speak in court, they took to the airwaves to poison the jury pool.

If the government can’t follow its own court orders, how can we trust them with the ""integrity of the court system""? Tyler Robinson's team is calling for a ""Show Cause"" hearing to hold these prosecutors accountable.

Special Thanks to @aburkhartlaw for providing the documents."
"'2044739706349347158'","4/16/2026 7:28","Tweet","691","458","211","22","5","🆘EXPOSED:  ATF Report Released In New Defense MOTION In Tyler Robinson Case —Proof The FBI is DESPERATE to Destroy their PLANTED Evidence 👀

The ""Magic Bullet"" narrative just took a catastrophic hit, and the Feds are scrambling to literally destroy the evidence before anyone can look closer.

We already know the official timeline is built on manufactured evidence. We caught them with the mathematically impossible 7:57 PM Discord confession. We caught them passing off AI-enhanced stairwell photos. We caught them lying about the 9:00 AM doorbell camera timeline thanks to Baron Coleman’s shadow analysis.

Now, we have obtained a new legal motion from Tyler Robinson’s defense team regarding the alleged bullet fragment pulled from Charlie Kirk’s body, and the level of federal fuckery is breathtaking.

Let’s break down exactly why they are lying to you and why this document actually destroys their entire narrative and how the Feds are scrambling to literally destroy the evidence before anyone can look closer.

1⃣ The State claims Charlie Kirk was killed by a .30-06 round from a Mauser rifle. But the newly revealed ATF lab report from September 17, 2025, destroys that theory entirely. Calling a fragment "".30-caliber class"" is completely generic. 

Calling a fragment "".30-caliber class"" is completely generic. The ATF explicitly wrote: ""Firearms that produce general rifling characteristics similar to those observed on the Exhibit 6A bullet jacket fragment include numerous makes and models.""

It doesn't prove it came from Tyler's rifle. It proves the fragment is a planted prop designed to roughly match the narrative of the gun they are framing the patsy with, without ever providing a definitive ""Source Identification.""

2⃣ The ATF Admits It’s a Bust: The ATF examined the deformed bullet jacket fragment (Exhibit 6A) recovered from the autopsy. Their official conclusion? Inconclusive.

The fragment could not be identified or excluded as having been fired from the Exhibit 1 Mauser rifle.

The rifling characteristics observed on the fragment match ""numerous makes and models"" of firearms.

There was neither sufficient agreement nor sufficient disagreement of individual characteristics to link it to the weapon.

3⃣ Because the ATF report is exculpatory, the State is now moving the fragment to the FBI lab for Virtual Comparison Microscopy (VCM). But here is the insane part: the FBI examiner admitted the fragment is ""fragile"". To scan it, the FBI claims it may be necessary to use pliers or similar gripping tools to fold back portions of the jacket.

The FBI noted that when they received the fragment from the ATF, a small portion was already detached, implying the ATF already bent and altered the evidence.

The FBI admitted that using pliers could leave marks and that it is possible additional pieces of the fragment may inadvertently become detached.

4⃣ Tyler Robinson's defense team naturally asked to have their own expert present for this highly destructive process, or at the very least, to have the FBI videotape the examination. The FBI's response? Absolutely not. Their policies do not allow a defense examiner to be present or for the examination to be videotaped.

The Reality Check 🧨
Why is the FBI so desperate to take a pair of pliers to a fragile piece of evidence behind closed doors without any cameras rolling? Because they know the fragment doesn't match the rifle.

As we have extensively documented, the physics of the wound channel and the lack of a massive exit wound strongly suggest Charlie wasn't hit with a .30-06 bullet at all. The evidence points to a PETN explosive that detonated under his shirt and propelled into his neck.

If Charlie was killed by a planted explosive device, then this ""fragment"" was staged. And now, the FBI is using the guise of ""forensic testing"" to permanently alter and destroy the fragment with pliers before an independent defense expert can examine it.

They are manufacturing the crime scene right in front of us.

👇 SHARE THIS EVERYWHERE. Demand that the FBI drop the pliers and allow independent testing."
"'2044933751319171416'","4/16/2026 20:19","Tweet","635","539","86","10","5","Candace Owens DEBUNKS The Fed-Slop Lies Regarding The Just Released Inconclusive ATF Report—Plus She Reveals Her Fed ASSET Theory ⚖️🔎

The mainstream media is trying to spin the newly released ATF summary as a ""slam dunk,"" but once you strip away the alarmist headlines, the establishment’s case against Tyler Robinson is full of holes. 

Tonight, Candace Owens exposed the ""funny business"" behind the forensics and pointed the finger at the individual who might actually be holding the smoking gun.

THE ""INCONCLUSIVE"" BOMBSHELL
The media wants you to focus on the gun, but they’re ignoring the most important part of the ATF report: The ballistics don't match.

The Reality: The ATF could NOT conclusively identify the bullet fragments from Charlie Kirk’s autopsy as having been fired from the rifle found on the roof.

The ""Inconclusive"" Dodge: ""Inconclusive"" is federal-speak for ""this doesn't fit our narrative."" If the science was clear, they’d be shouting it from the rooftops. Instead, they’re pivoting to ""microscopic comparison""—a tactic reminiscent of the same FBI ""magic bullet"" theories used to cover up the truth after JFK.

THE CANINE DISCREPANCY: WHERE’S THE RESIDUE?
Here is a fact the prosecution can’t explain away: Bomb dogs and canines did NOT detect recent gun residue on that weapon.

Gunshot residue (GSR) can be detected for days after a weapon is fired.

If that rifle was the murder weapon used on September 10th, the dogs would have alerted. They didn't.

Her Theory: The gun was likely planted. It was Tyler’s gun, it had his prints—but it wasn't fired that day. It was dropped off to frame the narrative.

LANCE TWIGGS: THE FEDERAL ASSET IN THE ROOM?
We have to talk about the roommate. Lance Twiggs. * Twiggs was the one who ""discovered"" the incriminating letter.

Twiggs was the one feeding text messages to the FBI immediately after the shooting.

Twiggs’ behavior is consistent with a federal asset. As the roommate, he had total access to Tyler’s rifle and casings. Was he the one who dropped the ""cold"" gun on that roof to ensure the ""manhunt"" ended with the desired target?

THE BOTTOM LINE: A POLITICAL REMOVAL
Charlie Kirk was more than a commentator; he was a barrier to the war machine and a thorn in the side of the globalist agenda regarding Iran.

The government knows they don't have a case, which is why they’re falling back on ""new"" microscopic tests and media slop. They want to make the evidence fit the suspect because the truth—that this was a coordinated hit with local and foreign involvement—is too dangerous for the public to know.

The cover-up is falling apart. We are watching the watchers.

FOLLOW @RealCandaceO, RT and watch her FULL episode linked below. 👇"
"'2042281982470602977'","4/9/2026 12:42","Tweet","602","418","135","49","5","🚨SHOCKING: Photo Surfaces of Erika Kirk From 2010 Miss Colorado PAGEANT— What Are the Odds the Future AG and Erika Kirk Shared the SAME Stage?👑💅 

Look at what just surfaced. We’ve unearthed a rare photo from the 2010 Miss Colorado USA Beauty Pageant (held in late 2009), and the faces in this lineup are a ""who’s who"" of players.

Take a close look at the women standing on that stage:

Erika Frantzve (Right, in Blue): Long before she was the Fake ""Grieving Widow"" or the CEO of Turning Point, she was an aspiring actress and pageant contestant. 

Remember her own words in the Calvary Confessions tapes? She called marrying Charlie an ""upgrade."" This photo shows exactly what she was upgrading from—a life spent chasing the ""silver screen"" spotlight.

Lindsey Halligan (Left, in White/Gold): Standing just feet away from Erika is none other than the current Attorney General for the Eastern District of Virginia. In a twist of fate, Halligan actually beat Erika in this pageant, placing fourth while Erika trailed behind her.

🎰 COINCIDENCE OR CAREER PLANNING?
What are the odds that two women competing for a crown in Colorado in 2009 would end up in politics at the same time?

One became the ""Neck"" that moved the ""Head"" of the TPUSA empire.

The other became a top-tier legal powerhouse in the state of Virgina.

Erika Kirk’s demeanor has always felt like a performance. This photo is a reminder that she is a trained competitor who knows how to work a stage, wear a mask, and play for the win.

When she says her relationships in LA were about ""what you can do for me,"" she isn't kidding. She’s been in the game of social climbing and public image since at least 2009.

The Trad Wife ""Illusion"" is unraveling. Was this pageant the training ground for the ultimate ""hostile takeover""? Let us know what you think of this blast from the past in the comments. 👇"
"'2047744271021682917'","4/24/2026 14:27","Tweet","524","361","61","31","5","Drag Queens Raise $20,000 for ACLU While Absolutely Destroying Erika Kirk & TPUSA — It Was Savage 👀

You guys have to see this clip. A parody DRAG event in Brooklyn just raised $20,000 for the ACLU, and they spent the entire night absolutely torching Erika Kirk, Melania, and the rest of the out-of-touch establishment.

Honestly? It is hilarious.

They had a performer named Lauren Bacall step out as the ""chief executive of Turning Point USA"" and do a completely exaggerated dramatization of Erika Kirk’s speaking style. They nailed it. They brought out a Candace Owens impersonator to add to the absolute chaos of the circus. And the Melania lip-sync about Santa's night vision goggles? Absolute gold. The crowd went wild.

While the TPUSA establishment is busy flying around on $100,000 Gulfstream private jets, hiding behind fake security threats, and spending millions of dark money to buy the YouTube algorithm, they are getting relentlessly mocked and parodied by drag queens in New York.

These pseudo-royalty elites think they are completely untouchable, but the reality is they are becoming a total laughingstock.

Watch the clip. Say what you want about the event or the ACLU, but watching these grifters and elitists get publicly roasted like this is exactly the kind of humbling they deserve. Even the C.O bit was pretty funny. 

Drop a 😂 in the replies if you are loving this as much as I am, and RT to make sure the TPUSA sees exactly what the public actually thinks of them!"
"'2046727286896926752'","4/21/2026 19:06","Tweet","516","407","78","8","5","😱Liars Like Blake Neff Need REALLY GOOD Memories—Candace Owens vs. Blake Neff 👀

Tonight, Candace Owens dismantled the latest attempt by Blake Neff to gaslight the public. In a masterclass of ""receipt-keeping,"" Candace exposed how Turning Point and the FBI are struggling to keep their stories straight as the crowd-sourced investigation closes in.

1. The ""Gun"" Lie Exposed 
Blake Neff tried to call Candace ""dishonest"" for saying the media claimed Tyler Robinson’s parents recognized a family heirloom gun on the news.

Candace pulled the receipts—Daily Mail and MSN headlines explicitly stated the father recognized a family heirloom in media reports.

These reports came directly from the ""sloppy"" federal charging documents and text messages where Tyler says, ""My dad wants photos of the rifle... Grandpa wants to know who has what."" * The Reality: Blake and the feds are tripping over their own narrative. As Candace says, “If you’re going to be a liar, you better have a good memory.”

2. The ""Aspen Audio"" Silence 
While Blake is busy nitpicking headlines, he is suspiciously silent on the bombshell allegation Candace dropped last week:

Multiple TPUSA donors who were at the Aspen event tell Candace that Charlie NEVER said he appointed Erica as CEO on stage or at the private dinners.

Donors believe the audio released by TPUSA is AI-generated.

The Missing Video: If this happened at a massive event, where is the video? Why wouldn't TPUSA show the footage of Charlie's ""final wish"" to honor him?

3. Boiling the Point 
Instead of providing proof, Blake resorted to calling Candace a ""psychopath with a knife on a subway.""

""You don't need to share the video with me, Blake... share it with the world. You put up a recreation of the tent Charlie died under for selfies—if you had this video, you would have shown it.""

The Bottom Line 
The narrative is crumbling. If the ""succession audio"" is fake, the entire leadership structure at Turning Point is built on a lie.

Blake, the world is waiting: Do you have the video, or was the AI just that good?

FOLLOW @RealCandaceO, RT and watch her FULL episode linked below. 👇"
"'2043838686048166371'","4/13/2026 19:48","Tweet","419","323","90","6","5","🚨 FBI TIMELINE COLLAPSES: Candace Owens Exposes Massive Hole in the Official Charlie Kirk Story!
In a blockbuster investigation, @RealCandaceO just shredded the FBI's narrative on the Tyler Robinson arrest. The Feds claimed it took ""33 hours"" to book him, but explosive new documents reveal the truth.
The Smoking Gun:
•The Interrogation Time Stamp: Tyler's own defense filings prove he was already Mirandized and sitting in an interview at 6:25 PM on September 11th.
•The Federal Lie: But at 8:00 PM that same night, Governor Cox and the FBI held a press conference claiming the suspect was ""at large"" and pleading for public help. They already had him!
•The Roommate/Informant: Why is the prosecution refusing to use forensic text evidence, relying only on photos of the roommate’s phone? Candace exposes Lance Twigs as a likely Federal asset used to set Tyler up.
""It's a setup... They're just gonna put on a show trial.""
The 33-hour victory lap was FAKE. The ""Charlie GPT"" takeover plot is real. The script is leaking, and we have the timeline to prove it.

This is how you dismantle a Federal cover-up. 🏛️🕵️‍♂️

FOLLOW @RealCandaceO, RT and watch her FULL episode linked below 👇"
"'2039853655663264000'","4/2/2026 19:53","Tweet","332","254","65","5","5","🚨 PART TWO: Blake Neff's Manic MELTDOWN— If Everything Charlie Did Was Recorded, Where is the VIDEO of Charlie Saying HE Wanted Erika’s Appointment CEO?🎙️🚫

Candace Owens just turned up the heat on the TPUSA ""Shady Bunch,"" and the cracks in the official narrative are becoming canyons. If Turning Point has nothing to hide, why are they acting like a cornered animal? 

The ""Aspen 3"" Speak Out:
TPUSA claims that at a donor retreat in Aspen—just three weeks before Charlie died—he explicitly named Erika as his successor. Candace went to the source. She spoke to four people who were in that room:

3 out of 4 have NO memory of Charlie ever saying that.

The only couple who ""remembered"" it? Conflicted witnesses with deep financial ties to TPUSA.

It’s a foundational lie. Nobody asks a healthy 31-year-old ""who takes over if you die tomorrow?"" and nobody forgets the answer if they do.

The Blake Neff Manic Meltdown:
When Candace politely asked Blake Neff on X to simply ""release the video"" of this alleged Aspen appointment to clear the air, he didn't provide proof. He had an absolute emotional breakdown.

Blake compared Candace to a ""maniac brandishing a knife on a subway."" 🔪🚇 The Logic: If a ""maniac"" asks you for a video to make them go away, you give them the video! You don't withhold the only piece of evidence that would prove your case unless... you don't actually have it.

The Great Video Disappearance:
Remember: Erika Kirk herself promised ""decades"" of unused footage, Sunday specials, and ""everything recorded."" Charlie wouldn't even give a speech unless it was on 4K video.
So why, for the most crucial moment of her transition to CEO, did they only play glitchy, edited audio at AmFest? Why is this the only video they are suddenly afraid people will call ""AI"" or a ""hologram""?

The DC Dip and Twirl:

Candace played the clip of Erika at the NYT Book Summit. When asked how she reconciles being a ""Boss Babe"" CEO with Charlie’s lifelong message that women belong in the home, she gave a word-salad non-answer about her ""blueprint"" mother (who we know wasn't a single mom).

The Verdict: They are shape-shifting the narrative to fit a pre-planned takeover. They are overthinking, over-leveraging, and now they are panicking because the ""psychopaths"" on the subway are asking for the receipts. 📑🏗️

Make sure to also watch Part 1 below as well as FOLLOW @RealCandaceO. I Highly suggggest everyone also watch her FULL episode lined in the comments."
"'2039500806701928776'","4/1/2026 20:30","Tweet","318","237","77","4","5","🚨 HISTORY IS REPEATING ITSELF: The FBI's ""Comparative Bullet Lead Analysis"" Was Invented for the JFK Cover-Up— Now They Want to Use It To FRAME Tyler Robinson🤯

Candace Owens just dropped an explosive connection that proves the FBI is running the exact same play they used to frame Lee Harvey Oswald in the JFK assassination. They are trying to frame Tyler Robinson with a known fraudulent ""science.""

Here's the bombshell: The FBI is desperately trying to use a ""flawed and unscientific"" forensic test called Comparative Bullet Lead Analysis (CBLA) to link a bullet to Tyler Robinson.

Where did this junk science first appear? Candace reveals that it was first used after President John F. Kennedy's assassination in 1963.

The FBI literally invented this technique out of thin air because they needed to match a bullet to Lee Harvey Oswald. They needed to sell the narrative to the American people, and they needed ""science"" to do it.

But in 2004, the National Academy of Sciences—the nation's most prestigious scientific body—concluded that the test was ""unreliable and potentially misleading."" They found that the FBI's testimony was so overstated it should be considered inadmissible in court. A year later, the FBI abandoned the technique.

It was a lie then, and it's a lie now.

Think about what this means. The FBI is pulling the exact same playbook from the most famous political assassination in American history. They are resurrecting a debunked, fraudulent method to manufacture evidence against a patsy. They know Tyler Robinson didn't do it, just like we know Lee Harvey Oswald didn't act alone.

This isn't just incompetence; it's a deliberate, calculated move to frame an innocent man. They are dusting off the old propaganda tools because they work.

As Candace says, ""maybe all the same players are involved."" The deep state doesn't change its playbook, it just finds a new patsy.

FOLLOW @RealCandaceO, RT and watch her FULL podcast linked below. 👇"
"'2039021013900337489'","3/31/2026 12:44","Tweet","221","128","69","4","5","🚨FOLLOW UP:  The Disturbing Reality BEHIND Turning Point's New ""LEGACY SOCIETY""— How TPUSA Recruited Bryce Eddy To TARGET Your Grandparents' 401k.😱

If you followed my previous post, we established the disturbing trajectory of Turning Point USA: they are aggressively marketing a new ""Legacy Society,"" asking elderly patriots to include TPUSA in their wills, estate plans, and 401k's.

Today, after a massive dive into the corporate documents, 990 tax filings, and internal organizational structures, I can reveal exactly HOW this operation is being managed, and who is pulling the strings at the top.

We are pulling back the curtain on a strategy that, in my investigative opinion, looks less like a grassroots student movement and more like a predatory wealth-transfer scheme targeting the elderly.

THE BOARD OF ASSET MANAGERS
Independent journalism requires following the data. Turning Point’s board is not just stacked with educational experts or conservative thought leaders. It is heavily populated by professionals from the insurance and investment industries.

According to their public 990 filings and officer listings, Turning Point has strategically placed individuals with deep licensing in insurance and financial products into C-suite and board positions.

This begs a massive question: Why does a ""student organization"" need multiple insurance and investment board members to manage its affairs?

In my opinion, they are there to manage your assets. Stacking a board with career wealth managers provides the perfect corporate cover and operational know-how to efficiently absorb private wealth and estates directly into TPUSA coffers.

SPOTLIGHTING THE ARCHITECT: BRYCE EDDY
Of these board members, one name is paramount: BRYCE EDDY.

Bryce Eddy is currently listed as a core member of Turning Point and serves as the Vice President of ""America's Turning Point"" alongside COO Tyler Bowyer.

But Bryce Eddy is not a seasoned political operative. He is a career insurance broker.

State licensure records and corporate filings confirm that he currently manages multiple simultaneous insurance ventures, including an active California insurance company named ""Bryce Whitefield Eddy Inc."" He also serves as the principal at Commercial Insurance Associates and previously held dual, overlapping executive roles at Assured Partners and Tolmin Wyker Insurance Services.

This brings us to a critical theory: Bryce Eddy appears to be the operational bridge TPUSA needed. His background provides the exact financial mechanisms required to legitimize the aggressive targeting of elderly family members for their fortunes.

THE PRAGERU BLUEPRINT: A MASTERCLASS IN PSYCHOLOGICAL LEVERAGE
If this entire scenario feels like a copy-and-paste operation, it’s because it is. Before embedding himself at TPUSA, Bryce Eddy championed the exact same ""Legacy Society"" fundraising model at PRAGER UNIVERSITY.

Corporate documents confirm his role as President of the Prager University Foundation during the rollout of their legacy planning program. Furthermore, we have secured video evidence of Bryce Eddy and his family specifically pitching this concept.

In the video, Eddy pushes viewers into ""legacy planning,"" stating: ""Now no matter what stage you're at in life, it's incredibly important to lay out an estate plan and make sure that... you know what you’re gonna be doing with your money when you... take off.""

They couch this pitch in patriotic language, arguing that everyday universities ""don't share our values,"" suggesting that your principles can only survive if you hand your life savings to their organization. In my view, this is a calculated psychological playbook designed specifically to goad the elderly into donating their estates instead of leaving their hard-earned wealth to their own grandchildren.

THE RESUME ANOMALY: THE GOOD OL' BOY NETWORK
We also must address Bryce Eddy's highly unusual professional history.

According to his own public LinkedIn profile, his employment history does not begin with an entry-level position. It begins in 1997 as the VICE PRESIDENT of PSC 40 and Associates.

He was 23 years old.

How does a 23-year-old start their career as a VP of an insurance brokerage, and proceed to hold simultaneous Senior VP and Executive VP titles at multiple firms? This resume defies normal corporate logic. It strongly suggests, in my journalistic opinion, that he was installed into these positions via the elite ""Good Ol' Boy"" network rather than rising through organic career merit.

THE SNAKE WHO INTRODUCED HIM: ROB MCCOY
The final, glaring red flag is how Bryce Eddy got involved with Turning Point in the first place.

It is a known fact that ROB MCCOY personally introduced Charlie Kirk to Bryce Eddy, opening the door for this financial architecture to take root at TPUSA. Given my extensively documented opinion on Rob McCoy's fraudulent and deceptive behavior, his involvement in brokering this introduction is devastatingly telling.

When you combine a board stacked with insurance men, the aggressive marketing of a Legacy Society to the elderly, and the involvement of individuals like Rob McCoy, the picture is chilling.

Protect your grandmothers. Protect your grandfathers. Do not let the establishment drain the wealth of real American patriots to fund their corporate salaries.🚫 🇺🇸"
"'2046361362792648995'","4/20/2026 18:52","Tweet","210","156","40","2","5","🤔WHERE IS THE MURDER WEAPON? The FBI is Hiding the Gun in the Tyler Robinson Case  The Defense STILL Not Been Given Access👀

If you are defending a client accused of pulling the trigger in the highest-profile assassination of the decade, the absolute bare minimum requirement is that you get to examine the gun. Right?

Not if the FBI has anything to say about it.

Tonight on her podcast, Candace Owens just exposed a massive, glaring hole in the prosecution of Tyler Robinson. This is supposed to be a Utah STATE case. But the FBI hijacked the investigation on September 10th, and now they are completely stonewalling the defense.

The Bombshell: Tyler's defense attorney, Kathy Nestor, just went on the record stating that after six hours of examining the physical evidence the State provided, they still have not been allowed to see the alleged murder weapon.

Instead of turning the physical evidence over for a fair state trial, the FBI is keeping the gun locked up 2,000 miles away at Quantico in Virginia. They are essentially handing the defense a photograph and saying, ""Trust us, bro.""

🕵️‍♂️ Follow the Breadcrumbs:

Why is a state murder weapon being hoarded at Quantico?

Why are the Feds tying the hands of the State Bureau of Investigations?

Why is Cash Patel’s FBI refusing to fulfill basic discovery requests in a timely fashion ahead of a probable cause hearing?

You don't hide the physical evidence if it actually proves your narrative. You hide it when the real ballistics contradict the clean little story you're selling to the public.

The cover-up is happening right in front of our eyes.

FOLLOW @RealCandaceO, RT and watch her FULL episode linked below. 👇"
"'2044530728583434641'","4/15/2026 17:38","Tweet","147","118","28","1","5","🆘UNDER THE MICROSCOPE: Candace DISSECTS  TPUSA'S Latest Security Blunder👀

Candace just dropped a massive update on the Erika Kirk no-show in Athens, and she’s asking the question that the PR teams are terrified to answer: The Science of Selective Threats.

The Vice Presidential Paradox: Erika Kirk pulled out of the Akins Ford Arena event claiming ""severe threats"" that made it too dangerous to attend.
The Reality Check: J.D. Vance, the Vice President of the United States, was on that same stage.

The Question: Since when is the Vice President—the literal heartbeat away from the Presidency—immune to ""severe threats"" that are supposedly too much for a non-profit CEO? 🏛️🛡️

As Candace points out, if there was a viable threat to that building, the Secret Service would have locked down the entire perimeter. The truth? Erika didn't have a security problem; she had a ticket sales problem. 📉

The Victor Marx Standoff: The plot thickens with the ""Project Bluebird"" pastor.

The Response: Victor Marx replied to Candace’s trafficking exposé.
The Counter: Candace replied back, inviting him to a live debate alongside whistleblower Corby Hall of FoldAR.

The Silence: Candace is waiting. Will the man who claims to ""retool"" souls have the courage to face the facts of 9/10 on a live mic? 🔫⚖️

The establishment thinks the public is dumb enough to believe that a ""widow in grief"" is a bigger target than the Vice President. They are wrong. We see the patterns, we see the empty seats, and we see the 0.0 percent credibility remaining in the TPUSA front office.

 Candace is about to show you exactly how they are lying and—more importantly—WHY they are lying.

FOLLOW @RealCandaceO, RT and watch her FULL episode linked below.👇"
"'2043871171431563529'","4/13/2026 21:57","Tweet","147","110","21","16","5","🆘The Battle For The Youth VOTE—And Why TPUSA is COLLAPSING in Real-Time 📉🏛️

The ""Succession"" crisis at Turning Point USA just hit a new low. Zee Cohen-Sanchez (National Ground Game) just dropped a truth bomb in the New York Times that confirms what we have been warning about: TPUSA has lost its soul, and they are losing the youth.

The ""Common Sense"" Gap
Zee highlights the one thing Erika Kirk and the new TPUSA leadership fail to grasp: Charlie Kirk didn’t win by talking down to students or treating them like ""commodities"" for donor reports.

The Charlie Method: He started with a fold-up table, two GoPros, and a willingness to debate anyone. He met kids on their level, using logic and facts to win hearts and minds.

The Erika Era: Now, TPUSA is a bloated, $100M+ conglomerate that feels more like a ""Drama Club"" than a movement. Without Charlie’s authentic organizing, the infrastructure is crumbling.

The Vacuum: Nick Fuentes vs. The Left
With Trump pivoting on ""America First"" (especially regarding the war in Iran), young voters—specifically young men—are feeling abandoned.

TPUSA is weak: They have no one to combat the narrative or lead the charge.

The Rise of Extremism: Because TPUSA has ""lost its way,"" figures like Nick Fuentes are stepping into the void, capturing the energy that Charlie once held.

The ""National Ground Game"" Threat
Zee isn't just watching; she’s competing. She reveals that her organization is the only one successfully peeling kids away from Turning Point events. Why? Because they actually understand the struggle, while TPUSA is busy protecting board seats and pedophiles. 

THE VERDICT: You can’t buy authenticity with donor money. If TPUSA continues to treat the youth like a data point rather than a generation of people looking for truth, the ""conglomerate"" is heading for a total wipeout in the midterms.

THE SCRIPT HAS FLIPPED. 🕵️‍♂️🏛️

From: @ZeeToTheHill FOLLOW Her. If you want to help them crush TPUSA—The link to donate to their organization is in her post below. 👇"
"'2045078442664694159'","4/17/2026 5:54","Tweet","146","107","32","7","5","The Dangerous Hypocrisy Of TPUSA—Colluding With Senator Mike Lee To Cancel Someone Over Free Speech.🛑

What we are witnessing right now is a complete and total betrayal of the very principles Turning Point USA claims to represent. They spend millions on ""Free Speech"" branding, yet the moment a woman like Sharon McMahon—America’s government teacher—says something that doesn't fit their narrow, manufactured narrative, they run to their ""daddy"" in the Senate to have her silenced.

The Hypocrisy is Staggering. Senator Mike Lee, a man who carries the Constitution in his pocket like a prop, just used his federal weight to bully Utah Valley University into deplatforming a commencement speaker. Why? Because Sharon McMahon dared to point out a fundamental reality: that the tragic death of a public figure does not suddenly sanctify every harmful word they uttered while they were alive. 

While i do not agree Charlie's words were harmful whatsoever, i do agree that everyone deserves to have a voice no matter how wrong, how hateful, how disliked their speech may be. Cohen V California upholds this exactly when Justice Harlan said"" ""a marketplace of ideas requires permitting a diversity of viewpoints, even if they are ""distasteful or upsetting"" to the public.""

TPUSA is claiming that Sharon ""celebrated"" an assassination. She did not. She spoke with nuance. She spoke with gravity. But in the world of Tyler Bowyer and the new TPUSA regime, nuance is a thought crime. They don’t want patriots; they want vassals. They want people who will bow down to the machine without asking questions.

The ""Free Speech"" Mask Has Slipped:

Fact: They claim to hate ""Cancel Culture,"" yet this is just latest example of the lengths they will go to chill other's free speech.

Fact: They claim to hate ""Government overreach,"" yet they called a sitting U.S. Senator to silence a private citizen.

Fact: They claim to be ""grassroots,"" but they are acting like the worst kind of authoritarian elite.

It makes me laugh—genuinely laugh—that anyone still believes these people stand for the First Amendment. They stand for Power. They stand for the Elite. They stand for Transactions.

The truth is coming, and it doesn't care about your feelings.

From: @ZeeToTheHill FOLLOW Her!"
"'2043244831154086088'","4/12/2026 4:28","Tweet","4865","3537","906","188","4","🚨 Another TPUSA ""Make Heaven Crowded"" Tour Stop Canceled After Church Mutiny! 🫢

The house of cards is falling, guys. We have some massive updates on the First Baptist Orlando fallout, and it’s a total disaster for  Erika Kirk and the shell of an organization she’s currently running.

What was supposed to be a massive tour stop for the ""Make Heaven Crowded"" tour has been SCRUBBED from both the TPUSA website and the church’s social media. But the real story is what happened behind the scenes.

We have conflicting reports from insiders:

The Official Narrative: TPUSA claims they canceled due to a ""misalignment of values.""

The Inside Scoop: My sources tell us the Church pulled the plug after a massive staff walkout and overwhelming backlash from the congregation. However, to save face and prevent further PR damage to Erika Kirk, they allegedly negotiated a deal to let TPUSA claim they were the ones who walked away.

Either way, the result is the same: WE ARE WINNING. 📉

A Nationwide Rejection:
This isn't just one church. The backlash against the ""New TPUSA"" is spreading like wildfire:

We are seeing massive protests at churches, high schools and colleges. Parishioners and students alike are successfully opposing new tour stops, new chapters, and existing chapters are decoupling and dissolving—just like we saw at the University of Arkansas.

They are realizing that this is NOT the TPUSA Charlie Kirk built. The organization has done a 180-degree turn, abandoning Charlie’s legacy in favor of a performative, Christian-nationalist veneer that doesn't hold water.

The Erika Factor: 
The public is tired of the inauthenticity. From her provable pathological lying to her total lack of genuine grief following Charlie's death, Erika Kirk has become a liability that even the most loyal donors can no longer ignore.

💸 Hemorrhaging Money & Support:
TPUSA is bleeding. They are losing donors, losing chapters, and losing their grip on the movement. Every canceled stop and dissolved chapter hits their bank account where it hurts.

They refuse to answer the real questions:

What really happened to Charlie?

Where is the money going?

Where is Charlie's DOGE style audit, that he commissioned just before his death??

They are trying to write the script as they go, but the public isn't buying the tickets anymore. Charlie worked his life to build a movement, and in a matter of months, the current leadership has tarnished it beyond recognition.

Keep the pressure on! The truth is coming out, and the ""TPUSA Empire"" is shaking at the foundation."
"'2045094488926724481'","4/17/2026 6:58","Tweet","4189","2918","806","101","4","EXPOSED: TPUSA Busted Rigging Q&A At Athens, GA Rally—The UGA Student Who Exposed the SCAM Speaks Out!📢

Turning Point USA loves to talk about ""Free Speech,"" but behind the scenes, they’re running a scripted theater production. We just got the boots-on-the-ground report from a UGA student who tried to ask VP J.D. Vance a real question on Tuesday.

What she found is the blueprint for how they protect the ""Elite"" from the ""Grassroots.""

THE SCRIPTED LINE-UP
When the Q&A started, the mic was already ""pre-loaded."" Five people in suits and dresses that were TPUSA employees—all wearing TPUSA lanyards—were positioned at the front of the line before anyone else could even stand up.

The Goal: Fill the clock with ""safe"" questions so the ""handlers"" can cut the mic before a real patriot gets to speak.

THE ""TOPIC"" POLICE
If you aren't wearing a lanyard, you get screened. A ""lady in a blue top"" circled the line, demanding to know every student's topic. (If anyone KNOWS who that woman is, please let me know.) 

The Interrogation: They didn't just ask the topic; they demanded to read the questions off the students' phones.

The Cut: When the student wouldn't budge, the ""handlers"" literally inserted a ringer in front of her because her topic was ""better"" (read: safer).

THE ILLUSION OF ACCESS
They preach ""non-censorship,"" but they manage their events like a North Korean press junket. They want the optics of a rowdy, free-thinking crowd, but they control the input with an iron fist.

THE REAL QUESTION: If TPUSA are so confident in what they preach, why are they terrified of a UGA student asking about government accountability?

The Truth: They don’t want a dialogue. They want a Data Harvest,Photo Op and to protect their grift, which just so happens to align with the Trump admin. They want your applause and your email address, but they don't want your questions.

If the mic is screened, the speech isn't free. Stop being an extra in their movie."
"'2049568285184651541'","4/29/2026 15:15","Tweet","3790","2231","1284","92","4","‼️EXPOSED: TPUSA’s Secret $9 Million Real Estate Empire Exposed—Buying Entire Business Parks in Cash While Begging You for $20👀

I obtained Maricopa County deed records for Turning Point's headquarters and this is what I found.

Turning Point USA is secretly hoarding millions in real estate and cash behind an ""Endowment"" shell company, building a massive corporate fortress while begging their grassroots base for money.

Move #1: In 2019, they quietly shifted an existing $1.6 million building (Lot 2) out of the main non-profit and into their tax-exempt ""Endowment"" holding company.

Move #2: On that exact same tax return, they transferred an additional $5.3 million in cash reserves into that same shell.

Move #3: In 2021, they took $2.1 million in STRAIGHT CASH and bought the building right next door (Lot 1) to expand their footprint.

They are buying up entire business parks in cash while looking into the camera and telling their college student base that they are a scrappy, grassroots movement desperate for donations. 

While they beg everyday Americans for $20 to ""save the country,"" Erika Kirk and the TPUSA executives are sitting on a $9+ million real estate and cash empire safely insulated from the very movement they claim to represent.

They aren't building a movement. They are building a real estate portfolio.

The receipts don't lie. Stop funding the corporate fortress. 👇"
"'2048733028998885462'","4/27/2026 7:56","Tweet","3672","2638","716","39","4","‼️EXPOSED: TPUSA Insider Says: Turning Point Treated Charlie's MEMORIAL ""Like A FOOTBALL Game.""👀

Mason Lemme just exposed on what REALLY happened at the Charlie Kirk Memorial in Arizona. While thousands were mourning and praising Jesus, TPUSA leadership was treating it like a football game. 🏟️👞

The disturbing details:
📍 Voter Reg at a Funeral: They had people swarming the lobby to register voters while people were in active mourning. 

📍 Merch Sales: ""Freedom shirts"" for sale at a memorial service? 

📍 The Digital Trap: They GEO-FENCED the entire event. If you went to honor Charlie, they harvested your phone data and sold it to the highest bidder. 📱💸

Mason says it felt ""off"" then, but looking back now? He sees it was a staged, intentional, and fake use of a tragedy to hit metrics.

Watch the full INTERVIEW below to see how the grift works. 👇🕊️

FOLLOW @LemmeReact And show him your support!"
"'2038294352309420318'","3/29/2026 12:36","Tweet","3161","2126","470","135","4","🚨 The TPUSA Syndicate Gets TROLLED To Their Faces—Watch Them Get Triggered When Zee's Crew Say ""We Are Charlie Kirk"" 😳

The establishment gatekeepers are absolutely losing their minds. @ZeeToTheHill  and the @unfamericatour crew just marched right up to TPUSA Headquarters in Arizona, confronted Andrew Kolvet, Blake Neff, and Jack Posobiec, and handed them the ultimate parting gift.

THE PARTING GIFT:
They handed the boys club a custom Unfuck America Tour branded lighter with a very specific message on it: ""We are Charlie Kirk."" They looked the syndicate right in the eye and told them, ""We carry on the flame.""

THE MELTDOWN:
The reaction is absolutely priceless. You can see the sheer panic and annoyance on their faces. They immediately start whining, calling it ""sacrilege,"" telling the crew to ""carry on your own flame,"" and crying that they need to ""find new ways to express that in the future."" They are visibly triggered by the absolute audacity of the grassroots daring to use Charlie's name without their corporate permission.

THE TRADEMARK GRIFT IS FAILING:
Listen closely, you arrogant establishment hacks: You do not own Charlie Kirk. You do not own his legacy. And Erika’s desperate, pathetic little attempt to officially trademark his name is currently failing miserably because it is being heavily challenged legally. So good luck with that grift.

The saddest part of this entire interaction is the undeniable reality of it: The guys standing out on the street with that lighter care infinitely more about Charlie Kirk and his actual America First mission than the guys standing in the suits ever did, or ever will. 🇺🇸"
"'2045493233740898690'","4/18/2026 9:22","Tweet","2915","1877","655","28","4","Stew Peters just dropped a BOMBSHELL connecting the dots on the Charlie Kirk assassination and a massive ""silent"" shakeup at the Southern Border.🪖

The Facts They Don’t Want You To Know:
1️⃣ October 10, 2025: Exactly one month after Charlie’s murder, the entire 10th Mountain Division was quietly ""fired"" and replaced at the border. No awards. No ceremonies. Just NDAs and silence. 

2️⃣ The Same Day: A catastrophic explosion at the AES facility in Tennessee killed 16 people. 

3️⃣ The Plane: SAM 112—the VIP jet authorized only by the President or VP—flew directly over that facility on the day it blew up, coming straight from Fort Huachuca.

Why was the 10th Mountain Division scattered to the wind? Why the 10-year NDAs for Turning Point staff? Why did a high-level government plane ""detour"" over an exploding factory?

They didn't expect us to notice the details. They didn't expect us to track the tail numbers. But we are watching.

 Don't believe the propaganda. Look at the timeline. The people, the places, and the planes DON’T lie.

FOLLOW @StewPetersNet   Watch The FULL Clip, SHARE This Everywhere. 🗣️🇺🇸"
"'2048977445466812765'","4/28/2026 0:07","Tweet","2677","1927","528","105","4","‼️EXCLUSIVE: TPUSA Event At Iowa State With Erika Kirk And JD Vance CANCELLED Citing ""SCHEDULING CONFLICT—TPUSA Insider Says NOT TRUE!! 😱

A bombshell is rocking the political landscape today! I've just received exclusive information directly from an inside source at Turning Point's Iowa chapter. Remember that heavily promoted event this Thursday, April 30th at Iowa State University featuring Erika Kirk and JD Vance? It’s been officially CANCELED.

While Turning Point is publicly citing ""a matter of scheduling conflicts,"" our reliable source inside the chapter tell a completely different story. According to these insiders, the real reason is a crushing case of ""low turnout."" They don't have enough people to fill the seats, and TPUSA, ever focused on metrics and theatrics, supposedly doesn't want to be seen with an empty arena. This directly contradicts their public explanation, creating a massive credibility crisis.

This follows a growing wave of people, like Mason Lemme from Texas State University and others, who are stepping down and speaking out about TPUSA's inner workings. The momentum is clearly shifting. 

Is This The End Of TPUSA? Is their empire crumbling? Share this everywhere! Let the world know the truth behind the cancellation!"
"'2045635935002390983'","4/18/2026 18:49","Tweet","2513","1872","311","127","4","Victor Marx Responded And It SEEMS Like A Trap—The Dire WARNING For Candace Owens⚠️

The ""spirit of discernment"" is screaming on this one. Watch this clip—people are starting to wake up to how these ""military-minded"" players operate.

Victor Marx just accepted an interview with Candace Owens, but his ""terms and conditions"" are ringing every alarm bell in the book.

Why this smells like a Setup:
1️⃣  He waited exactly 24 hours to respond. In OSINT and military ops, silence is always for a reason.

2️⃣ He’s demanding a face-to-face in her studio. Everyone knows Candace’s studio is in her home. Why does a military-linked man need the exact coordinates and layout of her private residence?

3️⃣ He’s promising to ""share stuff about Turning Point."" Is he a Trojan Horse sent to neutralize one of the few voices actually challenging the narrative?

As the video says, this man has that calm, steady voice designed to put you to sleep before the strike. He’s talking about ""spending time"" with America’s #1 enemy on his side of the fence. Since when do they ""look forward"" to meeting Candace?

This doesn't pass the sniff test. It’s the same ""fedslop"" deception we’ve been seeing at the border and with the Kirk investigation. They are trying to lure the truth-tellers into a controlled environment.

@RealCandaceO , if you’re listening: USE YOUR DISCERNMENT. Do not let foreign spirits—or military handlers—into your home. Do A VIRTUAL Interview. 

The revolution will be streamed, but it must be protected. 🇺🇸⚖️

From: @samsfamreacts FOLLOW Her!"
"'2041712413658038751'","4/7/2026 22:59","Tweet","2322","1709","543","70","4","🚨 PILOT RESCUE OR NUCLEAR RAID: The TRUTH About Isfahan: The FAILED Mission the White House is Hiding.🤯

The establishment media is feeding you a script about a ""heroic pilot rescue,"" but international reports are beginning to tell a much darker story. Was the Isfahan operation actually a botched attempt to infiltrate Iranian nuclear facilities that ended in a total American retreat?

According to emerging reports from PressTV, the narrative of an F-15E pilot rescue was a cover for a high-stakes infiltration mission that fell directly into an Iranian trap.

While Washington paints a picture of a calculated success, the ground reality suggests a ""crushing strategic defeat."" Here is the breakdown of the alleged failure:

US Special Forces and a ""Zionist coalition"" reportedly landed C-130s at an abandoned airstrip near a nuclear site, only to find Iranian forces lying in wait.

Reports claim multiple Black Hawk helicopters and specialized Little Bird aircraft were destroyed on the ground. One C-130 was allegedly targeted mid-landing, forcing a catastrophic emergency.

The situation became so dire that the mission shifted from ""infiltration"" to a ""desperate evacuation."" Sources say US forces fled so quickly they abandoned equipment and officer identification before airstrikes were called in to destroy their own assets to prevent them from falling into Iranian hands.

Why the sudden, frantic press conferences from the White House? Critics are arguing that the narrative of ""saving a pilot"" is being used to mask the loss of elite hardware and personnel.

""This wasn't a rescue. It was a gambling president's failed attempt to strike a nuclear facility that ended in a disgraceful retreat.""

⚠️ WHAT THIS MEANS FOR AMERICA
If these reports are accurate, we aren't just looking at a tactical failure—we’re looking at a shift in the global balance of power.

How did the US miscalculate Iranian air defense so badly?

How many millions in taxpayer-funded tech was just turned into scrap metal in the Isfahan desert?

Is the recent talk of targeting civilian infrastructure a ""distraction"" from this military debacle?

The establishment wants you to see a victory. The evidence suggests a disaster. Is the ""pilot rescue"" story the truth, or are we being lied to about the start of a much larger, more dangerous conflict? Is this the ""ghost in the machine"" coming back to haunt the administration?

Let’s discuss. Is this a media psyop or a genuine military humiliation? 👇"
"'2039107875457446076'","3/31/2026 18:29","Tweet","1630","1261","348","21","4","🚨BOMBSHELL:  Candace Owens Says In Her Opinion The New Filing In The Tyler Robinson case is PROOF Of An ""UNDENIABLE State Killing"" 🤯

Candace Owens is on an absolute tear, and the deep state's official narrative is in total freefall. After breaking the massive French Freemason hit squad story yesterday, she just went live tonight to drop an absolute nuke regarding the new Tyler Robinson court filings.

The establishment is officially panicking.

Right now, the establishment PR machine is in overdrive. As Candace pointed out tonight, they are spending massive amounts of cash racing to the timeline to convince you that the ATF failing to connect the bullet fragments to Tyler Robinson's alleged rifle is just a ""nothing burger."" They want you to believe that a complete lack of ballistic evidence connecting the patsy to the weapon is perfectly normal. It isn't.

While the mainstream media and TPUSA talking heads were busy spinning lies, Candace and her team actually did the work. They combed through every single page of those new court filings. And what she revealed tonight is staggering: They found something buried deep in those documents that not even Tyler Robinson's own defense team caught. FROM JFK TO CJK

Candace did not hold back on what this buried evidence means. She stated definitively that the FBI is setting Tyler up as the ultimate scapegoat to protect the real assassins. She drew the direct, chilling historical parallel: From JFK, to MLK, and now to CJK (Charlie Kirk).

The Feds are putting this on an innocent kid. The ATF's own science proves the gun doesn't match. The crime scene is contaminated. And as Candace confidently declared tonight: This is an undeniable state killing.

The syndicate is running out of places to hide. We are going to expose every single layer of this operation. 🇺🇸⚓️

FOLLOW @RealCandaceO, RT and watch her FULL podcast below. 👇"
"'2049111871005839453'","4/28/2026 9:01","Tweet","1602","1063","154","236","4","😱BOMBSHELL: Andrew Kolvet SPILLS the Beans Last Night On Glenn Beck—Erika Kirk is FINALLY Quitting TPUSA? 👀

The pressure has officially reached a breaking point. Andrew Kolvet just went on Glenn Beck’s show and dropped a massive hint that Erika Kirk might be ready to throw in the towel. 🏳️

After the chaos at the White House Correspondents' Dinner, it sounds like she’s had a major epiphany. Whether she’s resigning as CEO or just pulling back from public events to stay home with her kids, one thing is clear: She’s cracking.

Kolvet alluded to the fact that the shooting changed everything, and Erika is set to go on the Charlie Kirk Show TOMORROW (Wednesday) to make a major announcement about her future.

Is this the ""huge win"" we’ve been waiting for? If she steps down from public life, the movement changes forever. 📉

Watch the clip and see the signs for yourself:[Link to Video]
I’ll be locked in on Wednesday to see what she actually says. Make sure you are too!

What do you think? Is she actually stepping down, or just going to stop doing public events? Either way it's a MASSIVE W. 
Drop a comment below and don't forget to FOLLOW me  so you don't miss the update! 👊

From @glennbeck  CC: @RealCandaceO"
"'2046396892494414171'","4/20/2026 21:13","Tweet","1566","981","179","94","4","😱COME ON ALEX: Tell Me You're On TPUSA’s Payroll Without TELLING Me You’re On TPUSA's Payroll. 👀

Alex Jones just absolutely PANICKED and hung up on a live caller named Van from Arizona. Why? Because the caller dared to expose the unholy alliance between TPUSA, Donald Trump, and AIPAC.

The second the caller mentioned that Turning Point USA was backing an establishment shill over a true America First conservative, Jones cut him off mid-sentence and scrambled to the next caller. The censorship is coming from inside the house, folks.

Here is the exact truth Alex Jones was too terrified to let his audience hear:

🇺🇸 THE REAL AMERICA FIRST CANDIDATE:
The caller was trying to highlight Joseph Chaplin, running for Congress in AZ District 1. Chaplin is a devout Catholic, an actual America First patriot, and a proven fighter in the state legislature. 

His platform? Getting foreign lobbyist money out of our elections, stopping the endless foreign wars, and actually putting American citizens first. He is not a sellout.

🤡 THE TPUSA / AIPAC PUPPET:
Instead of backing Chaplin, Trump and TPUSA are throwing their weight behind Jay Feely—a former NFL kicker. Why him? Because Feely is fully endorsed by AIPAC, is a former Clinton Foundation speaker, and has multiple photos floating around with Bill Clinton. They are pushing a Clinton-tied moderate just because he plays ball with the foreign lobby money.

⛪ THE GREAT CATHOLIC CONVERSION:
The caller also dropped a massive truth bomb about what is happening to our local churches, and it ties directly back to Turning Point USA. He exposed how massive mega-churches—specifically the massive one off the I-17 in Phoenix, Dream City Church (which is literally TPUSA’s home base and event center)—have essentially been turned into foreign hasbara centers.

People are fleeing these compromised evangelical mega-churches and converting to Catholicism in droves because they are sick of going to Sunday service only to hear pro-war, foreign-nation propaganda instead of the Gospel of Christ.

The establishment is terrified of candidates like Joseph Chaplin who can't be bought by foreign lobbies, and they are terrified of Christians waking up to the infiltration of their churches.

@RealAlexJones  couldn't hang up fast enough. The fake MAGA mask is slipping.

Watch the clip and share this before it gets buried! 👇

CC: @RealCandaceO"
"'2042185816500236564'","4/9/2026 6:20","Tweet","1519","1155","351","13","4","🚨BOMBSHELL: Another SPY Plane Caught Overhead EXACTLY When Tyler Robinson Turned Himself In —Was Tyler Robinson ""Processed"" by MILITARY Intelligence?!😱

If you thought the AXEL 10 spy plane over UVU was a ""coincidence,"" wait until you see what Baron Coleman just uncovered about the day Tyler Robinson turned himself in.

There is a second ""spy plane"" and its flight path should terrify anyone who still believes the official narrative.

🛩️ MEET AXEL 21: THE BROTHER PLANE
On September 11th, 2025—the exact day Tyler Robinson surrendered in St. George, Utah—another high-altitude spy plane from the US Army’s HADES program was in the air.

The Flight: AXEL 21 (a different tail number, but the same elite sensor suite) left Ontario, CA, headed for El Paso, TX.

The Detour: Instead of flying a straight line, this plane flew Northwest, directly into Utah airspace.

The ""Stall Speed"" Pass: Just like AXEL 10 did over the Charlie Kirk assassination site, AXEL 21 dropped its altitude and slowed down to a mere 126 knots—nearly stall speed for a jet of this caliber—directly over St. George.

🕵️‍♂️ WHY ST. GEORGE? WHY THEN?
This plane didn't show up on local landing schemes because it wasn't ""supposed"" to be there.

The Timing: It arrived on the scene around 2:35 Zulu and circled for 45 minutes. * The Mission: This happened exactly as Tyler Robinson was turning himself in at the Washington County Sheriff's Office.

The Capability: This isn't just a plane. The HADES program utilizes Rapcon X AI-driven systems and ASARS-2B radar. It can deploy drones, read encrypted communications in real-time, and track mobile targets with terrifying precision.

👁️ ""DID WE PULL IT OFF?""
Baron Coleman asks the question the FBI doesn't want to answer: Why was one of the most sophisticated pieces of intelligence-gathering machinery in the world hovering over a peaceful surrender? Was the Army using the AXEL 21 sensor suite to ensure their ""Patsy"" was successfully in custody? Were they monitoring the ground to make sure no ""unauthorized"" witnesses were present?

""Did we pull it off? ... That machine decided to fly over Tyler Robinson turning himself in... I think the timing is important."" — Baron Coleman

🧩 THE PATTERN IS CLEAR
Sept 10th: AXEL 10 flies ""low and slow"" over UVU during the assassination.

Sept 11th: AXEL 21 flies ""low and slow"" over St. George during the surrender.

This is Multi-Domain Operations happening on American soil, targeting American citizens. The ""HADES"" program was designed for deep sensing in war zones—so why is it being used as a tactical overhead for the Charlie Kirk investigation?

Is Tyler Robinson really the assassin, or was he tracked, monitored, and ""processed"" and set up by a high-level military intelligence operation? Let’s get the truth trending. 👇

FOLLOW @baroncoleman and be sure to watch his FULL  episode linked below. 👇"
"'2044104114200531101'","4/14/2026 13:22","Tweet","1443","900","205","81","4","🆘EXCLUSIVE: Footage of Erika and Lori Frantzve FAILED 4th of July Shoot She DEFINITELY Wants Buried—Isn't She Wearing The WRONG Colors? 🇮🇱👀

Happy Fourth? Not quite. I've exclusively uncovered 3 never-before-seen photos and behind-the-scenes video of Erika Kirk (then Frantzve) and her mother, Lori, from a 2012 shoot titled ""Cooking With Firepower.""

This ""Independence Day"" shoot is pure psychological projection. This isn't just a cringe-worthy photo op—it’s a major red flag regarding the ""identity"" Erika Kirk has been trying to sell for years.

While she and her mother pose with high-powered weaponry for a ""patriotic"" campaign, the details tell a very different, very globalist story.

The Fake Patriotism: Erika is decked out in red, white, and blue, posing with a NAC Savage 1928A1 in a kitchen. But look at the configuration. Look at the energy.
The Color Fail: If this was truly about the values she purports to hold with her out here shabbat shaloming then she's clearly wearing the wrong Country's colors. For the circles she truly navigates, the colors should have been Blue and White. 🇮🇱 

The ""Mom"" Connection: Her mother, Lori, is right there in the thick of it, wielding an M-1. This wasn't just a solo gig; this was a family affair in ""image manufacturing.""

The production video reveals more than just Erika.

The Weaponry: They aren't just using props. These are amnesty-registered Savage M-1s and custom AR-15s. Why was a ""Miss Arizona"" being used to market high-level firepower in a kitchen setting?

From the ""ritualistic"" Scottsdale galas to these ""Firepower"" kitchen shoots, the Frantzve family has been playing a character for over a decade. The question is: Who was the director?

👇 SCROLL THROUGH THE EXCLUSIVE PHOTOS. Do you see a patriot, or do you see a carefully crafted asset wearing the wrong colors?"
"'2041677445149929670'","4/7/2026 20:40","Tweet","1317","981","303","33","4","🚨 PROOF: The World Isn’t Moving On. This HACK Just Changed Everything— Thousands of Patients JUST Became ""Charlie Kirk.""🖥️🕵️‍♂️

If you thought the movement demanding the truth about Charlie Kirk’s assassination was just a localized effort, think again. The entire world is watching, and someone just dropped a massive, undeniable signal.

A major medical platform in New Zealand just suffered a catastrophic cyber hack—and the hackers didn't demand a ransom. Instead, they sent a message.

Here is what just happened:

💻 The ""Charlie Kirk"" Cyber Hack
Hackers breached MediMap, a massive real-time electronic charting system used by the aged care, disability, and hospice sectors across New Zealand.

Once inside, they completely wiped the database and changed the names and dates of birth of the patients to exactly one person: Charlie Kirk. Other patients were systematically labeled as ""dead.""

The establishment media is brushing this off as just a ""random"" cybersecurity breach, but we all know the truth about whats really happened here and they are sending a message that we are all Charlie Kirk and the world is watching.

The hack was so severe that it forced the entire network to completely shut down and revert to inefficient, manual paper charting. It caused such a massive systemic meltdown that New Zealand Prime Minister Christopher Luxon and Deputy PM David Seymour had to issue public statements freaking out about their national cyber security laws.

👁️ The Real Takeaway
Hackers could have changed those names to literally anything. They could have used the hack for financial extortion. But they didn't. They used a massive international database breach to flash Charlie Kirk's name across government and medical screens in a completely different hemisphere.

This wasn't just a hack; it was a digital monument. It's a glaring reminder to the establishment, to TPUSA, and to the people who covered up his death: You cannot erase him. The world knows what you did, and the ghosts are in the machine.

What do you guys think? Is this a white-hat hacker group sending a signal, or just absolute digital chaos? Let me know in the comments. 👇"
"'2041185815733153940'","4/6/2026 12:06","Tweet","1043","743","285","15","4","So what's up @FBIDDBongino you gonna address this or what? 
I find it very telling that i exposed this last Friday and nothing but crickets from you. 

Were you colluding with TPUSA to cover up for the real murderers of Charlie Kirk and frame Tyler Robinson?

Big time conflict of interest if you ask me."
"'2041520647919075563'","4/7/2026 10:17","Tweet","982","656","251","34","4","🚨 EXPOSED: Laura Loomer Issues Deranged Threats Against Tucker Carlson – Same Playbook That Got Charlie Kirk Assassinated 😳

Larry Loomer  aka @LauraLoomer  just posted this unhinged rant (screenshot attached):
“Tucker and everyone who still hangs out with him are so fucked. They have no idea what’s coming their way politically… They have really messed with some of the wrong people, and they aren’t going to get away with their insane behavior. Everything will come out.”

This is the exact same tone of threats Charlie Kirk was receiving from TPUSA’s Zionist donors right before they had him assassinated.

Not a good look, Larry.
If anything happens to @TuckerCarlson, @RealCandaceO, @megynkelly, or anyone in their circle — we know exactly who to point the finger at.

Everyone knows Loomer is mentally unstable. This is the same woman who handcuffed herself to the front of Twitter headquarters in a full meltdown when she got banned… and who’s had multiple 5150 psychiatric holds placed on her.

She’s psychotic — and now she’s openly threatening conservative voices who dare step out of line.

This isn’t “political commentary.” This is a warning shot.
Share this everywhere before the gaslighting begins. We see you, Larry. 🇺🇸⚠️"
"'2046717725855174782'","4/21/2026 18:28","Tweet","967","696","169","19","4","😱SHOCKING: Candace Owens Just Revealed The FaceTime Video She Was Shown Of The FOOTAGE Behind Charlie Was Likely EDITED 👀

 Candace Owens has revealed new FaceTime evidence involving Terrell Farnsworth that suggests the ""back camera"" footage—the footage Terrell raced to take down just 4 minutes after Charlie was struck—was likely deliberately edited or cropped before it was shown to her.

1. The ""Cropped"" Footage at UVU 📹
@misfitnici  discovered a disturbing pattern. Throughout the 2025 American Comeback Tour (Florida State, USC, Boise State, etc.), the camera behind Charlie’s head was always a wide-angle shot that showed the ground.

The UVU Footage: In the version Terrell showed Candace, the ground is completely cut out.

The Implication: Either they changed the camera settings specifically for that day, or Terrell manually zoomed in later to hide what was happening on the floor around Charlie’s feet.

2. The Missing SD Card 💾
Candace reveals that during their FaceTime on September 19th, she saw Terrell opening a file labeled ""YOLO Drive"" on his desktop in Scottsdale, Arizona.

The Red Flag: Why did Terrell have the SD card in his possession two days after the incident?

The Federal Question: If the feds were on the scene ""too quickly,"" why didn’t they confiscate the most vital piece of video evidence immediately? Terrell claims he took the camera down to ""protect Erica,"" but he never mentioned giving the footage to authorities.

3. ""Boiling the Frog"": The New Setup 🏗️
For years (2017–2024), Charlie tabled on flat ground with no rear cameras. Suddenly, in 2025, the setup changed:

The Platform: Charlie (who was 6'5"") was placed on a new platform, sitting in a chair above the table.

The Rear Camera: A brand-new camera angle was added directly behind his head—an angle Candace says serves no logical purpose for a Q&A.

The Timeline: This ""strange and new"" setup appeared to arrive alongside the major Wi-Fi sponsorship deal.

The Big Question ⚖️
What was on the ground at UVU that was worth hiding? Candace is calling on Tyler Robinson’s defense team to demand the un-cropped, full-frame footage from Turning Point. If the camera captured the aftermath and the movements of security guards, it may hold the key to identifying the true assassins.

""It has to be something that would solve Charlie's murder. That's my position and I'm gonna stick to that."" — Candace Owens

FOLLOW @RealCandaceO, RT and watch her FULL episode linked below. 👇"
"'2049536282162876507'","4/29/2026 13:08","Tweet","909","679","127","69","4","‼️EXPOSED: Erika Kirk Claims Candace Owens ACCUSED Her of Murder—The RECEIPTS Say She’s LYING 🚫👀

I just watched Erika Kirk’s latest ""woe is me"" performance, and we need to separate the facts from the feelings. 

Erika claims she wakes up to ""headlines lying"" about her. Let’s be clear: You aren’t waking up to lies, Erika—you’re waking up to the truth being exposed, and you just don't like how it looks in the light of day.

Let’s Check the Receipts:
""Comedians in White Face"": She’s whining about the satire, but let’s be honest—Drewski is a legend for that. It was hilarious, it was effective, and it hit exactly where it needed to. If you can't handle the parody, maybe don't run a political machine. 

""Not Fit to be CEO"": Erika, this isn't an ""insult,"" it’s an objective fact. Turning Point is a multi-hundred-million-dollar organization. You are a stay-at-home mom with zero executive experience. Suggesting you aren't qualified to run a massive national non-profit isn't ""hate""—it's a performance review. 📉

THE BIGGEST LIE: This is the one that proves she’s lost the plot. She actually claimed on air that Candace Owens is saying Erika murdered her husband.

I am calling her out RIGHT NOW. Show me the clip. Show me the timestamp. Show me one single instance where Candace Owens said, or even implied, that Erika murdered Charlie. You can’t, because it never happened. 🛑

This is a bald-faced, desperate lie designed to smear Candace and deflect from the real questions being asked about the leadership (or lack thereof) at TPUSA.

Erika Kirk is using emotional blackmail to shield herself from accountability. She’s not a victim; she’s a CEO who can’t handle the job or the truth. 

Project Constitution doesn't care about your feelings, we care about the facts. Stop lying, Erika. 👇

CC: @RealCandaceO"
"'2043831224561447332'","4/13/2026 19:18","Tweet","872","707","148","17","4","EXPOSED: The UNHOLY Alliance Between Ben Shapiro, Erika Kirk, And The ADF — Planned LAWSUIT Incoming Against Charlie Kirk Investigation Crowd?😮

In a massive update on the TPUSA investigation, @RealCandaceO just revealed evidence of what she describes as a coordinated ""gang stalking"" operation to take her down. According to internal whistleblowers and video evidence, the Daily Wire is reportedly ""driving the bus"" behind a legal assault against Candace.
The Bombshell Allegations:
•The Legal Plot: Candace reveals that Ben Shapiro is allegedly in cahoots with Erika Kirk and the Alliance Defending Freedom (ADF) to sue her for her investigative reporting.
•The Boardroom Takeover: Evidence shows Daily Wire CEO Caleb Robinson has quietly taken a board seat at the ADF—a massive Christian free-speech org, despite having no legal background. Candace calls it a ""silent seat"" for Shapiro.
•The ""Obsession"": Candace questions the bizarre, high-intensity relationship between Ben and Erika. Why is Ben so ""financially and emotionally invested"" in protecting Erika Kirk and silence investigative journalism?
•Safety Concerns: Candace echoed Megyn Kelly’s sentiments on Mark Levin, stating she feels Shapiro’s obsession has become ""dangerous"" and constitutes non-stop harassment since 2024.
Is this a strategic move to hijack Turning Point USA? Or is it a personal vendetta to bury the truth about Aspen? Project Constitution is following the money and the board seats.
THE SCRIPT IS LEAKING. EXPOSE THE STALKERS. 🕵️‍♂️🏛️

FOLLOW @RealCandaceO, RT and watch her FULL episode linked below 👇"
"'2039488973454856423'","4/1/2026 19:43","Tweet","865","635","223","7","4","🚨SHOCKING: The Romney's Connection To Timpanogos Hospital —Plus The 8 MILLION Dollar DoD Payout🤯

The timeline is matching up. The money is matching up. The military connections are matching up.

Tonight, Candace Owens completely blew the lid off the Charlie Kirk assassination cover-up. If you want to know how the deep state executes a hit and clears an entire emergency room, you have to follow the money, the military, and the Romney family.

Buckle up. We are going deep into the architecture of a state-sponsored hit.

THE CLEARED HOSPITAL LOBBY:
Let’s start with Timpanogos Regional Hospital on September 10th. Reports and observations from that day suggest something highly unusual: the emergency room appeared remarkably empty. Where were the usual patients? Where was the normal, everyday ER traffic?

Is it standard protocol for a regional hospital lobby to be completely cleared out during a high-profile crisis? Who has the authority to lock down an ER in that manner, and why was the FBI allegedly so quick to seize the interior hospital footage while an active manhunt was still underway outside?

THE MANHUNT AND THE O-6 CAPTAIN:
Then there is the timeline of the manhunt itself. We all remember when Kash Patel and the FBI publicly announced they had a suspect in custody—a young man named Zachariah Qureshi—only to release him an hour and a half later with no further explanation. Did this premature public announcement inadvertently halt the police search, providing the real perpetrators an hour-and-a-half window to escape?

But who exactly is Zachariah Qureshi?

Public records show he is the son of Ahmed Qureshi, an active, high-ranking O-6 (Captain) in the United States Navy. Captain Qureshi is also the co-founder of a Dallas-based tech company called Bilt Inc., which specializes in ""3D interactive immersive intelligence"" applications.

THE $8 MILLION JUNE CONTRACTS:
This is where the public financial data gets very interesting. According to USA Spending records highlighted by Baron Coleman, Bilt Inc. had historically operated on relatively small federal contracts for years.

But suddenly, in June 2025—the exact window when many analysts suspect the events of September 10th were being planned—Bilt Inc. received massive payouts from the Department of Defense (specifically the Air Force) totaling nearly $8 MILLION.

Why the sudden, unprecedented influx of DOD cash to this specific company at this specific time?

THE ROMNEY CONNECTION TO TIMPANOGOS:
It gets even more curious. Who did Navy Captain Ahmed Qureshi co-found Bilt Inc. with?

Corporate profiles point to a man named Nathan Henderson. Nathan and his wife, Gina Romney Henderson, are executives at the company. In fact, records suggest the Qureshi and Henderson families even shared the exact same residential address in Keller, Texas, at one point.

And here is the data point that brings it all back to September 10th: Nathan and Gina Romney Henderson have a son named Connor. Connor attended BYU at the same time as Zachariah Qureshi. And according to his own professional LinkedIn profile, Connor was employed as an Emergency Room Scribe during the summer of 2025.

Where was he working? Timpanogos Regional Hospital.

Let's review the documented, public facts:

🔘The DOD awards $8 Million to Bilt Inc. in June 2025.

🔘Bilt Inc. is run by an active Navy Captain and members of the Romney family.

🔘The Navy Captain's son is detained and then quickly released by the FBI during the critical hours of the September 10th manhunt.

🔘The Romney executive's son was employed as a scribe in the exact, remarkably empty emergency room where Charlie Kirk was taken.

Are these simply the most staggering, unrelated coincidences in modern history? How do the Romney family, a Navy Captain, an $8 million DOD payout, and the specific hospital where Charlie Kirk was taken all intersect in one single narrative?

Special Thanks to amazing @Mia_Stretch who's tireless work led to the uncovering the Romney connection to The Qureshi's

The American people deserve transparency. You have the facts. We'll let you draw your own conclusions. 🇺🇸

FOLLOW @RealCandaceO, RT and watch her FULL episode down below. 👇"
"'2046710613338911216'","4/21/2026 18:00","Tweet","811","619","161","11","4","Candace Owens Exposes Erika Kirk’s Family ""Gun Business""—Why is Erika Kirk’s Mother Secretly Selling Guns?! 👀

If you thought the TPUSA cover-up couldn't get any darker, buckle up. The panic inside their camp is reaching a fever pitch. Blake Neff is currently having a public meltdown on X, desperately trying to call Candace Owens a ""liar.""

That’s a bold accusation coming from an organization built entirely on deception. Why are they spiraling? Because the leaks are turning into a flood.

Tonight, Candace just revealed they received a STUNNING new tip regarding Erika Kirk’s mother, Lori.

The Tip: Lori is connected to gun sales.

Let that sink in. While the Feds are desperately trying to frame a 22-year-old kid with an inoperable, heavily-modified WWII-era Mauser, we are now learning that the ""victim's"" own mother is quietly involved in the business of firearms?

As Candace perfectly put it: What industry is it that everybody is in? Everyone in this inner circle seems to be tied to moving weapons or deleting evidence (shoutout to Terrell mysteriously scrubbing his footage)—everyone except the actual kid they have locked up in a cage facing the death penalty.

The state's case is a complete sham, and the walls are closing in on the Kirk family syndicate. We are going to keep pulling these threads until the whole sweater unravels.

FOLLOW @RealCandaceO, RT and watch her FULL episode linked below. 👇"
"'2044238181164331041'","4/14/2026 22:15","Tweet","772","493","161","21","4","Did Victor Marx Just Foreshadow What We'e Been Alleging About Erika Kirk's Pattern Of TARGETING Young Vulnerable Girls? 

The texts are disturbing, the pattern is clear, and this needs to be seen by everyone.

Victor Marks lays it out perfectly: ""The sad part is broken women, broken girls... perverts, predators. They know that's who they go after.""

@5149jamesli  presents the alleged text exchanges between a 25-year-old Erika Kirk and a 15-year-old girl named Jill from 2013.

Read these messages for yourself and ask if this is appropriate:

Erika sends a meme that says, ""This Valentine's Day, I'm going to touch your butt.""

Erika writes, ""You have the most stunning features... Your eyes, your lips, your skin, you're absolutely beautiful.""

Erika gives the minor specific instructions on how to prepare her body: ""I forgot to tell you hydrate tonight, no alcohol, and don't eat a lot of salty foods. You don't wanna look bloated.""

This is followed by a bizarre exchange where Erika seems to almost let something slip, referring to the girl's ""age recognition"" before calling herself a ""twat waffle"" and blaming Siri.

James concludes with the most damning assessment: ""I don't wanna just throw out the term grooming haphazardly, but this just... it doesn't look good... I would probably not be sending these kinds of messages to a minor.""

He's right. It doesn't just ""not look good."" It's a textbook example of grooming behavior. It's an adult in a position of influence showering a minor with inappropriate compliments, sexual innuendo, and controlling instructions about her body.

This is the new CEO of TPUSA. This is the woman the syndicate wants you to believe is a grieving widow and a capable leader. These texts paint a very different picture—a picture of someone who allegedly targets and manipulates vulnerable young girls.

The American people deserve to know the truth about who is running the organization Charlie Kirk built.

Be sure to FOLLOW my bro @5149jamesli"
"'2039953635375710311'","4/3/2026 2:30","Tweet","730","596","110","24","4","🚨EXPOSED: How Did The ATF ""Match"" Evidence That Wasn't Even at the Scene— Plus Gary Admits Candace was Right All Along😳 

Buckle up, because the ""Official Narrative"" just tripped over its own shoelaces on @infowars. Gary Melton from @paramounttactcl sat down with @RealAlexJones  and managed to drop a bombshell that is as hilarious as it is terrifying.

The Magic Shell Casing 🪄🐚
Gary claims the ATF testing ""positively confirmed"" the spent shell casing found at the scene matched the murder weapon. One teeny, tiny, microscopic problem, Gary: The rifle was  BOLT-ACTION.

The spent casing was found STILL IN THE CHAMBER, not ejected.

THE GUN WASN’T EVEN FOUND AT THE SCENE. 🚫🔫

So, how exactly did they match a ""casing found at the scene"" when there was no casing on the ground and no gun in sight? Is the FBI hiring street magicians now? Or are we just supposed to believe in teleporting brass? 🎩✨

Welcome to the ""Side of Truth,"" Gary! 🤝👀
But wait, it gets better. Gary is finally ditching the ""Fed-slop"" narrative. He now admits he doesn't think Tyler Robinson acted alone and—get this—he says it could ""ABSOLUTELY HAVE FOREIGN TIES""

Wait, what’s that, Gary? Foreign ties? 🌍🛰️ Does that mean you're admitting @RealCandaceO Was Right?

It’s almost like Candace Owens has been saying exactly that for months while YOU and the rest of the ""Shady Bunch"" at TPUSA called her a ""maniac.""

The ""New Gary"" Effect 🔄😂
I have to wonder... does this sudden moment of clarity have anything to do with TPUSA trying to replace him with ""New Gary""? Nothing clears the head quite like getting ghosted and swapped out by the very people you were protecting.  Side note, check out the clip in the post below of New Gary's segment on the Charlie Kirk Show from earlier this week. 🏃‍♂️💨

Gary just accidentally admitted that the ""conspiracy theorists"" were right all along. The forensic math isn't mathing, the casings are imaginary, and the ""Foreign Ties"" are officially on the table.

They are overthinking again. And it is glorious to watch. 🍿🎥"
"'2042403958472249532'","4/9/2026 20:47","Tweet","697","502","141","54","4","🚨BREAKING: Trump Is Completely Delusional— Read This Unhinged Long Book He Just Wrote Attacking Candace Owens, Megyn Kelly, Tucker Carlson and Alex Jones.🤡

Wow guys, Donald Trump just released a statement that is so factually illiterate and psychologically unhinged, it makes you wonder who is actually writing his Truth Social posts—or if the old man has finally lost it entirely.

Let’s take a walk through this landscape of lies, shall we?

1. The ""Years of Fighting"" Revisionism 🤥
Donald, let’s be for real. Tucker, Megyn, and Candace didn't ""fight"" you for years. They carried you. They were the intellectual vanguard that convinced the American people that you actually meant what you said about ""America First."" They unfortunetly campaigned for you, and defended you when the mainstream media tried to bury you, and helped mobilized the base that delivered you a landslide. To call them ""troublemakers"" now that we’re asking for accountability on the Iran war? That’s not leadership; that’s a delusional breakdown. 

2. The ""3rd Rate Podcast"" Math 📉
He claims ""nobody is talking about them"" and that their podcasts are ""3rd rate."" That’s hilarious coming from a man whose real approval rating is currently hovering around 30%—the lowest in history.

Fact Check: Candace Owens podcast is number one in the world. Tucker and Megyn are dominating the charts as well, while your ""friends"" at CNN and Fox are bleeding out.

The Irony: If nobody is talking about them, why did you spend 500 words obsessing over them? If they're so irrelevant, why did you call Candace's personal cell phone to beg her to stop talking about Brigitte Macron? You can’t have it both ways, Donald.

3. The ""MAGA"" Hijacking 🏴‍☠️
You say their views are the ""opposite of MAGA."" On that point, I actually agree. Because ""MAGA"" has been hijacked. It’s been sold off to the highest bidder—specifically the Zionist lobby and the war-mongering Neocons who just staged a ""hostile takeover"" of the Republican party. They didn't leave the movement; the movement left them. They are America First. They believe in our borders, our economy, and our sons and daughters not dying in a protracted Middle East war for a foreign interest. You, on the other hand, are carrying the water for Brigitte Macron and Bibi Netanyahu. Who’s the ""traitor"" again?

4. The CNN 100% Approval ""Fed-Slop"" 🤮
I actually laughed out loud at the reference to the CNN poll claiming 100% approval for the Iran war. In a country that can’t agree on the color of the sky, you want us to believe 100% of Americans want to add billions to the national debt and send troops to Tehran? That isn’t a poll; it’s propaganda. It’s ""Fed-Slop"" served on a silver platter, and you’re the only one gullible enough to eat it.

5. The ""Beauty"" and the Lawfare ⚖️
Trump claims Brigitte Macron is ""more beautiful"" than Candace? Donald, your eyesight is failing almost as fast as your foreign policy. 

But more importantly—you applaud the lawfare used to bankrupt Alex Jones, yet you cry ""persecution"" when the Democrats use the same tactics on you? That is the definition of a hypocrite.

The Bottom Line: You call them losers, but you’re the one who fell for the ""Regime Change"" lies that every other president was smart enough to avoid. You’ve traded ""America First"" for ""Israel First,"" and you’re too arrogant to realize the base sees right through it.
You aren't a man of action anymore; you’re a man of transactions. And trust me, your legacy won't be a ""Red Wall""—it will be the ""Shit Stain"" of being the most unhinged, out-of-touch President to ever betray the people who put him in power.

Wake up Donald. Time to stop smelling your own farts. 🥂"
"'2043868381590499554'","4/13/2026 21:46","Tweet","678","444","217","17","4","🆘EXPOSED: The Frantzve FAMILY Business Model — From 1970s BRIBERY To TPUSA Dark Money🕵️‍♂️💸

Check out this thread on the Frantzve family tree, and it leads straight back to the ""Financial Wild West."" If you want to understand how Lori Frantzve and Erika Kirk operate their labyrinth of LLCs and NGOs, you have to look at the man who started it all: Carl Kenneth Franntzve.

The Blueprint: The American Banknote Company (ABN) Scandal
In the 1970s, Carl Kenneth Frantzve served as VP of Manufacturing at ABN. This wasn't just any printing company—they printed the currency and bonds for foreign nations. According to our research, his tenure overlapped with what the Church Committee revealed to be a global network of systematic corruption.

The ""Grease"" Payments: Before the 1977 Foreign Corrupt Practices Act (FCPA), bribery was a ""normal business expense."" Over 400 US companies admitted to paying more than $300 million in bribes to foreign officials.

Monopoly on Sovereignty: ABN maintained a predatory policy where foreign nations couldn't even own the plates for their own currency—effectively giving a private US corporation capture over their monetary systems.

The Slush Fund Model: Companies perfected the art of inflating contracts to funnel cash into secret accounts for ""consultants"" (intermediaries for foreign ministers).

The Evolution: From Currency to ""Stem Cell"" NGOs
This isn't just history; it's a succession plan. Heres how  these 1970s ""Wild West"" tactics have been modernized.

NGOs as Statecraft: @MikeBenzCyber  posits that NGOs and government contractors act as ""stem cells"" for the national security state—flexible tools used to exert influence where the CIA or State Department cannot.

Plausible Deniability: By using 501(c)(3)s and 501(c)(4)s (like TPUSA and its affiliates), bad actors can perform tasks that would be unconstitutional for the government to do directly.

The Information Nexus: Just as ABN managed foreign IDs and currency, Erika’s foreign NGOs (like the Romanian orphanages) allow for deep embedding in vulnerable populations, gathering intelligence under the guise of humanitarian aid.

Connecting the Dots: The Modern Web
The apple doesn't fall far from the tree. We see the same patterns today:

Systemic Falsification: Using ""slush funds"" and off-the-books accounts to hide payments.

Lobbying & Narrative Control: The nexus between tax-exempt charities and political LLCs.

The ""Censorship Industrial Complex"": Protecting these NGO operations by labeling any whistleblower or investigator (like us!) as ""disinformation.""

THE VERDICT: The practices perfected by Carl Kenneth Frantzve in the 70s—which were so corrupt they forced the passage of the FCPA—are the exact same ""Wild West"" tactics being used to funnel dark money through the Kirk/Frantzve network today.

STAY TUNED. We are following the money and exposing the entire corrupt system.🕵️‍♂️🏛️

From: @SammyTherese FOLLOW Her!"
"'2042822555724058675'","4/11/2026 0:30","Tweet","528","349","95","84","4","🚨EXPOSED: Erika Kirk And Her Proxy PRAY For God To ""BREAK OUR TEETH AND OUR MOUTH""—They're WEAPONIZING The Bible To Call For VIOLENCE Against Their Critics😱

This clip is the definition of ""mask off"" for Erika Kirk and Turning Point Faith leadership. Under the guise of ""forgiveness"" and ""kingdom business,"" Erika Kirk and her proxies just issued a chilling message to anyone investigating the truth behind Charlie Kirk’s death and the organization's finances.

Watch this and tell me it isn't a direct threat.  

Erika Kirk and her ""pastor"" proxies just took spiritual gaslighting to a dangerous new level. While preaching about ""forgiveness,"" they just subliminally green-lit their followers to attack investigators.

🔍 THE BREAKDOWN:
""Demonic Acclamation"": Pastor James Kaddis claims that if you find anything ""suspect"" about Erika’s narrative, you aren't an investigator—you have a ""demonic acclamation."" It’s the ultimate way to dehumanize critics. 📁👹

The Low-Key Call for Violence: Kaddis openly admits he prays for God to ""BREAK THEIR TEETH AND THEIR MOUTH."" Erika’s response? A firm ""Amen."" They are literally asking for physical harm to come to those asking for transparency. 🦷💥

Subliminal Targeting: By labeling truth-seekers as ""evil"" and ""inspired by the Father of Lies,"" they are telling their followers that attacking us is a ""spiritual duty."" This is how you weaponize a fan base.

The ""Ignore the Noise"" Shield: Erika claims her energy only goes to her ""business"" and her kids, yet she spent the entire segment obsessing over the ""horrible things being said."" If it's just ""noise,"" why are they praying for our dental work to be destroyed? 

🎙️ THE CRINGE MOMENT:
""I don’t think there’s anything wrong with praying the prayer... God break their teeth in their mouth. I’m praying that prayer for a lot of people."" — Pastor James Kaddis

⚠️ THE REALITY:
They are terrified. They are calling for ""perfect justice"" because they know the human justice system—and the investigative receipts—are closing in. When you can’t answer the fraud allegations, you start praying for the investigator’s mouth to be shut. Literally.

WHO IS THE REAL ""DEATH CULT""? 🏛️💀 They claim we are drinking poison, but they are the ones praying for violence in the name of the ""Prince of Peace.""

SOUND OFF: Is this a prayer meeting or a mob hit disguised as a sermon?"
"'2044906179378188564'","4/16/2026 18:30","Tweet","505","378","95","7","4","🆘EXPOSED: The Secret Service JUST Debunked Erika Kirk's LIES There Was No Credible Threat. 🤥
 
The establishment is scrambling, and the narrative is crumbling in real-time. Candace Owens just dropped a truth bomb that exposes exactly how deep the deception goes. If you aren't paying attention to the ""secret threats"" being manufactured by the mainstream, you’re missing the forest for the trees.

The Secret Service didn't just disagree; they effectively called her a liar. When the most elite security detail in the world issues a public statement to shut down a narrative, you know the ""threats"" being sold to the public are nothing but smoke and mirrors.

THE VICTOR MARX CONNECTION: Why was Marx the first person to announce Charlie Kirk’s ""death"" (a post he later deleted)? And more importantly, why do allegations of ties to foreign intelligence keep surfacing? The timing isn't a coincidence—it's a calculated tactic.

THE ATF NOTHING BURGER: After all the buildup, the ATF ""summary"" is a total dud. They want you distracted by the noise so you don't look at the signal.

THE BOTTOM LINE:
We are being fed a diet of manufactured crises. When the official reports come back empty and the ""whistleblowers"" get debunked by their own agencies, you have to ask: Who benefits from this chaos?

The truth doesn't need a ""secret"" label to be real. It just needs to be told.

FOLLOW @RealCandaceO, RT and watch her FULL episode linked below. 👇"
"'2046386894489948434'","4/20/2026 20:33","Tweet","415","323","84","8","4","That's not what they said at the Press Conference. Seems like they again are caught changing their story midway to fit the narrative. 

BTW you AGAIN are violating the gag order, even after the defense specifically called Turning Point out for making prejudicial pretrial statements. 

You will burn in hell @BlakeSNeff for your lies, but PLEASE keep talking because the more you do the easier it will be for them to declare a mistrial for your side tainting the jury."
"'2042511173757669458'","4/10/2026 3:53","Tweet","408","260","125","23","4","🚨 THE WHITE HOUSE PANIC: WHAT IS MELANIA TRYING TO BURY? 🕵️‍♀️
The internet is exploding after Yesterday's high-stakes, on-camera denial from First Lady Melania Trump at the White House regarding any connection to Jeffrey Epstein.

She called the ongoing claims “lies” that “need to end today.” But the timing is raising massive questions. Why is the East Wing suddenly in a state of high alert over a story they claim is ancient history?

📚 THE SCRUBBED MANUSCRIPT
The answer may lie in the legal firestorm surrounding the book Entitled: The Rise and Fall of the House of York by Andrew Lownie. Reports confirm that the initial 2025 hardcover print run contained a nuclear-level quote attributed to a 2007 interview with Jeffrey Epstein:

“The first time Donald had sex with Melania was on my plane. Little did he know I beat him to the punch a year before... things got wild... I ended up almost naked in the back of a limo, going at it with Melania.”

⚖️ THE SILENCE OF THE LAMBS
As soon as those first 60,000 copies hit the shelves, Melania’s legal team descended.

The Recall: HarperCollins UK was forced to recall the book and scrub the passage from all future printings, e-books, and audiobooks.

The Apology: The publisher issued a public apology, attempting to bury the claim entirely.

The Missing Tapes: While Michael Wolff’s 2017 tapes (containing a different claim about the couple) are public, the raw audio or full transcript of this specific 2007 interview has never surfaced.

❓ THE PREEMPTIVE STRIKE
Is Melania’s White House address a genuine defense of her character, or a preemptive strike against something else about to break?

The book was scrubbed. The alleged 2007 interview tape is still missing. And now—just months later—the First Lady is using the White House podium to declare the Epstein talk must end.

Why was the legal response to this specific book so aggressive?

Why did she wait until April 2026 to make this specific on-camera denial?

If the story is ""defamatory and false,"" why the sudden five-alarm fire drill in the West Wing?

🧊 THE BIG PICTURE
The Epstein shadow continues to loom over the administration, and this level of damage control suggests the ""official narrative"" is under serious pressure.

Melania says the talk needs to ""end today,"" but without the release of the unedited 2007 interview transcripts, the questions will only grow.

Is this the final cover-up of the Epstein era, or the crack in the armor that brings the whole house of cards down? Share this before the ""Handlers"" scrub it again. 🕊️

Video from: @RT_com"
"'2049440414621430127'","4/29/2026 6:47","Tweet","388","291","66","14","4","‼️EXPOSED: Andrew Kolvet Promised a Debate—Now He’s Running Scared! 👀

Let’s be very clear about what is happening here. Andrew Kolvet stood outside his own headquarters, looked Zee and the Unf*ck America crew in the eye, and promised a debate. He looked into the camera and said, ""I think it would be fun.""

Well, Andrew, where is the fun? Where is the date? 🔎

We are watching the absolute collapse of an organization in real-time. Andrew is currently playing the ""busy"" card, pretending he can’t find a single window in his schedule, while we all know the truth: They are terrified of an unscripted moment. They are terrified of facing real people with real questions—questions their own base is screaming in the comments section every single day.

It is frankly pathetic.

Charlie Kirk—regardless of what you thought of him—was a man of conviction when it came to the arena of ideas. He didn’t hide. He went to UVU, he stood on those campuses, and he debated the people who hated him most. He believed in free speech enough to die for it.

And now? The people left in charge have turned his legacy into a scripted, curated, propaganda machine that is carrying water for the establishment while the republic burns. They’ve abandoned the mission, and they’ve abandoned the base. 

Andrew, nut up. Stop the gaslighting. You were given an open invitation: any time, any place, any location. If you won't step on that stage, you are admitting that TPUSA is officially dead.

🔥 THE STORM IS COMING: If you aren't following @ZeeToTheHill  on X, you are missing the full picture. She has information coming out in the next 48 hours that is going to shake Turning Point to its core. 💣

NUT UP! @AndrewKolvet 

Watch the receipts BELOW."
"'2042785961377997228'","4/10/2026 22:05","Tweet","367","271","69","27","4","🚨THE END OF AN ERA: ""MAGA IS DEAD"" — Candace Owens Declares a New Mission! ☠️🇺🇸

Candace Owens has officially declared the end of the Trump era as we know it, launching a massive rhetorical assault on the Likud government and dropping a ""MAGA is Dead"" movement that shifts the focus from politics to a new spiritual battleground. 📉⚔️

The entire foundation has shifted. Tonight, Candace Owens delivered a chilling monologue framing the current conflict as a spiritual war between a ""Death Cult"" and the ""Christian Spirit."" 🕯️🙏

🛑 THE ""DEATH CULT"":
The Likud Party: Candace pulled no punches, calling the Likud government in Israel a ""murderous death cult"" that ""celebrates the sacrifice of children.""

The Monsanto Connection:  Trump’s reversal on phosphorus and Monsanto was done specifically to ""poison people in Lebanon"" at the behest of foreign interests. 🧪🚩

The Sacrifice of Charlie Kirk: In her most heartbreaking claim yet, Candace stated her belief that Charlie Kirk was the ""first casualty of the Iranian war""—sacrificed by this very cult to pave the way for a broader conflict.

🎙️ ""MONEY IS NOTHING NEXT TO TRUTH"":
""They think they can sue us? Money is almost nothing next to the truth. I will forever maintain that Charlie Kirk was sacrificed by this death cult.""

🧢 THE NEW MOVEMENT: MACA (Make America Christian Again)
With MAGA in her rearview mirror, Candace unveiled a new line of merch that is already going viral: MACA.

The Shift: She says the ""Four Horsemen"" (herself, Tucker, Alex, and Megyn) are leading the pivot toward Making America Christian Again.

The Message: Candace argues that the ""MAGA"" name has been tarnished by the ""Epstein Class,"" and the only way forward is to return to a ""Christian Spirit"" that rejects the ""unnatural"" craving for death and war. 🛡️🕊️

THE LINE HAS BEEN DRAWN. 🇺🇸 Is it time to retire the Red Hat for the Green Hat? Has the ""MACA"" movement officially replaced the ""MAGA"" establishment?

THE FOUR HORSEMEN: Candace, Tucker, Alex, and Megyn vs. The ""Epstein Class."" ⚔️

Are you with ""The Four Horsemen""?

COMMENT ""MACA"" if you believe it’s time to Make America Christian Again. 💬 

COMMENT ""TRUTH"" if you believe Charlie Kirk deserves justice.💬

""A Sinking Ship"": Why Candace Owens says Jewish Americans are flooding her inbox in support. 📥🤝

FOLLOW @RealCandaceO, RT and Watch her FULL podcast linked below. 👇"
"'2039861386134909411'","4/2/2026 20:23","Tweet","352","264","84","4","4","🚨BOMBSHELL:  TPUSA CAUGHT Red Handed— Erika Kirk Was NOT With Her Mother When She ""GOT THE CALL"" That Charlie Had Been Assassinated 😱

Candace Owens just systematically dismantled the ""doting daughter"" narrative that TPUSA has been selling since September 10th. While the media painted a picture of Erika collapsed in a hospital parking lot after a doting morning with her ailing mother, the forensic timeline tells a much different—and darker—story. 

The Pre-Sold Narrative:
Candace points out a calculated move: On September 8th—two days before the assassination—Erika posted a video of her mother looking ""tremendously frail,"" despite not posting her for years.

""It feels like providing the public with an unimpeachable boundary... Anything I say attached to my ailing mother should not be questioned because that would be immoral."" It wasn't a post; it was an emotional insurance policy. 🏗️⚔️

The ""Hospital"" That Wasn't:
The New York Times claimed Erika was in a ""hospital room."" Erika told Jesse Watters she was at a ""medical appointment."" The Reality: The location is a holistic IV therapy clinic. It is not a hospital by any stretch of the imagination.

The Missing Eyewitnesses :
September 10th was the ""9/11 of political media."" Everyone remembers where they were. Yet, in a massive parking lot at a busy clinic, not one person can confirm seeing a high-profile woman collapse in grief.

Candace’s team chased the ""nurse"" rumors in circles. Every nurse ""heard it from another nurse,"" but no one was an actual first-person witness to the collapse. 

After prodding the ""solidified"" stories, the truth started to leak. Multiple sources allege Erika was actually in a private meeting with the lead doctor (who has deep federal political ties via his wife)—without her mother.

The Security Guard: Other witnesses claim she was with security guard Derek Neikirk when the news broke—again, not with her mother.

The Minnesota Witness: A woman from Dassel, MN has reportedly come forward claiming SHE was the one with Erika’s mother when the news hit.

If Erika and her mother were apart, why the elaborate lie about the ""treatment center collapse""? Was the clinic an ""airtight alibi"" pre-arranged by friends in high places? 

The ""Shady Bunch"" is overthinking, and as Candace says, unnecessary complexity leads to incrimination. 

FOLLOW @RealCandaceO, RT and watch her FULL episode linked below.👇"
"'2049132162545320272'","4/28/2026 10:22","Reply","344","309","20","12","4","because you ARE a FED and Erika Kirk DID participate in Charlie's assassination and/or the coverup in my opinion. Also @baroncoleman  is right, you're X feed is extremely disingenuous and irresponsible. You constantly push lies and falsehoods to appease your employers. i would have expected much better from a literal  descendant of a Kandahar Giant. Shame on you Gary."
"'2046356799859667119'","4/20/2026 18:34","Tweet","329","248","43","9","4","😡The Feds Are HIDING The Evidence—Candace Owens Exposes the FBI’s ""Trust Me, Bro"" Court Games👀

If you thought the state had a ""slam dunk"" case against Tyler Robinson, think again. Tonight, Candace Owens just dropped a massive reality check on how the prosecution is deliberately stalling and hiding crucial data from the defense.

Here is what you need to know about the sham playing out in the courtroom right now:

🛑 The ""Slam Dunk"" That Doesn't Exist: Back in December, Erika Kirk’s own lawyer admitted to Candace that they had no more evidence than the public has. They were banking on the state to go out and miraculously find it. 

🛑 The ""Trust Me, Bro"" Files: For a probable cause hearing, the defense needs to see the raw data to prepare their arguments—the actual ballistics, the electronic quantification, the chain of custody, and the bench notes. Instead, the FBI and ATF are refusing to hand over the raw data files. They are only giving Tyler Robinson's attorney, Richard Novak, ""summary reports"" and expecting the court to blindly trust their conclusions. 

🛑 The 6-Month DNA Lie: The feds claimed they had DNA reports linking Tyler to the scene back in September 2025. They used that narrative to nail their fall guy in just 3 hours. Yet, six months later, they still won't hand those actual data files over to the defense so they can be independently verified?

Why is the FBI hiding the chain of custody and the raw forensic data? Because when you look at the raw numbers, the official narrative shatters. They don't want independent defense experts looking at the actual ballistics or DNA because it won't match the clean little story they’ve been feeding the public.

This isn't a fair trial; it's a coordinated cover-up. We are watching the justice system bend over backwards to protect a narrative that is falling apart at the seams.

FOLLOW @RealCandaceO, RT and watch her FULL episode linked below. 👇"
"'2046359072476156077'","4/20/2026 18:43","Tweet","302","224","57","8","4","😱EXPOSED: The ""SLAM DUNK"" Text Messages Might Be Completely FAKE—Defense BLOCKED from Accessing Tyler Robinson's Phone! 👀

The State's entire case against Tyler Robinson is built on a series of leaked text messages that read like a bad Jane Austen novel. We were told these messages were the ultimate ""slam dunk"" confession.

But Candace Owens just exposed a massive, glaring problem on her podcast tonight: The defense hasn't even been allowed to look at Tyler's actual cell phone. Let that sink in.

The prosecution is planning to drop 35 exhibits at the upcoming probable cause hearing—undoubtedly including these infamous text messages to his roommate/witness. Yet, Tyler’s own defense attorney, Kathy Nestor, just admitted on the record that they cannot verify a single one of them because the State is withholding the physical device.

Why does this matter?Because screenshots mean absolutely nothing in 2026. Without forensic access to the device, the defense cannot prove: 

📱 If the messages were actually sent from that phone. 

📱 If the roommate had both phones and was just texting himself to create a paper trail. 

📱 If the Feds completely fabricated the digital screenshots out of thin air.

Remember, these messages were originally leaked to the media as ""Discord chats"" before the narrative magically changed to ""text messages.""

If the State had actual, verified, forensic proof that Tyler sent those messages, they would have handed the phone over months ago. Instead, they are hiding the data and asking the judge to just blindly trust their 35 printed-out pictures.

This isn't an investigation. It's a highly produced theatrical performance, and they are terrified of letting the defense look behind the curtain.

FOLLOW @RealCandaceO, RT and watch her FULL episode linked below. 👇"
"'2044926412574826934'","4/16/2026 19:50","Tweet","272","168","75","8","4","EXPOSED: Victor Marx Unmasked as a Class 1 Federal Firearms Dealer LEAKED Texts Reveal Victor Marx Trying To BUY Arms For The  IDF.🔫🇮🇱

The investigation into the events of September 10th just took a dark, tactical turn. We’ve been asking how a ""private citizen"" manages to move 50+ firearms at a time. Tonight, Candace Owens and Baron Coleman provided the answer: Victor Marx is a Class 1 Federal Firearms License (FFL) holder.

He’s not just a ""pastor"" or a ""humanitarian."" He is a registered arms dealer operating out of Colorado Springs.

THE FFL REVEAL: BEYOND THE PULPIT

The Designation: Victor Marx Group LLC holds a Class 1 FFL.

The Implications: This isn't just about owning guns for self-defense; it’s about the legal authority to engage in the business of firearms. As Candace noted: “I’ve had a few preachers over the years... I don't believe any of them have been licensed firearms dealers.”

THE ISRAELI CONNECTION: THE PATENT DEAL
The most explosive evidence tonight came from Corby Hall’s leaked text messages. The logs from April 2025 show Victor Marx explicitly transacting on behalf of an ""Israeli Defense Group.""

The Goal: They weren't just looking for units; they wanted the patent for the ""FoldAR"" technology.

The Pressure: When Corby expressed concern that the technology should protect schools rather than being used for war, Marx pivoted to ""spiritual"" manipulation, telling Corby that ""God resists the proud"" while pushing him to take a paycheck and hand over the rights to the IDF.

The Reality: Victor Marx was acting as a bridge for foreign military interests to acquire advanced U.S. weapons technology months before Charlie Kirk's death.

THE ""SNIFF TEST"" ON VIOLENCE
Victor Marx admitted to threatening to ""whoop"" Corby Hall’s ass on his own training compound—a property crawling with military-trained security. Marx’s excuse? He claimed he was ""teaching him how to punch"" because Corby was ""depressed.""

 Does it make sense for a depressed man to threaten an armed FFL dealer on his own turf? Or was this a high-pressure intimidation tactic used to force a patent sale?

THE MASTER TIMELINE: 1:13 PM
We return to the most haunting fact: Victor Marx knew Charlie Kirk was dead at 1:13 PM MST—the same time Erika Kirk was allegedly finding out from doctors. He beat the President of the United States by nearly an hour and a half.

THE QUESTION REMAINS: How does a ""pastor/arms dealer"" with deep ties to the IDF and a Class 1 FFL get the internal notification of a public figure’s death before the Secret Service or the White House?

Victor says he wants to sit down with Candace—but only on his terms. We say: Bring the receipts, Victor. The state of Colorado and the American people deserve to know who you really are.

FOLLOW @RealCandaceO, RT and watch her FULL episode linked below. 👇"
"'2043691826897432693'","4/13/2026 10:04","Reply","259","204","47","8","4","Edward Snowden Leaked Slides For CIA Prism Database Containing Erika Kirk's Mom's name Lori Frantzve being listed as a ""NSA Agent"". https://t.co/Y03gKMwqDt"
"'2039832737360556205'","4/2/2026 18:29","Tweet","243","204","36","3","4","🚨 THE SHADY BUNCH: Why Blake Neff is Candace’s FAVORITE ""Emotionally Immature"" Antagonist— Plus Erika Kirk's Alibi is the NEXT Pillar to Fall.😲

Candace is back with that signature calm-before-the-storm energy, and she isn’t just ""prodding"" the narrative anymore—she’s dismantling it. Between the fallout of Pam Bondi being fired and the internal chaos at Turning Point, the ""official"" story is looking thinner by the hour. 

The Blake Neff Comedy Hour 🤡
Candace isn’t even angry at Blake anymore; she’s entertained. Watching his emotional outbursts is like watching a rerun of Tom and Jerry—predictable, hysterical, and ultimately self-destructive.

""Tom's got a Tom... Blake's got a Blake."" While he’s busy lashing out and ""making things worse"" for the network, the real researchers are following the receipts.

The ""Alibi"" Under the Microscope 🩺🧐
Here is the part where it gets delicate. We’ve all heard the narrative: Erika Kirk was supposedly with her mother receiving medical treatments when the call came in from Mikey McCoy that Charlie had been shot.

Candace has been quietly investigating that timeline in the background, and the discoveries are... interesting. 

What are they actually hiding? 🏗️⚔️

Candace is going on break next week, but she’s leaving us with enough breadcrumbs to keep the entire ""Shady Bunch"" awake at night. The truth doesn't care about your ""emotional immaturity,"" Blake. It only cares about the data. 📑✈️

FOLLOW @RealCandaceO and watch her FULL episode linked below.👇"
"'2042385210340180065'","4/9/2026 19:32","Tweet","220","192","23","5","4","🚨 FLASHBACK: THE Day Charlie Kirk RODE A Horse Through New York City—Behind The Scenes CANDID Footage🏇🤠

NEW YORK CITY — Before the tragic events of September 10th reshaped the political landscape, Charlie Kirk delivered one of the most iconic moments in cable news history. Today, we’re looking back at the behind-the-scenes footage from July 27, 2025, when the Turning Point USA founder traded the lecture hall for a saddle in the heart of Midtown Manhattan.

🎥 THE MIDTOWN ""COWBOY""
Appearing on Fox & Friends Weekend, Kirk wasn't just there to provide analysis; he was there to lead by example. Despite being raised in Chicago with zero ranching experience, Kirk famously mounted a horse outside the Fox News studios.

The unscripted footage reveals a side of Charlie the mainstream media often ignored: Charlie was never afraid to try something new and step outside of his comfort zone.

Charlie joked about his ""underhand"" lasso technique, openly admitting he had no idea how to rope a bull on national television.

The ""Man of Will"": He emphasized that the stunt took ""a lot of persuasion and a lot of will,"" reflecting his personal mantra of pushing past comfort zones.

The Mission: Even amidst the spectacle, Kirk remained focused on the work, noting that hosting and advocating for the movement was a ""thrill"" that offered experiences one couldn't find anywhere else.

These clips serve as a stark reminder of the void Kirk left behind. While current TPUSA leadership faces questions regarding ""transactional"" data harvesting and internal power shifts, this footage captures the original spirit of the movement—one rooted in authenticity and a fearless willingness to ""fail"" in front of millions for the sake of a larger cause.

""More people need to be willing to try new stuff, be willing to fail. And sometimes you fail on national television in front of millions of people... But I did get on a horse."" — Charlie Kirk

🕯️ THE EMPTY SADDLE
Months after his passing, the image of Kirk riding through downtown Manhattan remains a symbol of the ""America First"" energy that defined a generation. As the trial of Tyler Robinson approaches and the ""ghosts in the machine"" continue to be exposed, we remember the man who wasn't afraid to take the reins.

Rest in Peace, Charlie. The movement you started continues to ride."
"'2044092146613895338'","4/14/2026 12:35","Tweet","182","142","30","10","4","🆘EXCLUSIVE: The 2012 NITE FLITE Filess—Which Scottsdale ELITES Were Partying with Erika Kirk in 2012?🥂🧜‍♂️

I have obtained exclusive, unearthed footage and a  photo set of Erika Kirk (Frantzve) at the 2012 Nite Flite Gala. While this was billed as a ""charity event for children,"" the imagery we’ve uncovered tells a much darker, more ritualistic story. 🎭🪚

WE NEED YOUR HELP: 🔍 The ""Scottsdale 20/30"" crowd is a small, powerful circle. We are looking to identify the individuals seen in the background of these shots and interacting with the ""Miss Arizona"" entourage.
Do you recognize anyone in these photos?

Were you at Talking Stick Resort on Oct. 13, 2012?

Erika has a long history of being ""involved"" with children's organizations, from Scottsdale to her controversial past in Romania. Given the GROOMING allegations and her social media behavior toward young girls, we need to know exactly who she was rubbing elbows with during these ""charity"" events.

The ""Ick"" is Real: From the disturbing spectacle of Erika bringing up her mom unprompted saying ""my momma's got sass"", to her STILL clinging to that Miss Arizona sash like a life preserver, to her performative ""MODEL WALK"" on demand, the energy of this event was a total inversion of what a children's charity should be.

Instead of a focus on the kids, the gala was a playground of DEGENERACY: alcohol o’ plenty, scantily clad women parading for the elite, and BIZARRE, ritualistic imagery involving mermaids in tanks and actual chainsaws. It wasn't a fundraiser; it was a high-octane display of excess and ""ick"" that raises serious questions about the true nature of these ""philanthropic"" circles. 

👇 VIEW THE PHOTOS & VIDEO ABOVE. If you recognize ANYONE in this footage—business leaders, politicians, or ""influencers""—COMMENT BELOW or DM us immediately.

📥 Email tips to: projectconstitutionvideos@gmail.com"
"'2049626247009833255'","4/29/2026 19:05","Tweet","182","140","28","6","4","‼️HYPOCRISY EXPOSED: Erika LECTURES Journalists For Filming During Active SHOOTER Incident—But Her Own TEAM Did It After Charlie’s Assassination 👀

Candace just dropped a truth bomb that has the internet spinning. Erika Kirk spent her latest monologue lecturing journalists for ""filming themselves"" during the White House Correspondents' Dinner shooting—claiming they broke the ""number one rule of journalism"" by becoming the story.

But Candace remembers what they want you to forget. 

Erika says it’s ""desensitized"" and ""ironic"" for journalists to record clips for social media during an active shooter incident. She claims ""fight or flight"" should have taken over. 🤨

Candace played the footage of Terrell Farnsworth—Erika’s own team member—who did the EXACT same thing. Seconds after the tragic assassination of Charlie Kirk at UVU, while the situation was still ""active"" and chaotic, Terrell was recording himself for the world to see. 🎥⚠️

So why is it ""thug life"" and ""vile"" when a CNN reporter does it, but totally acceptable when your own staffer does it while your husband is on the ground? 🎤💥

""I’m just pointing out the irony. You can’t call out journalists for the very same actions your team took—and continues to take. It’s not just weird; it’s a total double standard."" 🗣️💯

Candace is refusing to let the ""Widow-Grift"" rewrite history. If we’re calling out desensitization, let’s start with the people who were hitting ""record"" before the smoke even cleared at UVU.

F)OLLOW @RealCandaceO, RT and watch her FULL episode linked below.👇"
"'2038282118388679044'","3/29/2026 11:48","Tweet","101","65","20","16","4","🚨 My Favorite AUSSIE TROLL Just Dropped A NEW Video About Me - It's Objectively Hilarious🤣 

I have to admit, I genuinely enjoy when ""The Story Box"" On YT (@jay_fantom) makes hate videos about me. I don’t know if it’s the accent or the fact that he unironically calls me a ""dingbat,"" but it is objectively hilarious. He is officially my number one dedicated troll, and I love it. 🇦🇺😂

In his latest video, he’s absolutely baffled that I just received my SECOND Cease and Desist letter from TPUSA and haven’t backed down. He literally asks the camera, ""Wanna make it a third, mate?""

Yes. Yes, I do.

Challenge accepted, mate. I am officially collecting these Cease & Desist letters like they are rare Pokémon cards. Gotta catch 'em all! 🃏🔥

He thinks the threat of a major lawsuit is going to make me stop asking questions, fold to the syndicate, and shut up. Not a chance. If you're taking flak, it means you're directly over the target.

I will not be deterred. Bring on C&D Number 3‼️🇺🇸"
"'2050043343502004729'","4/30/2026 22:43","Tweet","14","9","2","0","4","🚨 I Got An HONORABLE Mention In The LAWSUIT, Baby! 😂

You know it’s a good week when @benshapiro  — oops, I mean Brian Harpole — drops a 69-page defamation suit against @RealCandaceO and @Justice4Gr8Nate and your boy @ProjectConstitu gets a shoutout in paragraph 65 for the exact Fort Huachuca posts that started it all.

Here’s what’s wild: Instead of coming after ME (or @baroncoleman) for actually writing the story they took issue with… they instead bypassed us and went straight after Candace for simply reposting it.

Make it make sense.

I know, I know — I should be grateful. Out of everyone terrorizing TPUSA with the truth, I’m the only one blessed enough to have received two cease-and-desists from Erika Kirk and Turning Point. Baron’s still patiently waiting on his first.
But I’m not gonna lie… I’m kinda jealous over here.
Where’s my lawsuit, Harpole? I feel left out 😭

Drop your “welcome to the club” memes below 👇"
