"tweet_id","created_at","type","language","engagement","favorite_count","retweet_count","reply_count","bookmark_count","target_hits","risk_score","text"
"'2038167542057857524'","3/29/2026 4:13","Tweet","en","31889","21230","6539","632","3488","4","3","🚨EXPOSED: Here's What Joe Kent COULDN'T Say On Alex Jones Show—12 FOREIGN Cell Phones Were On The Ground At UVU When Charlie Kirk Was Assassinated.😱

When Joe Kent went on Alex Jones and admitted his team discovered a ""foreign nexus"" immediately following the assassination of Charlie Kirk, he was careful not to name the specific country. But when you piece together his timeline with the massive bombshell just dropped by @RealCandaceO, the entire cover-up falls apart.

We know exactly what the FBI was trying to hide. Here are the facts:

Kent confirmed that the second his team found leads connecting foreign entities to the assassination at Utah Valley University, the FBI immediately kicked them off the trail, revoked their access, and shut them out of the investigation. Why the sudden panic from the Feds?

THE 12 ISRAELI CELL PHONES:
Because, as Candace Owens publicly confirmed beyond a shadow of a doubt, there were 12 Israeli cell phones active on the ground at UVU on September 10th. These weren't American students using routed VPNs—these were actual, personal cellular accounts opened inside Israel, operating at the exact location where Charlie was killed.

Charlie was actively and aggressively lobbying against the establishment's war in Iran, refusing to back down even after the ""Midnight Hammer"" strikes. He explicitly warned people that ""they"" were going to kill him, and he was facing massive threats and pressure from foreign-aligned donors.

The NSA knows about these 12 phones. Kash Patel knows. The Trump administration knows.

This is textbook probable cause. If there is nothing to hide, release the data. We demand a full, unredacted, immediate investigation into exactly who was holding those 12 Israeli cell phones at UVU when Charlie Kirk was executed. 🇺🇸

@joekent16jan19 @RealAlexJones @RealCandaceO"
"'2042590760512401454'","4/10/2026 9:09","Tweet","en","21615","11715","3440","517","5943","1","3","🚨EXPOSED: Palm Beach Pete Has the Exact Same Mark as Jeffrey Epstein— The Final Proof That Jeffrey Epstein is Alive😱

This is the final piece of proof. They faked Jeffrey Epstein's suicide, and we have him. This is not a theory anymore.

It started with the uncanny resemblance. A man driving a luxury car in Palm Beach who looked so much like Epstein it set the internet on fire.

Then, online sleuths matched his teeth. The dental records didn't lie.

Then, in a bombshell TMZ interview, ""Palm Beach Pete"" admitted to living in New York City when Epstein was there, and then in Palm Beach when Epstein moved to his infamous estate. He even admitted to having ""partied with Epstein in the past.""

But now, we have the smoking gun. The absolute, undeniable proof.

Palm Beach Pete has the exact same tattoo on his arm, in the exact same spot, that Jeffrey Epstein had.

Let that sink in. What are the odds that a man who looks exactly like Epstein, lived in the same cities as Epstein, partnered with Epstein, and goes by the name ""Palm Beach Pete""... also has Epstein's exact same tattoo?

The odds are zero. This is Jeffrey Epstein.

They didn't kill him in that cell. They cleared all his charges, gave him a little plastic surgery, and set him free. The evidence is piling up that the establishment faked his death to cover their crimes and now the fake media wants you to believe it was just a series of coincidences. 

It wasn't a suicide. It was an operation. And this is the the proof they pulled it off.

He's living out in the open, driving luxury cars, confident that no one will ever touch him. This is the biggest insult to every victim and every American citizen who was told to believe the official story.

The system is a fraud. The justice system is a joke. And Jeffrey Epstein is still out there.

They thought we would forget. They thought we would move on. We didn't. Share this everywhere. The world needs to know the truth. 🇺🇸⚓️"
"'2047824400733376581'","4/24/2026 19:45","Tweet","en","19970","13411","3399","576","2584","6","2","🚨EXCLUSIVE: Texas State TPUSA Chapter Member Just RESIGNED & Dropped a SCATHING Resignation Letter CRITICIZING Erika Kirk and Other TPUSA Executives 👀

Mason Lemme (@LemmeReact) officially disassociated from Turning Point USA on April 10th — exactly 7 months after Charlie Kirk’s assassination.

In his letter, he exposes the massive manipulation of the Christian faith to push the “lone shooter miracle” narrative, suppress questions about the .30-06 rifle footage, and backtrack on Charlie’s original stances.
He calls out the “deeply disturbing” leaked Zoom calls, the shift to “TPUSA 2.0,” and how leadership is weaponizing Jesus to shut down anyone asking for the truth.

Direct quote from the letter:“I truly believe that there has been a massive worldwide manipulation of the Christian faith surrounding the assassination of Charlie Kirk. This strategy was used to weaponize people’s faith in Jesus against themselves in order to make people believe a specific narrative.”
TPUSA died with Charlie. 

The grift continues without him.

Drop a 🔥 if you’re done with the fake “conservative” machine. RT to make sure @ErikaKirk and the TPUSA elites see exactly what their own chapter members think of them now.

FOLLOW @LemmeReact And go watch his FULL video linked below as i left a lot out. 🔽

CC: @RealCandaceO @baroncoleman @MrsErikaKirk @AndrewKolvet @BlakeSNeff @tylerbowyer @TPUSA @AubreyLaitsch"
"'2043691823915299155'","4/13/2026 10:04","Tweet","en","17547","10857","4093","237","2360","3","0","🚨EXPOSED: Lori Frantzve Appears In Edward Snowden LEAKED Prism Docs As ""NSA Agent""—Erika Kirk's Mom CONFIRMED As Intelligence Asset.😱

I just discovery  Lori Frantzve’s name in the leaked documents released by Edward Snowden. This document explicitly lists her under a section titled ""DOX,"" identifying her among a group of alleged NSA agents whose personal data was exposed.

For those of us tracking the ""New TPUSA"" narrative, this isn't just a coincidence—it’s a confirmation of the Intelligence Asset theory.

🚩 The ""Legacy"" of Lori Frantzve
Lori’s inclusion in a list of NSA personnel alongside former directors like Lt Gen Kenneth Minihan adds massive weight to the claim that she has spent her career embedded in the deep-state apparatus. If Lori is a confirmed intelligence asset, her daughter's entire life story suddenly looks like a meticulously managed operation.

🎭 The Targeted Infiltration of Charlie Kirk
The pieces are fitting together perfectly. We’ve always suspected that Erika’s ""chance"" meeting with Charlie in an airport was too convenient to be real. Based on this new link to the NSA, the investigation suggests a much darker timeline:

The Grooming: Erika didn't just stumble into the movement; she was likely directed by Lori, using her mother's defense and intelligence connections to ""target"" Charlie Kirk.

Remember Erika changed her entire image—pretending to be exactly the kind of traditional Christian woman she knew Charlie’s faith and values would attract—just to lure him in.

If Erika is being directed by an NSA-linked mother, then the ""widow"" we see today isn't a leader; she’s an operator holding the line for her mother’s interests.

🏛️ Why This Changes Everything
This link to the NSA PRISM database and Snowden documents proves that the Lori's Tech background was just a cover for something much deeper. When a former CIA analyst says Erika Kirk's behavior is ""not fucking normal,"" and then we find her mother in a leaked NSA dox, the ""coincidence"" officially dies.

They are running a script, and the script was written by people with badges and high-level security clearances.

Is Erika a grieving widow, or is she the second generation of an intelligence dynasty? The ""DOX"" doesn't lie. 

I'll link the full set of leaked NSA docs in the comments below so you can check them out for yourself. Share this everywhere, The evidence is piling up. 👇"
"'2043105082560942493'","4/11/2026 19:13","Tweet","en","13303","8777","4303","223","0","1","3","🚨PROOF: Israeli Cell Phones Linked to Charlie Kirk's Assassination Just Surfaced At The Islamabad Serena Hotel— Where Iran Peace Talks Are Happening Right Now😱

I told you this went deeper than Utah. I told you the ""official narrative"" was a lie. We just got a massive breakthrough that links the ASSASSINATION of Charlie Kirk directly to the highest levels of global power.

🔍 THE LEAKED DATA:
We have been tracking 16 Israeli registered cell phones that were pinged at UVU the moment the shots were fired. FOUR of those phones have just been traced to the Islamabad Serena Hotel in Pakistan.

Why does this matter?
Because as we speak, Vice President JD Vance, Jared Kushner, and top Iranian Leaders are at that EXACT hotel for high-stakes peace talks. 🏛️🤝

🛑 CONNECT THE DOTS:
This isn't a foreign exchange student. These devices are moving in the same circles as the negotiators deciding the fate of the Middle East.

The same people purportedly negotiating ""peace"" in Pakistan were present at the scene of the crime in Orem.

The ""Accident"" Narrative is DEAD: You don't have four high-level Israeli-linked devices at a murder scene and then at a secret diplomatic summit by ""coincidence.""

🎙️ THE BIG QUESTION:
Was Charlie removed because he was about to expose the very people sitting in that hotel room today? 🕵️‍♂️⚖️

The FBI is cropping videos, Discord logs are being faked, and now the tracking data leads straight to the Serena Hotel. They aren't just hiding a killer; they are hiding a global operation.

WHO IS REALLY RUNNING THE SHOW?

Source: Data obtained via independent SIGINT tracking.
(Image of tracked phones is a recreation and NOT real)

👇 SHARE THIS. The receipts are piling up.

From: @TonySeruga FOLLOW Him!"
"'2048017893485339109'","4/25/2026 8:34","Tweet","en","12857","8861","1982","411","1603","3","4","‼️ BOMBSHELL: Erika Kirk is LEGALLY DISQUALIFIED as Victim Rep In Tyler Robinson Trial—Utah Statute EXPOSED👀

Zach from @FinanceWolves  just exposed a great point that nobody is talking about from the April 17 evidentiary hearing. 

Erika Kirk does NOT legally qualify as the victim representative.

She filed to invoke speedy trial rights as Charlie’s widow… but Utah law explicitly disqualifies anyone who “appears to be accountable or otherwise criminally involved” in the crime.

The statute is crystal clear: if there is even the appearance of involvement or suspicion, you’re out.
And Erika’s alibi? It keeps changing:

Hospital parking lot with her mom?
At the airport?
Or was she at the Hopkinson Aircraft office when she got the news?

Why can’t we get a straight story months later?
The clip breaks it all down with the exact Utah statute. This isn’t conspiracy — it’s the law. And it raises massive questions about why the judge even allowed her to claim these rights.

Do you think Erika Kirk appears suspicious enough to disqualify her as victim rep? 👀

Drop a 🔥 if this needs to go viral and RT so the Judge can’t ignore it.

FOLLOW @FinanceWolves and watch his FULL video linked below.👇"
"'2047258917399331209'","4/23/2026 6:18","Tweet","en","12685","8810","2291","317","1267","2","1","I have Just Obtained Laura ""Larry"" Loomer's FULL deposition transcript from her lawsuit with Bill Mahar she just LOST and OMG she said way too much. 

When this comes out it will end her relationship with Trump, her career and quite possibly will land her in prison for disclosing classified information. We will be doing a dramatic reading very very soon. stay tuned. 🔥

CC: @LauraLoomer, @billmaher"
"'2047722115869073775'","4/24/2026 12:59","Tweet","en","11104","6678","2298","242","1886","5","2","🚨 EXPOSED: Tim Pool Accidentally LEAKED The Multi-Million Dollar Cover-Up to PROTECT Erika Kirk 👀

Tim Pool just accidentally exposed the EXACT coordinated, dark-money operation we’ve been warning you about.We’ve been saying that massive funds from networks like Yrefi, Uncensored AI, and Polymarket are being deployed to artificially protect Erika Kirk, prop up Turning Point USA’s new regime, and attack independent journalists like Candace Owens and the rest of us. Now, we have the receipts. The backend YouTube data proves it. 

According to data dropped by @Timcast , the ad term “Erika Kirk” is currently generating $18 to $20 RPMs on YouTube. To put that in perspective: standard political content right now (in the political off-season) is making a fraction of that, around $6 to $8. The term ""Erika Kirk"" is paying out at the exact same tier as high-level FINANCE channels.

Someone with extremely deep pockets is pumping literal millions of dollars into ad buys specifically targeting the term ""Erika Kirk."" When you dump that kind of money into the ad inventory, YouTube’s algorithm is FORCED to shove those videos onto the front page to fulfill the ad spend.They are financially incentivizing creators to spam positive content about her, paying shills to push a coordinated defense script via Signal and DMs, and artificially inflating her relevance.

The narrative is collapsing. We've  been relentlessly exposing the institutional reality behind Erika Kirk. Just last week, Erika canceled her high-profile appearance with VP JD Vance at the University of Georgia, claiming “serious security threats.”But the truth leaked: Secret Service sources confirmed there were NO credible threats. 

It was a cover-up for dismal ticket sales and a desperate PR move to avoid public scrutiny.Instead of admitting the truth, these establishment networks activated their bought-and-paid-for shills. They flooded the timeline. They launched coordinated attack campaigns against Candace and anyone else asking real questions about non-profit transparency and TPUSA's new leadership.

They can’t win the argument on the facts, so they are literally BUYING the algorithm to silence independent investigators and gaslight the public.We will not stop tracking these dark money operations. 

We will not stop exposing the institutional rot. 

RT this everywhere. The public has a right to know how their feeds are being manipulated. Drop a 🔥 in the replies if you are awake to the machine.

FROM: @FurkanGozukara FOLLOW HIM!"
"'2047417611172843924'","4/23/2026 16:49","Tweet","en","8577","5470","1764","271","1072","4","1","NEWSMAX WAKES UP:  Rob O'Neill and General Hall QUESTION the FED-SLOP Narrative In Charlie Kirk Investigation 👀

A bombshell segment on Newsmax today has completely dismantled the FBI's official story regarding the assassination of Charlie Kirk. Two elite military experts—including a Navy SEAL Team 6 sniper—have come forward to call the government’s 30.06 narrative a flat-out lie.

💥 ""It Looks Like an Explosion""
Rob O’Neill, the man who killed bin Laden, and General Hall didn't hold back. They analyzed the ballistics and the visual evidence, concluding that the physics simply don’t match the official report:

The ""Explosion"" Theory: O’Neill stated, ""I’ve never seen a shirt move like that. That looks like an explosion to me."" Both experts agreed that something exploded on Kirk rather than a standard 30.06 rifle shot.

Ballistic Reality: O'Neill, a master sniper, pointed out that if a 30.06 round hit a human spine at that range, the damage would be far more catastrophic than what was seen. He dismissed the FBI’s ""hit the spine"" theory as ""garbage"".

The ""Magic"" Screwdriver: The experts mocked the idea that the alleged shooter, Tyler Robinson, took a rifle apart, got it on a roof, reassembled it with a screwdriver that didn't even work, jumped off the roof, and then went to a steakhouse like nothing happened.

🕵️‍♂️ Mainstream Media Finally Asking Real Questions
For the first time, we are seeing the mainstream media break the silence on the ""shady"" behavior at the scene:

SD Card Security: O’Neill noted that instead of performing first aid on Kirk, teams were more concerned with removing SIM cards and cameras to ""clean up"" the scene immediately.

The Zach Koreshi Mystery: General Hall raised the alarm about Zach Koreshi, noting that the FBI claimed they had ""their guy"" only to retract it 90 minutes later—precious time that a real killer could have used to flee.

📉 The Erika Kirk Factor
The experts were also highly critical of Erika Kirk, pointing out the bizarre ""razzle dazzle"" of her quick forgiveness for the alleged shooter:

Selective Forgiveness: They noted that while Erika was ""really quick to forgive"" the man the FBI labeled as the killer, she and the organization have been ruthless toward Candace Owens for simply asking questions.

Technical Admission: O’Neill argued that by forgiving him so fast, she was technically confirming the FBI’s narrative before the facts were even in.

⚖️ The Verdict
The General’s final word was a chilling warning to the Justice Department: ""They know that we know better."" From the impossible logistics of the roof to the ""shady"" cleanup, the military community is standing with Project Constitution.

Mainstream media is waking up. The truth is inevitable. Keep going, Newsmax! 🇺🇸⚖️

From: @jamiburns45 FOLLOW Them!"
"'2040285868175376554'","4/4/2026 0:30","Tweet","en","8336","5347","2558","431","0","9","5","🚨EXPOSED: Dan Bongino JUST Admitted His Wife WORKED For Andrew Kolvet And TPUSA Doing Their Scheduling—Are The Bongino's COLLUDING With TPUSA To Railroad Tyler Robinson?👀

We just caught the ""Assistant FBI Director"" in a massive admission that blows the Charlie Kirk investigation wide open. This week on his podcast, Dan Bongino finally said the quiet part out loud: His wife, Paula Andrea Martinez (Bongino), wasn't just a fan—she was deeply embedded in the Turning Point USA ecosystem. 

Bongino admitted that Paula worked directly for Andrew Kolvet and TPUSA handling scheduling. He even bragged that they ""talked almost every day"" and have ""known Andrew forever.""

Wait a minute, Dan. You were the man in charge of investigating the death of Charlie Kirk. How is it that your wife was on the payroll of the very people whose ""official"" narrative you are now out here defending?

If you had done an actual investigation instead of railroading Tyler Robinson, we wouldn't have to be out here doing your job for you.

THE QUESTIONS DAN WON'T ANSWER:
🟥 Why did you block Joe Kent (National Counter-Terrorism Director) from investigating credible foreign nexus leads?

🟥 Did you and Paula collude with @AndrewKolvet and TPUSA to manufacture evidence and cover up the truth?

🟥 Is your relentless bashing of independent journalists a desperate attempt to protect Israel—the cause you admitted is ""Number One"" to your heart?

🇮🇱DAN BONGINO IS ISRAEL FIRST—NOT AMERICA FIRST:

In a separate, damning interview, @dbongino was asked what cause is ""the the number one cause ""dear to his heart"". His answer wasn't America First. It wasn't The Constitution. It was: ""The Defense of Israel.""

Under your leadership, the FBI has been accused of planting evidence and falsifying documents to protect the real killers. It’s starting to look like the ""Assistant FBI Director"" was actually the point man for the cover up.

🕵️‍♀️ WHO IS PAULA ANDREA MARTINEZ (BONGINO)?
We’ve done the digging that the mainstream media refuses to do. Here is the bio on the woman in the middle of the TPUSA/FBI web:

Professional Ties: Paula is a web developer and consultant. Multiple sources and corporate filings link her to Redline Strategy, LLC (the primary legal entity for ""Redline Pictures"").

Redline Strategy, LLC is registered in Scottsdale, AZ, sharing the same corporate hub as Turning Point USA.

As Dan admitted, she handled scheduling and high-level media booking for Andrew Kolvet and Charlie Kirk. She wasn't just staff; she was the ""engine room"" infrastructure.

Like her husband, Paula has been a vocal supporter of the ""Defense of Israel"" cause, frequently seen at TPUSA events (like the Auburn chapter) tagging the organization and its leadership.

The Business Portfolio: Together with Dan, she operates three home-based businesses focused on security consulting, risk management, and web development—providing a perfect ""private"" layer for coordination between federal interests and private media firms.

Now it all makes sense.

Why he protects the Epstein client list.

Why he screams ""conspiracy theorist"" at anyone mentioning foreign influence.

Why he is carrying water for the intel networks trying to silence @RealCandaceO 

Dan Bongino didn't misspeak. He just told you whose flag he’s actually saluting. 🇺🇸🚫🇮🇱

📢 WE NEED YOUR TIPS!
The truth is coming out, and the ""engine room"" is starting to smoke. If you have any information regarding Paula Bongino’s relationship with Andrew Kolvet, Redline Strategy LLC, or TPUSA—especially regarding the timeline of September 2025 until now—we want to hear from you.

📥 DM us here or email: projectconstitutionvideos@gmail.com

Stay steadfast. Stay unshaken. Beholden only to God. 🙏"
"'2041088278225445206'","4/6/2026 5:39","Tweet","en","7978","5283","845","151","1699","2","3","🚨SHOCKING: Jake Paul Just Exposed the Truth About Erika Kirk: His Answer Tell's You EVERYTHING You Need To Know!😱

Theo Von just dropped an absolute nuke on his podcast, and it resulted in one of the most telling reactions ever caught on camera. Out of nowhere, Theo looks Jake Paul dead in the eye and asks the exact question the entire movement has been demanding an answer to:

""Do you think Erika Kirk had anything to do with her husband's death?""

Watch the clip. Look at Jake Paul’s body language. The internal panic is instant. He is visibly stressed, shifting in his seat, sweating, and literally starts swigging Listerine mouthwash just to buy himself time.

When he finally manages to speak, he stutters and completely deflects: ""I'll talk about a lot of things, but I don't think I'll talk about Charlie Kirk and his assassination... the sensitive details around it. Oh, dude, I don't even wanna f*ing talk about it.""

The Psychological Tell
Here is the undeniable reality of human behavior: If you are asked if a widow participated in her husband's murder, and you genuinely believe she is innocent, the answer is an immediate, reflexive ""No, of course not. That's insane."" You don't start sweating. You don't stutter. And you certainly don't nervously try to change the subject to avoid the ""sensitive details.""

Jake Paul has made a massive career out of running his mouth. He calls out billionaires, professional fighters, and politicians without batting an eye. He isn't afraid of anybody. Yet, when asked this one specific question about Erika Kirk, he completely folds and refuses to answer.

That refusal is the loudest answer he could possibly give.

By declining to defend her—and by looking absolutely terrified at the prospect of even discussing the ""sensitive details"" on a microphone— @jakepaul just told the entire world exactly what he really believes. If he thought she was innocent, he would have just said so. In my opinion his physical panic proves he thinks she's guilty, but he knows exactly how dangerous the people protecting her really are.

The dam is breaking, and even the biggest influencers on the planet can't hide the truth on their faces anymore.

From: @KillaKreww"
"'2040941749493694814'","4/5/2026 19:56","Tweet","en","7821","5069","2013","103","636","4","3","🚨UPDATE:  The Full Story Is EVEN Worse— TPUSA Cut His Mic, But The Crowd Revolted 😳

Yesterday, we dropped the clip of the GW University student exposing the ""New"" TPUSA’s staged Q&A. Well, he just dropped the full breakdown of what actually happened in that room, and it is a masterclass in cowardice from Erika Kirk and the event organizers.

If you thought the plants were bad, wait until you hear how far they went to silence this kid.

Here are the receipts from the room:

The Calculated Shut Down: The student was 5th in line. He realized the first 3 spots were given to TPUSA plants. Then, a TPUSA worker walked up and explicitly told him the Q&A would end exactly after the person in front of him. They engineered the clock to run out before a single actual student could ask a question.

The Crowd Rebellion: The students in the room realized they were being played. When TPUSA tried to shut it down, the crowd ERUPTED. They literally forced the organizers to let this student speak.

The Ultimate Cowardice: Even after the crowd demanded he be heard, TPUSA refused to give him a microphone. For half of his question, he had to scream at the top of his lungs just to be heard over the handlers.

The Death of ""Prove Me Wrong""
Let this sink in: They had the floor for two solid hours of uninterrupted, scripted rhetoric. But they were so terrified of the truth that they couldn't stomach two minutes of an actual student asking a real question.

Charlie Kirk built Turning Point by walking into hostile territory, setting up a table, and handing the microphone directly to the people who hated him the most. He thrived on the debate.

Now? The organization he built is rigging the lines with paid plants, cutting the audio on college kids, and hiding Erika Kirk behind a wall of fake free speech. It is not a movement anymore; it is a protection racket.

""Why in an event that was supposed to uplift GW students' voices, do we designate the first three spots to people planted there by Turning Point themselves?"" That is the question they refused to answer.

Watch the full clip. The facade is crumbling, and the students are the ones tearing it down. 👇

From: @charise_lee FOLLOW Him!"
"'2047239553178636754'","4/23/2026 5:02","Tweet","en","7619","5470","1733","155","261","7","2","🚨BREAKING: Turning Point UGA Chapter PRESIDENT Caroline Mattox Just RESIGNED—Citing  ""Internal Treatment And Subsequent PUBLIC LIES"" Told By TPUSA Executives 👀

Turning Point USA has officially collapsed after a disastrous event at the University of Georgia on April 14, 2026. In a blistering public statement, UGA Chapter President Caroline Mattox announced her resignation, calling out the organization for ""blatant dishonesty"" and straying from the original mission of its founder, the late Charlie Kirk.

In her resignation, Mattox did not hold back, stating that the organization's current trajectory no longer aligns with the principles of truth it was built upon:

On TPUSA's Mission: ""It became abundantly clear to me following our event on April 14th that TPUSA's mission and purpose have been lost along the way"". —Caroline Mattox

""Charlie spent his life fighting for truth, and I do not believe he would stand for the blatant dishonesty now being spread by the organization that he built"". —Caroline Mattox

The Final Stand: Mattox concluded by citing Charlie Kirk's own words: ""Stand for what is right, even if you stand alone"".

📉 The Truth Behind the ""Cancellation""
Executives claimed Erika received ""serious threats,"" but the reality is much more embarrassing:

Low Interest: Internal teams knew for weeks that ticket sales were abysmal and interest was ""little to none.""

The PR Lie: Andrew Kolvet told the public the Left was ""buying up reservations"" to sabotage the event. Actually, the arena was just empty.

Erika Was There: Despite the ""security risk,"" Erika was already in Georgia, sitting on a federally cleared pathway. She simply refused to take the stage to avoid being seen with a sparse crowd.

🛡️ Secret Service Debunk
The most damning evidence? The U.S. Secret Service took the unusual step of issuing a statement confirming there was NO credible threat against Kirk that night. If there had been a viable threat, Vice President JD Vance would never have been allowed to take the stage—but he did.

The receipts are in: Turning Point didn't just lose a chapter president—they lost their credibility. 💥

FOLLOW: @RealCandaceO for more..."
"'2041109858141757578'","4/6/2026 7:04","Tweet","en","7285","5021","1416","222","626","3","2","🚨BREAKING: Candace Owens Is MORE Influential The You Think She's The Real Reason We DON'T Have Boots on the Ground in Iran (Yet)🪖🇺🇸

If you want to know why we aren't currently watching thousands of American body bags returning from the Middle East, you need to look at what is happening behind closed doors at the Pentagon—and you need to look at Candace Owens.

People severely underestimate Candace's influence. Her courage to speak out against the war machine quite literally is the reason we do not have boots on the ground right now.

According to active-duty sources inside the Air Force, President Trump and Pete Hegseth have just fired over 20 Generals and Admirals, along with hundreds of senior officials.

Why the massive purge? Because Trump and Hegseth demanded a land invasion of Iran last week, and the senior military brass looked them in the eye and said NO. The military leaders are refusing the order. So now, the administration is frantically ""cutting the head off the snake,"" purging the Pentagon to try and find spineless ""yes men"" who will willingly send our sons and daughters to die in a foreign desert.

People severely underestimate Candace's reach, but let me make this crystal clear: Candace is DIRECTLY responsible for the military stand-down happening right now. She didn't just give an opinion on a podcast; she issued a moral directive to the American armed forces, and they listened.

By getting on her massive platform and explicitly telling our servicemen and women that they have the legal and moral right to conscientiously object, she gave the military the cultural backing they needed to refuse an unconstitutional order.

""No American Son or Daughter Should Die for Israel""
Our military swore an oath to the Constitution of the United States, not to a foreign government. Candace had the absolute courage to say what the entire MAGA establishment was terrified to whisper:

""Goyim, stand down. Go home. Find the legal means to exit the military... I feel like right now we are all being forced into the servitude of a foreign nation.""

She reminded our troops that Trump’s 180-degree pivot from America First to Israel First does not mean American blood has to be spilled to build foreign real estate.

🪖 Let the Neocons Fight It
Candace dropped the ultimate truth bomb, exposing the cowardice of the war hawks. If this war is so necessary, let the people pushing for it go fight it.

Allow @marklevinshow , @benshapiro , and the Christian Zionists who view this as some messianic prophecy to sign their own kids up for the draft. Let them put down their podcast mics, fly to the Middle East, and clear the rubble in Gaza themselves.

Leave the American working class out of it.

@RealCandaceO shifted the culture, gave our troops a voice, and single-handedly threw a wrench into the military-industrial complex's timeline. She is the reason your sons and brothers are still home today.

Thank God for Candace. Hold the line, refuse the orders, and put America First. 💪 🇺🇸"
"'2048023932058423514'","4/25/2026 8:58","Tweet","en","7035","5205","1173","288","369","5","3","‼️ Utah Law JUST Handed CANDACE OWENS The Keys To The Tyler Robinson Case—She Can File As VICTIM Representative And CANCEL Out Erika Kirk 👀

Let’s go straight to the statute: Utah Code 77-38-9.
Victim representatives aren’t limited to family. A close friend can step in.

Candace Owens was one of Charlie Kirk’s closest friends — she has the text messages, the videos, the receipts to prove it.
She can file TODAY as victim representative.
Unlike Erika Kirk (who the law says is disqualified if she even appears criminally involved), Candace can demand:

A thorough investigation
Real justice
Time for the defense to do its job

Under the exact same Utah law, Candace has equal — and I’d argue stronger — rights than Erika. The judge is required to treat both requests the same or prove he’s biased.

If he accepts Erika but rejects Candace? The entire trial gets exposed as a sham.
Candace Owens has the power to force this case back on track.

It’s time for her to step up and file.

What do you think — should @RealCandaceO file as victim representative RIGHT NOW? Drop a 🔥 if you want her to see this and RT to make sure it reaches her. Comments below 👇

FOLLOW @FinanceWolves and watch his FULL video linked below 👇"
"'2046733621990482183'","4/21/2026 19:31","Tweet","en","6960","5106","908","261","685","4","1","🚨 EXCLUSIVE: Trump ""ENRAGED"" and Ready to Cut Ties With LAURA LOOMER After LATEST X Meltdown—Meanwhile High-Level Officials Push for FEDERAL Investigation!  👀

My sources inside the White House are sounding the alarm: President Trump is NOT happy. After Laura Loomer’s latest ""insane"" outburst on X, the mood behind closed doors has shifted from tolerance to pure rage. According to a high-level insider, the President was overheard saying that his association with Loomer is now bringing him ""too much blowback"" and is actively damaging the administration's standing.

The word is: Loomer is about to be DUMPED. 📉

Trump is reportedly preparing to distance himself completely to stop the bleeding. But that’s not even the biggest headline. My sources tell me that top-tier officials are now aggressively pushing for Loomer to be investigated for leaking classified information.

The Allegations:
The Leak: Claims are surfacing that Loomer allegedly leaked sensitive information regarding an election office raid in Georgia.

The Motive: Insiders suggest this was a calculated (and backfired) move to force a wedge and get Kristi Noem fired.

The Fallout: Instead of taking down Noem, Loomer has reportedly put a giant target on her own back, with federal eyes now looking into how she obtained that data.

Is the ""ride-along"" over for MAGA's most controversial firebrand? If my source is right, the ""Boiling Frog"" has finally hit the limit, and Trump is ready to hop out. 🐸🔥

Developing...
@LoomerUnleashed @LoomersFanClub @LauraLoomer

In unrelated news, watch @RealCandaceO reveal how Loomer self admitted she is a cocaine addict below. 👇"
"'2040743754961670374'","4/5/2026 6:50","Tweet","en","6612","4639","1833","140","0","3","1","🚨BOMBSHELL: The ASSASSINATION Plane From Sept 10th Is Back—EGYPTIAN Military Aircraft SU-BTT Just TOUCHED Down in Kansas 🛬👀

We have new development with the Egyptian military planes guys. Get ready for all the paid shills to come out attacking me again. One of the mystery planes owned by the Egyptian Government (SU-BTT) that dropped off members of the Egyptian military in Provo, UT on September 10th just touched down in the Kansas, and it's up to us to find out why.

They want you to believe it's all a coincidence. They want you to think foreign military planes just take scenic tours of the United States. But you already know we don't believe in coincidences. We believe in flight logs, and the flight logs are immutable.

Lest you forgot, let me refresh your memory on the Egyptian planes timeline, 

Months ago, Candace Owens didn’t just stumble onto a theory; she laid out a roadmap. She exposed a clandestine operation right under our noses: Egyptian military-owned aircraft were systematically tracking Turning Point Faith events across this country. They weren't here for diplomatic handshakes. They were shadowing domestic political targets. They were running surveillance on the movement.

The crown jewel of this phantom fleet: a Dassault Falcon 7X, tail number SU-BTT, operated by the Egyptian Government.

On September 10, 2025—the day Charlie Kirk was assassinated in broad daylight at Utah Valley University—where was SU-BTT? It was sitting on the tarmac in Provo, Utah. The data shows it dropped off a plane full of Egyptian military soldiers just miles from UVU. You don't drop a foreign military unit into a domestic college town on the day of a high-profile assassination by accident. That is a staging area. That is an assassination team.

This aircraft operates on a specific pattern: it flies into Paris, France, for what can only be described as secret, high-level government meetings. Paris is the dead drop. It's the neutral ground where the shadow brokers meet, shake hands, finalize the ledger, and clear the manifest before making the jump across the Atlantic.

Which brings us to right now. This plane SU-BTT is back in the United States. Flight radar has caught SU-BTT making a nearly 10-hour haul from Paris (LBG) straight into Wichita, Kansas (ICT). Why Wichita? Ask yourself what Wichita is known for. It is the aerospace and defense manufacturing capital of the world. It is the backyard of the military-industrial complex.

What is an Egyptian Air Force plane doing in Kansas? What ""special cargo"" are they picking up? Or more importantly... who are they meeting? Are the same architects who drew up the blueprints for the UVU tragedy, sitting in a hanger in the Midwest right now?

They can ignore us, they can call us crazy, but they cannot erase the flight radar. I have the receipts. I've laid them on the table. Now, what is the government going to do about it?  RT to blow this up.🏛️⚖️"
"'2043672406057754896'","4/13/2026 8:47","Tweet","en","6426","4251","619","132","1424","4","1","🕵️‍♂️ ASSET OR WIDOW? CIA Analyst Breaks Down the Pattern of Lies—Intelligence Assessment of Erika Kirk 🧐⚖️

Leah from @leahfiles spent my career at the CIA and advising intelligence agencies and has seen how assets are built, how they are managed, and how they are deployed. And looking at Erika Kirk, she doesn't see a grieving wife—she sees a textbook Intelligence Asset—and I AGREE

There are two types of liars: normal people who lie for self-benefit, and assets who have lives built for them. Erika’s lies aren't random; they follow a strategic pattern. 

RED FLAGS🚩
1⃣ The 24-Year-Old CIA Connection
In 2013, at just 24, Erika was the face of a documentary about Electromagnetic Pulses (EMPs) and taking down the American power grid. Her mother owns a defense contracting firm that specializes in this exact tech.

Why is a 24-year-old pageant girl with no technical background sitting down with the Director of the CIA? 

You don't get that access by ""accident."" You get it because you are incredibly well-connected and being groomed for a role. Yet, she never speaks about this today.

2⃣ The ""Divine"" Jerusalem Encounter
In May 2018, Erika claims a ""chance"" meeting with Charlie Kirk at an airport during a pilgrimage to Israel.

This screams Planned Encounter. In the biz, you ""bump into"" your target to establish a baseline relationship so the eventual ""real"" meeting feels organic.

Erika allegedly used connections like Tyler Boyer and Cabot Phillips to learn everything about Charlie—his faith, his triggers, his ""ideal woman""—and then played that role to perfection. 🎭

3⃣ The ""Nonprofit"" Interview
At 29, living in NYC, Erika flies to Arizona to interview for a ""nonprofit"" job (TPUSA) while supposedly holding two degrees (which investigators are now proving is likely a lie). She then flies back to NYC and gets a real estate license.

What she does and what she says never add up. That is the definition of living a ""legend"" (a fake background created for an operative).

🧐 Who is the Mastermind?
If you look at the epicenter of Superfeat Technologies, the Israeli connections, and the TPUSA takeover, Erika isn't the one pulling the strings.

The real player sits in the middle: Her Mother. 🕵️‍♀️

Erika is the face, the role-player, and the integrated asset. She integrated herself through Cabot and Boyer to reach her target: Charlie Kirk. She learned who she needed to be, and she executed.

This isn't a love story; it's an operation. ""She’s not the mastermind... but she plays the role.""

What do you think? Is Erika a ""providential"" wife, or was she deployed to steer CHARLIE from the inside? Sound off below. 👇

From: @leahfiles FOLLOW Her!"
"'2039879945934024990'","4/2/2026 21:37","Tweet","en","6405","4974","1006","242","183","4","3","🚨 Erika Kirk Just Said She DOESN'T Care About What People Say About Her Online — She Cares So LITTLE That She's Sent Me Not One But TWO Cease And Desist Letters 🤣

We just caught Erika Kirk in yet another lie. She sat down for a softball interview and claimed she ""really does not care"" what people online say about her because she's ""too busy"" playing with Magna Tiles.

She wants you to believe she's a traditional Christian, above-it-all mother, tuning out the ""noise."" 

But actions speak louder than words, and her actions prove she is CRACKING under the pressure.

If she ""really does not care,"" then why has she unleashed a fleet of high dollar lawyers to try to bully journalists and investigators into silence?

Here's the REAL truth, I have personally received not one, but TWO cease and desist letters from her lawyers for reporting on her.

And I'm not the only one. She has targeted. She's also sent cease and desist letters to both @RealCandaceO and @FinanceWolves 

And they've threatened many others as well who dare to ask questions.

The fact that I've received TWO tells you everything you need to know. She is watching. She is scared. And she is desperately trying to control the narrative by threatening anyone who gets too close to the truth.

You don't send out multiple threatening legal letters to people you ""don't care"" about. You do that when the truth is a mortal threat to the carefully constructed facade you're selling to the world.

She isn't busy playing with Magna Tiles. She's busy watching her every move get exposed, and her only response is to try to legally bully the truth into silence with lawfare.

It's not working. Every cease and desist letter is just another piece of evidence that we are over the target.

She cares so little she had her lawyers write to me twice. Share this if you see through the lies!💪 🇺🇸

FROM: @ShadowofEzra FOLLOW Him!"
"'2039427120657543282'","4/1/2026 15:38","Tweet","en","5936","4370","1451","115","0","3","3","🚨 BOMBSHELL: Stock Photo PROVES The FBI FAKED Their Entire Case Against Tyler Robinson- It Was Physically IMPOSSIBLE for Tyler's Dad to Recognize the Gun on TV.🧐🍴

 Are we really just going to sit around and ignore the glaring reality staring us right in the face? Because I'm not. The FBI got sloppy, and we just caught them in a massive, undeniable lie that proves they have faked this entire case against Tyler Robinson.   

There is exactly one indisputable fact buried in the timeline, and this single detail completely obliterates the state's manufactured narrative. It proves, beyond a shadow of a doubt, that the alleged text messages are 100% fabricated, and it proves the official story about Tyler's parents recognizing the murder weapon and turning him in is an absolute, manufactured lie.  

TPUSA and the mainstream media have been aggressively pushing a very specific story: They claim Tyler’s father, Matt Robinson, was watching the news, saw a picture of the rifle the Feds released, instantly recognized it as their ""very unique"" family heirloom, and began frantically texting and calling Tyler to prove he hadn't used the weapon to shoot Charlie Kirk.  

To back up this Hollywood-style narrative, the Feds leaked a highly convenient transcript of a supposed text exchange between Tyler and his furry boyfriend, Lance Twiggs.  

THE FAKE TEXT MESSAGES: 
According to the FBI's leaked transcript, Tyler allegedly texted: ""My dad wants photos of the rifle. He says Grandpa wants to know who has what. The feds released a photo of the rifle, and it is very unique. He's calling me right now. I'm not answering.""  

Read that text again carefully. Tyler supposedly wrote: ""The feds released a photo of the rifle, and it is very unique."" There is just one massive, glaring, impossible problem with that text message: The Feds NEVER released a picture of the actual rifle.  

The weapon allegedly recovered at the scene was an antique, highly distinct World War 1-era Mauser. But the image actually released by the media during the manhunt was a generic, random STOCK PHOTO of a standard bolt-action .30-06. It looked like five or six other generic rifles on the market. There was absolutely NOTHING ""unique"" about the photo shown on the news, and it looked nothing like the actual Mauser.  

Let’s apply basic logic. How could Matt Robinson sit in his living room, look at a generic stock photo of a completely different gun, and instantly recognize it as his family's highly unique, antique Mauser?  

HE COULDN'T. It is physically impossible. That event never happened.  

And if that event never happened, then Tyler Robinson could never have sent a text message reacting to it.  

This proves that the leaked text messages are completely fabricated. No 20-something kid writes like a bad Hollywood script. The Feds, likely using ChatGPT or a sloppy operative, manufactured this entire text exchange to FRAME Tyler and create a fake motive for his surrender.  

The official story is dead. The texts are fake. The ""his dad turned him in"" narrative is a manufactured lie. This is a STATE-SPONSORED frame job, and the syndicate is officially out of cards to play. 🃏🗑️

FOLLOW @realjesseonfire and go watch his FULL video linked below.👇"
"'2044718893395030161'","4/16/2026 6:05","Tweet","en","5906","3836","1458","91","521","3","3","🆘BREAKING: Washington County Claims ZERO Bodycam Footage Exist Of Tyler Robinson's Surrender—That Means EVERY Arresting Deputy BROKE Utah State Law on Sept 11th.🤯

The cover-up in Washington County just reached mathematically impossible levels of absurdity. If you thought the ""missing"" CCTV footage was a red flag, wait until you hear what they just admitted on the record in a state appeals hearing.

We have the audio, and we are calling total B.S. 

In a recent GRAMA (public records) appeal hearing between Scripps News and Washington County, the media demanded the release of the bodycam footage showing Tyler Robinson walking into the Sheriff’s Office to surrender on the evening of September 11th.

When the hearing director asked Washington County's representative, Mr. Snow, to address the bodycam request, his response was chilling:

""There was a search made for body cam footage and there was none.""

The ""Double Deletion"" Coincidence: 
Let’s get this straight. First, Washington County tells the public that the CCTV surveillance video of Tyler walking into the lobby with his parents is magically ""gone"" and no longer available. Now, they are claiming on the legal record that not a single officer had their bodycam rolling when a high-profile suspect surrendered to their custody? 

That is IMPOSSIBLE Because It's ILLEGAL.

Here is why their claim is a complete physical and legal impossibility. If there is genuinely ""no footage,"" then every single officer involved in that intake committed a coordinated violation of both department protocol and state law.

1. Utah State Law: Under Utah Code § 77-7a-104 (Activation and use of body-worn cameras), subsection (4) explicitly mandates:

""An officer shall activate the body-worn camera prior to ANY law enforcement encounter, or as soon as reasonably possible.""Taking a suspect into custody is the textbook definition of a law enforcement encounter. Furthermore, subsection (10) states that if an officer fails to activate the camera, they must document the reason in a written report.

2. Washington County Sheriff’s Policy: Under their own internal Field Operations Policy Manual (Section 225.2), BWCs must be in active mode during encounters to ensure ""accountability and transparency.""

Are we really supposed to believe that on the evening of September 11th, every single Washington County deputy involved in this massive arrest conveniently decided to break department policy AND Utah state law by consciously turning off their cameras before greeting Tyler Robinson and his family?
Absolutely not.

They are either lying to the appeals director about the existence of the video, or they are engaged in a coordinated, illegal cover-up to hide what happened at 6:00 PM. Why? 
Because the moment that footage is released, it proves Tyler was in custody and without his phone long before the fake ""It was me"" Discord confession was posted at 7:57 PM.
They are terrified of the timeline. Demand the written reports. Demand the tape. 📼🛑

CC: @baroncoleman, @RealCandaceO"
"'2041478603431444926'","4/7/2026 7:30","Tweet","en","5858","3574","1617","135","532","5","6","🚨 BOMBSHELL: Dan Bongino EXPOSED as Deep State Gatekeeper Protecting Child Traffickers— Brushed OFF John Walsh’s Daughter Who BEGGED For His Help!

This is the final piece of the puzzle that proves Dan Bongino is the perfect Deep State gatekeeper to cover up the truth about Charlie Kirk. It's a story of compromised men, child trafficking, and the syndicate at TPUSA.

In my last post, I exposed Bongino's massive conflict of interest: his wife works for TPUSA, the very organization at the center of the Charlie Kirk investigation, while he, as Deputy FBI Director, is supposedly leading the probe.

As @SurpriseWitnes points out:
""It all makes sense when you admit the obvious.. TPUSA is a(n) ___________ asset 🐣 (duh)"" 
(👆Insert your favorite Intelligence agency here)

It's not just about money; it's also about protecting predators, and Dan has quite the history of that.

Watch this clip of John Walsh's daughter, Megan Walsh, confronting Dan Bongino at a public event. She lays out a horrifying reality: ""They're currently trafficking my children behind closed doors, and no one pays attention to us.""

She is talking about government and CPS child trafficking. She is begging for help from the man who is supposed to be the nation's top law enforcement official.

And what does Dan Bongino do? He brushes her off. He dismisses the daughter of John Walsh—a woman whose family has been forever scarred by the abduction and murder of her brother, Adam. He gives her a pat on the back and says, ""I will, I will thank you,"" as he rushes away to his next event. He doesn't ask for details. He doesn't offer help. He sees her as an inconvenience.

This is who Dan Bongino really is. He is a gatekeeper who turns his back on the most serious allegations.

Let's not also forget that Dan Bongino went on national television and lied directly to our faces to protect Jeffrey Epstein. He went on the record claiming there were no children trafficked, basically saying there were no victims. 

He completely dismissed the countless brave women who came forward with their lives shattered. He stood with the trafficker and told the victims they didn't exist. He was a key soldier in the court of public opinion, gaslighting America to protect a monster.

Now, connect the dots to the present day. Who is the CEO of the organization Bongino is supposed to be investigating? Erika Kirk.

And what are the swirling allegations around Erika Kirk and her inner circle at TPUSA? Child trafficking.

The pattern is crystal clear. Dan Bongino is the Deep State's clean-up man. His specialty is looking the other way. He protected Epstein. He ignored Megan Walsh. dismisses the child trafficking allegations against Erika Kirk And is running cover for the real assassin's of the man who was about to expose it all, Charlie Kirk.

He failed the Walsh family. He failed Epstein's victims He failed Charlie Kirk. He is protecting the syndicate, not the American people.

 Share this to expose the truth. 🇺🇸⚓️

Special thank you to @RealTruthJustic for providing me the video evidence. FOLLOW her!"
"'2046349701797290193'","4/20/2026 18:06","Tweet","en","5631","3896","588","116","1031","4","6","THE NARRATIVE JUST COLLAPSED: Leaked Audio of Tyler Robinson’s Grandfather Destroys the State's Case👀 

If you are still buying the official fedslop story about the Charlie Kirk assassination, you need to listen to this immediately.

Candace Owens just aired exclusive, leaked courthouse audio of Tyler Robinson’s grandfather talking to reporter Elizabeth Lane during a hearing break. For months, the media has pushed the lie that Tyler’s family abandoned him and turned him in because they recognized the grandfather's gun on the news.

THE REALITY: The news used fake stock photos, not the actual gun. Sheriff Brooksby admitted Tyler was coerced to surrender under threat of a massive SWAT raid on his family. And now, the grandfather—the original owner of the alleged murder weapon—is speaking out.

THE BOMBSHELLS FROM THE LEAKED AUDIO:

🛑 He Knows Tyler Was Framed: When the journalist tells him point-blank that Tyler is ""absolutely framed,"" the grandfather doesn't hesitate. He replies: ""You're very right.""

🛑 The Ballistics Are Bogus: This isn't someone who is easily confused. He’s a lifelong hunter whose police officer father taught him ballistics. He knows that weapon better than anyone, and he states flatly that the damage on the scene does NOT match what a .30-06 would do. 

🛑 The Family Stands With Him: He was at the courthouse explicitly to support his grandson, completely shattering the media lie that his family believes he is guilty.

This aligns perfectly with the independent forensic evidence we’ve been uncovering regarding the exploding transceiver and the impossible trajectory. The grandfather knows the ballistics don't add up. The family knows it's a setup.

The cover-up is unraveling in real-time. The state's case is a house of cards, and we are going to keep pulling at the strings until the whole thing comes down.

FOLLOW @RealCandaceO, RT and watch hyer FULL episode linked below. 👇"
"'2042806864237228100'","4/10/2026 23:28","Tweet","en","5590","3012","432","371","1775","3","3","🚨 THE MASK SLIPS: Erika Kirk CLAIMS Her Marriage To Charlie Was PERFECT And Gets Fact Checked By Her OWN Pastor— Kaddis Says He WARNED Charlie He Was Too Gullible🤯

This clip is a psychological goldmine for anyone tracking the TPUSA/Kirk investigation. In a bizarre back-and-forth, Erika Kirk goes on a scripted rant about her ""obsessive, perfect marriage,"" but Pastor James Kaddis can’t help but correct the record in real-time.

The most ""telling"" part? Kaddis admits Charlie was a ""sponge"" who bought everything ""hook, line, and sinker.""

🔍 THE BREAKDOWN:
The ""Perfect"" Lie: Erika tries to claim the marriage was a ""perfect"" fire that never burned out. Kaddis immediately jumps in to ""take the liberty"" of telling the truth: They had issues. They had disagreements. It wasn't the fairytale Erika is selling.

The ""Gullible"" Reveal: Kaddis admits that Charlie was incredibly easy to manipulate. He ""bought it hook, line, and sinker."" This confirms what we’ve been saying: Was Charlie being led to his own demise by those around him?

The Ominous Warning: Kaddis admits he told Charlie: ""Beware... what you do can either RUIN your wife or bless her."" Why was Kaddis so worried about Charlie ""ruining"" Erika? What was happening behind closed doors that required such a heavy warning?

🎙️ THE ""CRINGE"" MOMENT:
Erika’s face as Kaddis takes ""the liberty"" to remind her—and the audience—that he knows more about their private life than anyone. He isn't just a pastor; he's the gatekeeper of their secrets.

WHO WAS PULLING THE STRINGS? 🧵 If Charlie was a ""sponge"" who believed everything he was told, who was doing the talking? Was Charlie’s ""gullibility"" the very thing that led to the fraud at TPUSA and his eventual ""assassination""?

SOUND OFF: Why is Kaddis working so hard to remind Erika that HE knows the ""reality"" of her marriage? Is this a spiritual check or a subtle threat?"
"'2042952609556828385'","4/11/2026 9:07","Tweet","en","5070","3480","1036","58","496","3","2","🚨BREAKING: New wide-angle footage proves the FBI and TMZ lied about the ""Tyler Robinson"" timeline— Why is the FBI Cropping the Evidence? 🧐

We are witnessing a ""stunning break from reality"" in the official investigation into the tragedy of Charlie Kirk. For months, we were fed a narrative—a tightly cropped, carefully curated ""truth"" provided by the FBI and their scribes at TMZ. But as we've learned, much of this narrative is based on outright lies or deception. 

Purportedly brand new, uncropped wide-angle footage of the infamous doorbell camera has surfaced, and it is a total game changer. We were told the suspect was just a pedestrian ""walking"" through the neighborhood. The full frame proves that was a lie.

He doesn't just walk. He stops. He lingers behind a bush like a predator waiting for a signal. Shady doesn't even begin to describe it. He then pivots off the sidewalk and heads down a driveway, directly toward the backyard. 

You can also clearly see the limp.

🛑 THE PATTERN OF DECEPTION:
This isn't an isolated incident; it's a protocol. Just yesterday, we saw footage of a doorbell cam showing the roof of a car and two people who got in it—footage that was also intentionally cropped to hide the coordination.

 Baron also proved the confession messages from ""zealous_monkey_55095"" were sent at 8:57 PM—nearly two hours after Tyler Robinson was already in police custody at 6:25 PM. How does a man in a cell send a Discord confession? They aren't just cropping videos; they are fabricating digital fingerprints. 

The Photo Manipulation: The FBI released ""enhanced"" photos of the suspect to the public... after he was already in custody. Why release a ""wanted"" photo of a man you already have in shackles? 📸⛓️

The Shadow Doesn't Lie: Baron analyzed a second neighborhood doorbell camera and proved, based on the angle of the shadows, that the footage could not have been taken at the time the FBI claimed. The sun doesn't lie, but the Bureau apparently does.

Why are the FBI and TMZ lying to you? Why are they so desperately editing these videos? If this was a ""lone wolf,"" they wouldn't need to hide the fact that he was heading into the backyard of a property tied to Phil Lyman’s family. 

🎙️ THE FINAL WORD:
Only a fool—or someone under the express direction of one—could look at these two ""coincidental"" crops and not see a cover-up. They are treating the American people like prisoners in a cave, showing us shadows on the wall and calling it reality. ⛓️👤

What are they hiding in that backyard? Who was waiting in that car? It is time to stop looking at the shadows and start looking at the people holding the camera.

This massive breakthrough was obtained by @alleytopfiles. FOLLOW Her! 
They can crop the video, but they can't crop the truth. 

🕵️‍♂️👇 SHARE THIS."
"'2039516961592258799'","4/1/2026 21:35","Tweet","en","4941","3634","848","145","314","4","1","🚨BREAKING: Candace Owens Just REACTED To President Trump Telling Erika Kirk To SUE All Of Us —And I AGREE With Her... Bring it on.🔥💪

At the White House Easter celebration, Trump looked at Erika Kirk and told her to ""sue their ass off,"" claiming everyone investigating her is just ""jealous.""

Candace's response is legendary. She calls it ""so middle school"" and delivers a masterclass in what real power is.

She points out the absurdity: ""We wanna know who killed Charlie Kirk, so could you park aside the lawyers and get information for us, Trump?""

Then she lays down the ultimate challenge. She says most of us investigating this WELCOME a lawsuit. Why? Because discovery is a beautiful thing. A lawsuit would force them to turn over all the information we've been asking for. No more guessing. We could demand the receipts, the chain of custody on the flawed bullet analysis, and everything else they're hiding.

Candace delivers the knockout blow: ""The reason you should never sue... is if truth is not on your side.""

She asks the simple question that cuts through all the noise: If you're innocent, why not just answer the questions? Do a long, public sit-down and clear it all up?

But they won't, because they can't. Instead, they hide behind power and money, using lawyers as a shield. Candace exposes this for what it is: ""The reason we lie is because we're rich and we can. We have lawyers that make it okay, and you don't, peasants.""

This is their playbook. Use wealth and influence to silence truth-seekers. But as Candace declares, ""There is no true power without truth."" All their power is an illusion, and it's very easy to cut through that illusion with the truth.

They sound nervous. They should be.

They think money can buy silence. They're about to find out the truth is louder. Drop a 🔥 in the comments if you're ready for them to sue! 

FOLLOW @RealCandaceO, RT and watch her FULL episode linked below.👇"
"'2045063417766035611'","4/17/2026 4:54","Tweet","en","4877","3520","978","146","233","3","8","BREAKING: Pinnacle High SCRAPS Erika Kirk Event After Federal Lawsuit Threat! ⚖️📉

The legal walls are closing in on Erika Kirk and TPUSA. A Cease and Desist sent to Paradise Valley Unified School District (PVUSD) leadership on behalf of a group of parents, and the fallout is immediate.

THE LATEST: TPUSA LOSES THE CAMPUS
As of this morning, Pinnacle High School has officially caved to parent pressure and moved the April 24th Erika Kirk event OFF-CAMPUS. Principal Jeremy Richards cited ""significant disruption"" and safety risks—but the parents aren't stopping there.

The letter, copied to AZ Attorney General Kris Mayes, outlines three massive violations:

1⃣ The letter points out that Erika Kirk just skipped a massive rally with VP JD Vance in Georgia due to ""very serious threats."" Parents are asking: If it’s too dangerous for a VP rally, why are you bringing that target to our kids' lunchroom?
2⃣ TPUSA is being accused of violating the Establishment Clause. By using public school grounds to push ""biblical values"" via their TPUSA Faith arm, the district is entering a ""sectarian"" danger zone prohibited by A.R.S. § 15-341.

3⃣ The parents are prepared to file a Federal Title VI Class Action, claiming the event creates a hostile educational environment for minority and LGBTQ+ students.

THE AUSTIN SMITH CONNECTION
The community hasn't forgotten the fraud. The letter highlights the ""forgery-linked"" leadership surrounding Kirk—specifically Austin Smith, who just received probation and a 5-year ban from public office for forging petition signatures. They are asking: Is this the 'integrity' TPUSA is teaching our students?

THE ULTIMATUM
The parents aren't accepting a ""move to the park."" They are demanding FULL CANCELLATION and a written confirmation within 48 hours, or the District faces a Temporary Restraining Order in federal court.

TPUSA is facing a total trust collapse nationwide, especially on their home turf in Arizona. One thing is clear is that Erika Kirk is NOT well liked by the public.

📢 ACTION: If you are a PVUSD parent, the letter has provided the target emails (Principal, Superintendent, Board). Use your voice before the April 24th event proceeds elsewhere!

From: @SwordTruth FOLLOW Him"
"'2043244831154086088'","4/12/2026 4:28","Tweet","en","4865","3537","906","188","234","3","1","🚨 Another TPUSA ""Make Heaven Crowded"" Tour Stop Canceled After Church Mutiny! 🫢

The house of cards is falling, guys. We have some massive updates on the First Baptist Orlando fallout, and it’s a total disaster for  Erika Kirk and the shell of an organization she’s currently running.

What was supposed to be a massive tour stop for the ""Make Heaven Crowded"" tour has been SCRUBBED from both the TPUSA website and the church’s social media. But the real story is what happened behind the scenes.

We have conflicting reports from insiders:

The Official Narrative: TPUSA claims they canceled due to a ""misalignment of values.""

The Inside Scoop: My sources tell us the Church pulled the plug after a massive staff walkout and overwhelming backlash from the congregation. However, to save face and prevent further PR damage to Erika Kirk, they allegedly negotiated a deal to let TPUSA claim they were the ones who walked away.

Either way, the result is the same: WE ARE WINNING. 📉

A Nationwide Rejection:
This isn't just one church. The backlash against the ""New TPUSA"" is spreading like wildfire:

We are seeing massive protests at churches, high schools and colleges. Parishioners and students alike are successfully opposing new tour stops, new chapters, and existing chapters are decoupling and dissolving—just like we saw at the University of Arkansas.

They are realizing that this is NOT the TPUSA Charlie Kirk built. The organization has done a 180-degree turn, abandoning Charlie’s legacy in favor of a performative, Christian-nationalist veneer that doesn't hold water.

The Erika Factor: 
The public is tired of the inauthenticity. From her provable pathological lying to her total lack of genuine grief following Charlie's death, Erika Kirk has become a liability that even the most loyal donors can no longer ignore.

💸 Hemorrhaging Money & Support:
TPUSA is bleeding. They are losing donors, losing chapters, and losing their grip on the movement. Every canceled stop and dissolved chapter hits their bank account where it hurts.

They refuse to answer the real questions:

What really happened to Charlie?

Where is the money going?

Where is Charlie's DOGE style audit, that he commissioned just before his death??

They are trying to write the script as they go, but the public isn't buying the tickets anymore. Charlie worked his life to build a movement, and in a matter of months, the current leadership has tarnished it beyond recognition.

Keep the pressure on! The truth is coming out, and the ""TPUSA Empire"" is shaking at the foundation."
"'2041917590113603876'","4/8/2026 12:34","Tweet","en","4757","3640","1044","73","0","2","5","🚨 BOMBSHELL: Kash Patel Slipped Up And Just Admitted the FBI ""Enhanced"" (Doctored) the Stairwell Photos Plus— Why Would They Release Suspect Photos AFTER Tyler Robinson Was Already In Custody?🤯

Last night, Baron Coleman dropped two massive bombshells that prove the FBI isn't just investigating the Charlie Kirk assassination—they are crafting a narrative. If you thought the ""official story"" felt off, wait until you see the receipts. 
(I apologize, i accidentally screen recorded his video in 1.5x so that's why it sounds sped up, i assure you Baron doesn't have a coke problem. lol)

🕰️ BOMBSHELL #1: THE ""POST-ARREST"" PHOTO LEAK
Why would the FBI release ""suspect photos"" to the public to help find a man they already had in handcuffs?

Baron proved the timeline: The second set of stairwell photos was released at 7:17 PM (Central) on September 11th. Tyler Robinson was already in custody and being Mirandized at that exact moment.

The Logic: You don't ask the public for help finding someone you’ve already caught.

The Reality: They weren't looking for a suspect; they were selling a culprit. They released those photos to cement the image of Tyler Robinson in the public mind before he ever saw a courtroom.

🖌️ BOMBSHELL #2: THE ""ENHANCED"" (DOCTORED) EVIDENCE
In a massive slip-up on FOX News, Kash Patel admitted the stairwell images were ""ENHANCED,"" which is a nice way of saying doctored. Whether it's AI or Photoshop, these images are NOT ""fair and accurate representations"" of the original scene.

The ""Right Angle"" Cheek: Look at the photos—the lines on the suspect's face don't match human anatomy. There are literal overlays visible if you zoom in.

The Multiple Suspects: Baron points out that the ""waif-like"" kid in the morning photos looks nothing like the ""linebacker-shouldered"" man in the afternoon photos. We aren't looking at one person; we’re looking at a digital collage.

🐜 THE ""GUY"" ON THE ROOF
The FBI claims Tyler’s father recognized his son from the video of a figure jumping off the UVU roof. Are you kidding?The figure in that frame is so small they could be mistaken for a moth or a bug. There is no world where a parent identifies their child from a pixelated dot—unless they were coached or shown the ""enhanced"" (fake) photos first.

⚖️ THE LEGAL FALLOUT
This is a major red flag for the trial. Evidence must be original. If the FBI admitted to ""enhancing"" these photos, they should be thrown out of court. ""I wonder if this guy wasn't supposed to be the original Patsy... they look like two different people."" — Baron Coleman

The FBI didn't find the killer; they built one. They took a blurry photo and enhanced it to fit the the person they wanted to frame ""Tyler Robinson."" The FBI's official narrative now has more holes in it than swiss cheese. The truth is coming out whether they want it to or not.

What do you think? Did the FBI doctor the evidence to pin this on Tyler? Let’s get the truth trending. 

Be sure to FOLLOW @baroncoleman and go watch his FULL episode linked below.👇"
"'2049525392977916367'","4/29/2026 12:25","Tweet","en","4710","3196","529","539","446","4","4","😱Erika Kirk’s FULL SPEECH Exposed—Using Emotional BLACKMAIL To Attack Her Critics 👀

I just sat through Erika Kirk’s full speech on the Charlie Kirk Show today so you don't have to, and let me tell you—it was a masterclass in emotional blackmail and pathological gaslighting. 

Erika is attempting to rebrand herself as a martyr, but the script she’s reading is full of blatant lies designed to silence anyone asking real questions about what happened seven months ago.

The Big Lie: Targeting Candace Owens
The most egregious part of this performance? Erika looked into the camera and claimed Candace Owens is out here saying Erika ""murdered her husband."" 

🛑 That is a complete and total lie. 🛑

Candace has never said that. Erika is inventing accusations to play the victim and distract from the fact that the ""Project Constitution"" community is closing in on the truth. It’s a classic deflection tactic: invent a monster so people stop looking at the person behind the curtain.

The ""State-Sanctioned"" Script:
The Teacher Psyop: Notice how she keeps hammering that the ""shooter"" was a school teacher? It’s the same ""indoctrination"" talking point they’ve used for years, now twisted to fit a violent narrative that justifies their current power grab.

The WHCD Charade: She claims she went to the White House Correspondents' Dinner to ""face her dehumanizers."" Give me a break. She was there to rub elbows with the very ""elites"" she claims to hate, all while the Marine Band played and ""chaos"" (conveniently captured on a thousand phones) ensued.

Emotional Weaponization: She invoked the First Lady and used the ""unbearable toll"" of assassination attempts to shield herself from criticism. If you question Erika, she wants you to feel like you’re ""evil"" or ""overcome by evil.""

The Conclusion:
This isn't a speech; it’s a Psyop. Erika is using the memory of her husband to push a narrative of ""systemic radicalization"" while she sits at the head of a multi-million dollar machine that hasn't missed a beat since Charlie passed.

She says she’s ""overcoming evil with good,"" but all we see is manipulation, slander, and the perversion of the truth. They want you to buckle up for their ""blueprint,"" but at Project Constitution, we’re ripping the blueprint up. 🕵️‍♂️⚖️

I will be doing a FULL reaction video to this later today so stay tuned. 

Don't let the tears fool you. Look at the facts. 👇"
"'2043815489860972761'","4/13/2026 18:15","Tweet","en","4591","3723","808","60","0","6","4","🚨 BOMBSHELL: Candace Just Confirmed The TPUSA ""SUCCESSION"" Audio From The Aspen Donor Summit Is A Total FRAUD.😱

Candace Owens just blew the lid off the Aspen Donor Summit. Multiple donors who were physically in the room have come forward to confirm: The audio of Charlie Kirk appointing Erika Kirk as his successor is COMPLETELY FAKE.

This confirms what we’ve been tracking at Project Constitution—this isn't just drama; it’s a high-level information operation.

Other bombshells from the show:

TPUSA Donors are shocked and coming forward to expose the fabrication.

The Tyler Robinson Case: New filings suggest the Feds have zero chance and ""naked corruption"" is at play.

Trump vs. The Pope: Candace claims Trump is under ""demonic influence"" after his latest attacks on Pope Leo XIV.

The narrative is crumbling. We are witnessing a total collapse of the establishment's script.

FOLLOW @RealCandaceO, RT and watch her FULL episode linked below👇 

STAY TUNED. WE ARE DIGGING DEEPER. 🕵️‍♂️🏛️"
"'2040696773274988718'","4/5/2026 3:43","Tweet","en","4566","2706","1098","88","674","3","3","🚨 WHO WAS ONBOARD: Pete Hegseth's Jet While On A Special Air Mission Was Caught Red-Handed at BOTH Scenes— Fort Huachuca & The AES Plant Explosion In TN😱

Alright guys, the ""official"" story just hit some turbulence it can't recover from. 🛬

They want you to believe in coincidences. They want you to believe that a tragedy is just a tragedy and a fire is just a fire and neither of the two shall meet. But in the world of high-stakes power, ""coincidence"" is just a word used by people who are trying to hide a smoking gun. And we're holding the receipts.

September 8th- The Arrival:
Two days before the world watched Charlie Kirk take his final breath in a UVU courtyard, a very specific military jet touched down at an Air Force base just three miles from the gates of Fort Huachuca. We’re talking about Tail Number 99-0404. That Jet just so happens to be the same plane Secretary of War Pete Hegseth frequently flies aboard. But on this day, it wasn’t just a private jet. It was flying under the callsign SAM 702—Special Air Mission. That means whoever was on that aircraft was there on the authority of the President or the Vice President of the United States. 🇺🇸

And who else do we know was allegedly at Fort Huachuca that day? Remember how Mitch Snow put Erika Kirk and Cabot Phillips in the lobby of the Candlewood Suites on that exact same afternoon. 

The next day? Charlie’s own security detail, Brian Harpool, is seen walking out of aa high level meeting with ""VIPs"" also at Fort Huachuca, attached to the JTF-SB (Joint Task Force Southern Border)

Ask yourself: Why is a Presidential-level mission landing in the desert forty-eight hours before an assassination, and meeting with the very people closest to the target?

The Alibi:
The government says, Pete Hegseth was in San Juan, Puerto Rico and they did release photos and videos as proof.
 Ok. Well, that doesn't change ANYTHING. Pete might have been in Puerto Rico, but his plane—his Special Air Mission—was still in the Arizona desert at Fort Huachuca. You can pre-tape a segment, but you cannot pre-tape a flight radar log. The data is immutable. 📉

October 10th- AES PLANT Explosion Cover-Up:
Now, let’s fast-forward exactly thirty days. The trail is getting warm. People are starting to ask about weaponized microphones and shaped charges. Suddenly, SAM 112 (our old friend 99-0404 - Pete's Plane) is back in the air.

It takes a ""quick trip"" from D.C. to Fort Huachuca—the Pentagon’s playground for future weapons tech—and on the way back to the capital, it takes a little ""scenic detour"" over rural Eastern Tennessee.

And wouldn't you know it? At that exact moment, the AES Explosives Plant—the very facility that held the DOD contracts for the specific explosives used in shaped charges—didn't just catch fire. It was blown to kingdom come. 23,000 pounds of explosives. No survivors. No witnesses. No evidence left to subpoena. 💥

Flight radar shows SAM 112 reducing speed and dropping altitude directly over the blast site. Was it a victory lap? Or was it a final inspection to make sure the ""problem"" had been sufficiently erased?

The Verdict
@GrahamAllen can call us ""demonic."" The ""usual suspects"" can scream ""conspiracy."" But I deal in the secondary and the tertiary evidence that the mainstream media is too terrified to touch.

You have a Special Air Mission at the scene of the planning of Charlie Kirk's assassination, then you have that same plane at the scene of the AES plant explosion, that i believe was blown up to  cover their tracks and destroy the evidence.

I have some questions. And I think the American people deserve some answers like: Who were the passenger's onboard that jet for BOTH trips. What was the stated mission or reason for that flight and who greenlit it?

The truth doesn't need an alibi. But it looks like this administration needs a thousand of them. 🏛️⚖️

Video from @StewPetersNet FOLLOW this awesome Patriot!"
"'2040787911159799926'","4/5/2026 9:45","Tweet","en","4540","3236","1103","201","0","4","4","🚨 BREAKING: The Tyler Robinson Case Is About To Be DISMISSED Because Of TPUSA And Their PAID Shills Tainting The Jury— The Defense Just Filed A SCATHING Motion And They Named Names! 😲🔥

If you want a masterclass in how to completely destroy your own case, look no further than the absolute circus surrounding the Tyler Robinson trial.

The defense has just filed a SCATHING new motion (dated March 30, 2026) demanding the judge block cameras from the courtroom yet AGAIN. And when I say scathing, I mean they took a flamethrower to the government, the media, TPUSA, and the massive army of ""shill influencers"" who are acting as judge, jury, and executioner before a single piece of evidence has been presented in court.

Here is what the mainstream media isn't telling you about this filing:

The judge in this case placed a strict gag order designed to prevent government officials, lawyers, and key witnesses from speaking out and declaring Tyler Robinson’s guilt prior to trial.

Yet, what is TPUSA doing? Erika Kirk and Blake Neff have been out there routinely running their mouths, violating the spirit—if not the letter—of this gag order. They are relentlessly pushing the approved government narrative that Robinson is the ""leftist who killed Charlie Kirk.""

📜 The ""Honorable Mentions"" Roll Call
The defense motion doesn't just blast the government; it literally names the specific influencers and X accounts that are parroting these bullshit lines and poisoning the public well.

According to the defense, these accounts are actively destroying Robinson’s right to a fair trial. The motion gives ""honorable mention"" to an entire list of influencers for running a coordinated conviction-by-tweet campaign:

⚖️ The Ultimate Irony: They Are Handing Him a Dismissal

The defense is furious that this mob is declaring their client guilty and pushing the ""crazed leftist assassin"" narrative.

But here is the massive irony that Erika Kirk, TPUSA, and these influencers are entirely too blind to see: By doing this, they are actively tainting the jury pool. In our justice system, if a jury pool is so poisoned by media and influencer interference that a fair trial becomes impossible, the defense has grounds for a mistrial, an appeal, or an outright dismissal of all charges. The very people screaming the loudest declaring Tyler's guilt are giving his defense team the exact ammunition they need to get him off the hook completely. It is a catastrophic level of legal incompetence.

They don't want a trial. They want a reality TV show. And their coordinated psyop to convict this guy in the court of public opinion might just be the reason the actual court throws the whole case in the trash.

Read the FULL FILING BELOW (pause to read). Look at the names. They are playing a very dangerous game. 👇"
"'2045940370631020857'","4/19/2026 14:59","Tweet","en","4482","2968","900","138","476","3","3","🚨 BOMBSHELL: The KIRK/BOWYER Connection Is A Family Affair—Erika And Tyler Are Step Cousins

We need to talk about the ""first meeting"" lie between Erika Kirk and Tyler Bowyer. They’ve claimed for years they met at a 2015 rally, but I have the receipts proving they were part of the same inner family circle as far back as 2012.

Some people are getting hung up on the name Ferrin, thinking the connection is only through marriage. Let’s clear that up right now—it’s much deeper than that. 

Based on the obituary records we’ve uncovered, they are related by marriage (specifically, a shared step-family unit), but it’s a connection so tight that they are officially documented as being in the same family tree.

Here is the exact ""bridge"" between them so you can explain it clearly to anyone who asks:

1. The Common Link: Allie (Frantzve) Ferrin
Allie is the ""key"" that connects the two families.

To Tyler: Allie is his cousin. They share the same grandfather, Ray Leonard Bowyer. This is why they are both listed as ""grandchildren"" in Ray’s 2012 obituary.

To Erika: Allie is her half-sister. They share the same father, Kent Frantzve.

2. The Relationship Between Tyler and Erika
Because Tyler is a biological cousin to Allie, and Erika is a biological sister to Allie, Tyler and Erika are Step-Cousins or Cousins-in-law through the Frantzve/Bowyer marriage.

3. Why the ""Blood vs. Marriage"" Distinction Doesn't Save Their Story
Even if they don't share DNA, the 2012 Obituary is the ""smoking gun""because:

Legal/Social Recognition: In 2012 (three years before the rally), they were publicly and formally recognized as part of the same group of grandchildren.

Proximity: You don't get listed as a grandchild in a formal obituary if you are strangers. This proves that the Bowyer and Frantzve families were a single, functioning ""extended family unit"" long before 2015.

The Bottom Line: They aren't biological ""blood"" cousins, but they are family by law and social standing. In the world of high-level political networking, a shared sister/cousin like Allie Ferrin means they were 100% in the same rooms, at the same holidays, and in the same inner circle years before they claimed to ""meet"" for the first time.

🕸️ The ""Handler"" Theory: 3 Attempts to ""The Trap""
This wasn't a random romance; it looks like a coordinated placement facilitated by her own relative, Tyler, who was already a high-ranking official at TPUSA.

They didn't just get lucky on the first try. They tried to ""set the trap"" three different times:

Attempt 1: Jerusalem. 🇮🇱

Attempt 2: The 2015 Trump Rally (The ""fake"" first meeting). 🇺🇸

Attempt 3: An interview at Bob’s Burgers. 🍔

The third time was the charm. Once that ""Black Widow"" grip took hold of Charlie Kirk, the rest was history.

🛑 Why This Matters
If they lied about how they met, what else are they hiding? They scrubbed this family connection to make Erika’s rise look ""organic,"" when in reality, she was backed by the Bowyer/Rothstein machine from day one.

Tyler and Erika are family. Period. For the full deep dive into the Rothstein/Frantzve family tree and the ties that blow this case wide open, watch my youtube video: linked below 🔗👇"
"'2045082883312808232'","4/17/2026 6:12","Tweet","en","4401","3146","377","817","61","2","0","Does Anyone Else Feel Like LOOKING At Erika Kirk Is Like Looking Into The EYES Of Satan? 👁️🌑

Am I the only one who thinks she looks like the devil? There is something in those eyes—it’s like staring into a void.

Is it just me, or do you see it too? https://t.co/uBNvsgqVLz"
"'2047232057026199867'","4/23/2026 4:32","Tweet","en","4348","2846","940","94","468","1","2","🧐The Case AGAINST Tyler Robinson Is Falling Apart—The ""MURDER WEAPON"" The Feds RECOVERED Cannot Physically BE FIRED. 👀

New Evidence Shows That The Factory Safety On The Gun Recovered—Would Interfere With The Low Mounted Scope Making The Gun Inoperable.

Here is the mechanical reality the FBI is praying you don’t notice about Tyler Robinson’s alleged Mauser 98:

❌ The Fatal Flaw
The Wing Safety: The Mauser 98 uses a tall ""wing"" safety on the bolt. To move from ""SAFE"" to ""FIRE,"" that metal flag must flip 180° over the top.

The Scope Collision: Look at the $2k low-mounted optic. The safety flag physically cannot move because it smashes directly into the bottom of the scope.

Inoperable Prop: Unless that rifle has a modified aftermarket safety, you cannot switch it to ""fire."" You cannot pull the trigger. It is a paperweight.

🔒 Why the Secrecy?
If the rifle in custody has an unmodified safety, the state’s case doesn’t just have holes—it collapses. Is this why:

The FBI has the gun locked away at Quantico?

They are REFUSING to let Tyler’s defense team physically examine the weapon?

🗣️ Even the Owner Knows
Tyler’s grandfather—the actual owner of the rifle and a lifelong hunter—is SPEAKING OUT. 

He knows his firearms, and he’s ready to tell the court: this narrative is ""I'm a hunter and know what a 30.06 will do"".

The Feds aren't just hiding evidence; they are ignoring the basic laws of mechanics to frame a man.

Watch the clip. Look at the bolt. The math doesn't add up. 🔍⚖️

From: @tpvsean FOLLOW Him!!"
"'2045094488926724481'","4/17/2026 6:58","Tweet","en","4189","2918","806","101","364","2","1","EXPOSED: TPUSA Busted Rigging Q&A At Athens, GA Rally—The UGA Student Who Exposed the SCAM Speaks Out!📢

Turning Point USA loves to talk about ""Free Speech,"" but behind the scenes, they’re running a scripted theater production. We just got the boots-on-the-ground report from a UGA student who tried to ask VP J.D. Vance a real question on Tuesday.

What she found is the blueprint for how they protect the ""Elite"" from the ""Grassroots.""

THE SCRIPTED LINE-UP
When the Q&A started, the mic was already ""pre-loaded."" Five people in suits and dresses that were TPUSA employees—all wearing TPUSA lanyards—were positioned at the front of the line before anyone else could even stand up.

The Goal: Fill the clock with ""safe"" questions so the ""handlers"" can cut the mic before a real patriot gets to speak.

THE ""TOPIC"" POLICE
If you aren't wearing a lanyard, you get screened. A ""lady in a blue top"" circled the line, demanding to know every student's topic. (If anyone KNOWS who that woman is, please let me know.) 

The Interrogation: They didn't just ask the topic; they demanded to read the questions off the students' phones.

The Cut: When the student wouldn't budge, the ""handlers"" literally inserted a ringer in front of her because her topic was ""better"" (read: safer).

THE ILLUSION OF ACCESS
They preach ""non-censorship,"" but they manage their events like a North Korean press junket. They want the optics of a rowdy, free-thinking crowd, but they control the input with an iron fist.

THE REAL QUESTION: If TPUSA are so confident in what they preach, why are they terrified of a UGA student asking about government accountability?

The Truth: They don’t want a dialogue. They want a Data Harvest,Photo Op and to protect their grift, which just so happens to align with the Trump admin. They want your applause and your email address, but they don't want your questions.

If the mic is screened, the speech isn't free. Stop being an extra in their movie."
"'2040807236482564177'","4/5/2026 11:02","Tweet","en","4104","2775","1035","79","215","4","2","🚨 EXPOSED: Erika Kirk Caught RIGGING THE Q & A Event At GW University This Week - Student Says 3 Of Out The Person's Were PLANTED And Questions Were STAGED!😱

If you needed any more proof that Erika Kirk has completely abandoned the principles Charlie Kirk built his life on, here is the smoking gun.

A student who just attended the Turning Point USA event at GW University featuring Erika Kirk and Karoline Leavitt just did an interview blowing the whistle on the entire operation. According to the students on the ground, the ""Free Speech"" event was a carefully orchestrated, heavily censored theater production.

According to the student in the clip:

The ""Plants"": At least 3 out of the 4 people who got to ask questions during the Q&A were literally affiliated with the event/organization. They were planted there.

Not Even Students: Half of the people hand-picked to ask questions weren't even actual GW students!

The Cut-Off: The organizers rigged the line so their ""plants"" could ask soft-ball, pro-administration questions. Then, the absolute second an actual student with a dissenting opinion stepped up to the mic, they magically ""ran out of time"" and shut the entire thing down. Because they can’t handle the heat.

This student said it best: He respected Charlie because Charlie actually valued freedom of speech and talked to people who disagreed with him. This new regime is just creating a safe space bubble to protect themselves from real questions—like, perhaps, questions about the investigation into Charlie's death?

Charlie Kirk built his entire legacy on the ""Prove Me Wrong"" table. He was fearless. He wanted to debate the other side, and he never backed down from a tough question from a hostile student.

The ""New"" TPUSA? They are terrified of unscripted moments.

The students are waking up. The movement sees right through the facade.

Watch the clip for yourself. What happened to the fearless TPUSA we used to know? 👇

From: @CalltoActivism FOLLOW Them!"
"'2048293798287901139'","4/26/2026 2:51","Tweet","en","4046","2178","1215","165","488","2","4","🚨 WHCD SHOOTER: Cole Thomas Allen Connected To Our Favorite Ally—Seen wearing IDF Sweatshirt And Searched In Israel A Week Prior To The Event.

The mainstream media is already working overtime to paint Cole Thomas Allen—the WHCD shooter—as just another ""LONE WOLF"" deranged liberal from Torrance. But when you look at the digital trail they tried to scrub, the ""Lone Wolf"" story falls apart.

1. THE ISRAEL FOREKNOWLEDGE:
How do you explain this? Google Trends shows a massive spike in searches for ""Cole Thomas Allen"" originating from Israel on April 23rd—TWO DAYS before he stepped foot in the DC Hilton. Why was he being monitored or searched for in Israel before he even pulled the trigger? [Image 2]

2. THE IDF CONNECTION:
A deleted Instagram photo has surfaced showing Allen posing in an Israel Defense Forces (IDF) sweatshirt. [Image 1] He is a Caltech grad and a mechanical engineer—someone who understands optics. This wasn't a random thrift store find; it’s a signal of alignment that the media is completely ignoring.

3. THE NASA/JPL ""PATTERNS"":
Allen isn't just a ""test prep tutor."" He’s a high-level engineer with past ties to NASA’s Jet Propulsion Laboratory (JPL), working on AI models. We’ve seen this profile before—the ""brilliant loner"" with federal agency internships who suddenly ""snaps"" and bypasses elite Secret Service checkpoints with a shotgun and knives.

4. THE ""STAGED"" RED FLAGS:
The Entrance: How does a ""part-time teacher"" stay as a guest at the high-security Washington Hilton during the WHCD and rush a checkpoint armed to the teeth without being neutralized immediately?
The Optics: He fired 5–8 shots at a Secret Service officer's vest, yet was tackled and arrested without being shot by the most elite security detail on the planet.

The Narrative: Within hours, Trump and the Secret Service both labeled him a ""sick person"" acting alone. Case closed? Not even close.

The Bottom Line: You have a Caltech engineer, a NASA-tied AI researcher, wearing IDF gear, who was being searched for in Israel 48 hours before the event. This has all the hallmarks of a coordinated operation or a deep-state ""psyop"" designed for maximum optics. Then you have Erika Kirk making a fake crying evacuation video. This is all by design folks. They would rather kill innocent people then to be exposed. thes epeople will go to any lengths to cover up their crimes.

Don't let them tell you it's a ""simple case."" The truth is in the data they didn't think we'd find."
"'2046054274044477603'","4/19/2026 22:32","Tweet","en","4030","3508","355","44","123","4","0","YIKES!! Larry the Jigsaw is getting wrecked by Candace Owens. I love it!!!!
@LauraLoomer @RealCandaceO @sneako https://t.co/YCAhF7c9ei"
"'2049568285184651541'","4/29/2026 15:15","Tweet","en","3790","2231","1284","92","183","5","0","‼️EXPOSED: TPUSA’s Secret $9 Million Real Estate Empire Exposed—Buying Entire Business Parks in Cash While Begging You for $20👀

I obtained Maricopa County deed records for Turning Point's headquarters and this is what I found.

Turning Point USA is secretly hoarding millions in real estate and cash behind an ""Endowment"" shell company, building a massive corporate fortress while begging their grassroots base for money.

Move #1: In 2019, they quietly shifted an existing $1.6 million building (Lot 2) out of the main non-profit and into their tax-exempt ""Endowment"" holding company.

Move #2: On that exact same tax return, they transferred an additional $5.3 million in cash reserves into that same shell.

Move #3: In 2021, they took $2.1 million in STRAIGHT CASH and bought the building right next door (Lot 1) to expand their footprint.

They are buying up entire business parks in cash while looking into the camera and telling their college student base that they are a scrappy, grassroots movement desperate for donations. 

While they beg everyday Americans for $20 to ""save the country,"" Erika Kirk and the TPUSA executives are sitting on a $9+ million real estate and cash empire safely insulated from the very movement they claim to represent.

They aren't building a movement. They are building a real estate portfolio.

The receipts don't lie. Stop funding the corporate fortress. 👇"
"'2042631718260056430'","4/10/2026 11:52","Tweet","en","3690","2516","1015","159","0","0","3","🚨MUST WATCH: Palm Beach Pete Just Took A Lie Detector Test And Failed Miserably Results That Prove He's Hiding Something.📈❌

Palm Beach Pete, in a desperate attempt to prove he is NOT Jeffrey Epstein, just took a lie detector test and FAILED IT MISERABLY.

He was caught being deceptive on the most critical question of all: ""Have you and Jeffrey Epstein ever been in the same room together?""

Watch him squirm. First, he tries to downplay it: ""I was at a party and he was at that party. I never spoke to him. I never met him.""

Then, when pressed, he admits: ""So the answer is yes, the answer was yes. I was in a room and he was in the same room.""

And the polygrapher's devastating response? ""No, I'm getting a little deception there.""

Pete's final, pathetic words? ""What can I tell you?""

I don't know the truth!

You don't know the truth? A man goes on national television, desperate to clear his name from the biggest conspiracy of the century, and his final defense is ""I don't know the truth""?

That's not a denial. That's a confession.

This is the most pathetic attempt at a cover-up we have ever seen. An innocent man doesn't fail a polygraph about his connection to the person he supposedly looks like. An innocent man doesn't fumble his own story. An innocent man doesn't end his defense by claiming he doesn't know the truth.

He failed the test. He was caught in a lie. He has the same face, the same teeth, the same tattoo, the same locations, the same ""partnerships,"" and now, he has a failed polygraph to his name.

How much more proof does the world need? They faked Epstein's death, and this bumbling fool is the result.

He failed the lie detector test. Share this everywhere. The truth is coming out, whether they like it or not. 🇺🇸⚓️

From: @dom_lucre"
"'2048733028998885462'","4/27/2026 7:56","Tweet","en","3672","2638","716","39","279","3","2","‼️EXPOSED: TPUSA Insider Says: Turning Point Treated Charlie's MEMORIAL ""Like A FOOTBALL Game.""👀

Mason Lemme just exposed on what REALLY happened at the Charlie Kirk Memorial in Arizona. While thousands were mourning and praising Jesus, TPUSA leadership was treating it like a football game. 🏟️👞

The disturbing details:
📍 Voter Reg at a Funeral: They had people swarming the lobby to register voters while people were in active mourning. 

📍 Merch Sales: ""Freedom shirts"" for sale at a memorial service? 

📍 The Digital Trap: They GEO-FENCED the entire event. If you went to honor Charlie, they harvested your phone data and sold it to the highest bidder. 📱💸

Mason says it felt ""off"" then, but looking back now? He sees it was a staged, intentional, and fake use of a tragedy to hit metrics.

Watch the full INTERVIEW below to see how the grift works. 👇🕊️

FOLLOW @LemmeReact And show him your support!"
"'2038294352309420318'","3/29/2026 12:36","Tweet","en","3161","2126","470","135","430","5","1","🚨 The TPUSA Syndicate Gets TROLLED To Their Faces—Watch Them Get Triggered When Zee's Crew Say ""We Are Charlie Kirk"" 😳

The establishment gatekeepers are absolutely losing their minds. @ZeeToTheHill  and the @unfamericatour crew just marched right up to TPUSA Headquarters in Arizona, confronted Andrew Kolvet, Blake Neff, and Jack Posobiec, and handed them the ultimate parting gift.

THE PARTING GIFT:
They handed the boys club a custom Unfuck America Tour branded lighter with a very specific message on it: ""We are Charlie Kirk."" They looked the syndicate right in the eye and told them, ""We carry on the flame.""

THE MELTDOWN:
The reaction is absolutely priceless. You can see the sheer panic and annoyance on their faces. They immediately start whining, calling it ""sacrilege,"" telling the crew to ""carry on your own flame,"" and crying that they need to ""find new ways to express that in the future."" They are visibly triggered by the absolute audacity of the grassroots daring to use Charlie's name without their corporate permission.

THE TRADEMARK GRIFT IS FAILING:
Listen closely, you arrogant establishment hacks: You do not own Charlie Kirk. You do not own his legacy. And Erika’s desperate, pathetic little attempt to officially trademark his name is currently failing miserably because it is being heavily challenged legally. So good luck with that grift.

The saddest part of this entire interaction is the undeniable reality of it: The guys standing out on the street with that lighter care infinitely more about Charlie Kirk and his actual America First mission than the guys standing in the suits ever did, or ever will. 🇺🇸"
"'2045965562090815548'","4/19/2026 16:39","Tweet","en","3115","1745","864","106","400","3","2","PREMEDITATED: The Chief Rabbi's Letter Is. The Smoking Gun That ""They"" Killed Him—DATED 8 DAYS BEFORE THE ASSASSINATION 👀

The ""official narrative"" just hit a brick wall. We have been tracking the ""fedslop"" for 7 months, but this document—posted by the Israel Heritage Foundation (IHF)—is the ultimate smoking gun.

Look at the date. Look at the facts.

The Evidence:A formal letter of condolence from David Yosef, the Chief Rabbi of Israel, addressed to the family of Charlie Kirk.
The Date on the Letter: September 2, 2025.

The Day of the Murder: September 10, 2025.

The Chief Rabbi of Israel was mourning Charlie Kirk EIGHT DAYS before he was assassinated at UVU.

How does the highest rabbinical authority in Israel send a letter regarding the ""vile and cruel murder"" of a man who was still alive and well? This isn't a typo; this is a pre-written script that was released too early.

The Jerusalem Connection: We’ve been talking about the ""Handler Theory"" and Erika Kirk’s ties to high-level Israeli interests for months. This letter proves that the ""event"" at UVU was known and finalized in Jerusalem well before it happened.

The Fact-Check Panic: The fact-checkers are already going into overdrive to call this a ""clerical error."" But in the world of high-level diplomacy and Chief Rabbis, you don't ""accidentally"" date a murder condolence letter 8 days early.

They had the condolences ready before the ""Single Sniper"" even took his position on the roof.

They’ve been feeding us a story while they’ve been following a timeline. If they knew he was going to be ""murdered"" on September 2nd, then the UVU event wasn 't a tragedy—it was an execution by appointment.
We were all right. The truth is coming from the archives they forgot to scrub.

Watch the dates. Trust the data. The ""grassroots"" mask is gone. 🇺🇸⚖️

Credit: @RT_com FOLLOW Them!"
"'2045826923457073182'","4/19/2026 7:28","Tweet","en","3057","2216","365","84","392","3","3","Nick Fuentes BREAKS His Silence on Erika Kirk—Why Nick's Take Is CORRECT And Totally Based In Common Sense. 🗣️🙊

@NickJFuentes is 100% right on this. Erika Kirk chose to step out of the private sphere and into the CEO role of Turning Point USA. By doing so, she traded her status as a ""private grieving widow"" for the role of a high-level political operative.

THE FACTS:

She didn't go home to grieve like any normal person with two fatherless children would. Within 72 hours of Charlie’s death, she was his successor, rubbing elbows with JD Vance and Donald Trump in DC.

THEY'RE USING HER TRAGEDY AS A TACTICAL SHIELD:

Had she stayed home, she never would have been in our crosshairs (figuratively, of course). But you cannot run the most powerful non-profit in the country and then cry ""manipulation"" when people ask who you really are.

Fuentes hit the nail on the head regarding the ""Truman Show"" nature of their marriage. Our research into the Frantzve/Bowyer family ties proves that their ""chance meeting"" in 2015 was a fabrication. As Nick suggests, this looks less like a grassroots romance and more like a strategic placement. 

If the marriage was an artifice—a manufactured product for public consumption—then Erika isn't a victim of the graft. She is a manager of the graft. The Bottom Line:When someone tells you that you ""can't ask questions"" for moral reasons, that is exactly when you need to dig the deepest. We aren't being fed the truth; we are being fed ""fedslop"" wrapped in a sob story.

Is Erika Kirk a grieving widow, or is she a political contender being groomed to use her ""battle cry"" as a weapon for the deep state? The evidence points to the latter. 🇺🇸⚖️"
"'2048280443158515933'","4/26/2026 1:58","Tweet","en","2981","2105","401","286","189","2","1","‼️ WATCH: Erika Kirk’s “DRAMATIC” Exit from the DC Hilton Tonight after GUNMAN Was Subdued At Fox News VIP party.

Notice anything? A real emergency is happening—shots fired, Secret Service moving—and Erika is more concerned with optics and staging FAKE PR Videos Than Her Actual Safety. 🙄

 This is how diabolical she is: she never lets a real crisis go to waste if she can squeeze a drop of sympathy out of it for optics. She’s an actor—and a bad one at that. Don’t let the performance fool you. 🎭

The movement died with Charlie, and now we’re just left with the Erika Kirk Variety Hour. Despicable.

Credit: @MattWallace888 For the video, FOLLOW Him!"
"'2047394764106916063'","4/23/2026 15:18","Tweet","en","2944","2084","485","59","316","2","1","EXPOSED: Now We KNOW What The Mysterious ""YOLO"" Drive Is That Terryl Farnsworth TRIED TO HIDE—Coach Colin Explains 👀

Coach Colin just dropped a massive breakdown of the Candace Owens FaceTime footage with Terryl Farnsworth, and the implications for the Charlie Kirk case are terrifying.

🖥️ What is ""YOLO""?
While the world thought it meant ""You Only Live Once,"" in the high-stakes world of AI editing, YOLO stands for ""You Only Look Once.""

Pixel-Perfect Deception: YOLO is a high-level language model program used for real-time object detection.

The ""Eraser"" Tool: It is incredibly precise, allowing an editor to track a person or object down to the exact pixel and ensure they are invisible throughout an entire frame—without the inconsistencies you'd see in standard editing.

📁 The Mysterious Drive
In the new footage, Terryl Farnsworth opens a drive on his desktop explicitly named ""YOLO"" to show Candace the back-angle footage from the day Charlie Kirk was unalived at UVU.

Candace previously revealed that Terryl made ""weird excuses"" for two days about why he couldn't send the footage, claiming he was afraid Google would ""hack"" him.

Coach Colin suspects Terryl used those two days to master the YOLO program to scrub the footage. If there was someone in the background—perhaps a specific person in a brown shirt—this program could have removed them so cleanly that Candace would never know she was looking at a ""cropped"" or ""cleaned"" version of the truth.

🕵️‍♂️ Why This Matters
YOLO isn't a ""beginner"" program. It takes learning and technical skill. Why would an audio-visual guy have a drive named after an AI-pixel-tracking program specifically used to hide things unless that's exactly what he was doing?

As Coach Colin puts it: ""He could have made sure to take out anything that he thought she shouldn't be able to see.""

Was the footage Candace saw the ""legit"" original, or a YOLO-edited fabrication? The search for the truth continues. ⚖️🔍

FOLLOW @iamcoachcolin and watch his FULL Episode linked below. 👇"
"'2045493233740898690'","4/18/2026 9:22","Tweet","en","2915","1877","655","28","355","2","2","Stew Peters just dropped a BOMBSHELL connecting the dots on the Charlie Kirk assassination and a massive ""silent"" shakeup at the Southern Border.🪖

The Facts They Don’t Want You To Know:
1️⃣ October 10, 2025: Exactly one month after Charlie’s murder, the entire 10th Mountain Division was quietly ""fired"" and replaced at the border. No awards. No ceremonies. Just NDAs and silence. 

2️⃣ The Same Day: A catastrophic explosion at the AES facility in Tennessee killed 16 people. 

3️⃣ The Plane: SAM 112—the VIP jet authorized only by the President or VP—flew directly over that facility on the day it blew up, coming straight from Fort Huachuca.

Why was the 10th Mountain Division scattered to the wind? Why the 10-year NDAs for Turning Point staff? Why did a high-level government plane ""detour"" over an exploding factory?

They didn't expect us to notice the details. They didn't expect us to track the tail numbers. But we are watching.

 Don't believe the propaganda. Look at the timeline. The people, the places, and the planes DON’T lie.

FOLLOW @StewPetersNet   Watch The FULL Clip, SHARE This Everywhere. 🗣️🇺🇸"
"'2044260638172582132'","4/14/2026 23:44","Tweet","en","2880","1740","379","562","199","2","3","🆘BREAKING: Victor Marx RESPONDS To Candace Owens Expose` On Him Today On her Podcast —""I'm Praying For You""😱

""Love you, Candace. Let me know when you want me to come on the show. Praying for you."" — Victor Marx 👱‍♂️🕊️

@RealCandaceO has Victor Marx feeling the heat. After she spent her entire episode today dismantling his past—from the Project Bluebird MK Ultra connections to the Haiti arms trafficking allegations—the ""Pastor"" has issued a response. But to those of us with a spirit of discernment, that ""praying for you"" felt less like a blessing and more like a veiled threat.

The ""Retooling"" Warning? For a man who admits to ""homicidal tendencies"" and performs ""retooling prayers"" where he claims to extract information from demons, saying ""I'm praying for you"" to a journalist who just exposed your arms pipeline isn't a gesture of grace—it’s a power move.

Remember, this is the same man who told the owner of FoldAR, ""I could whoop your ass right here,"" when he didn't get his way.

The Tone: The forced calm and the ""Alrighty, then"" are the classic markers of someone who is functionally managed but currently ""spiraling.""

We’ve seen this movie before: when the deep-state assets get backed into a corner, they use religious language as a silencer."
"'2040935316618350992'","4/5/2026 19:31","Tweet","en","2832","2053","636","143","0","5","1","🚨 UNEARTHED VIDEO: Buried 2025 Clip Where Erika Kirk Accidentally Confessed The Infiltration Of TPUSA —3 Massive BOMBSHELLS Revealed😱

A buried clip from the 2025 Woman's Bloom conference in Orange County has just surfaced, and it is an absolute BOMBSHELL.

Erika Kirk was on stage, clearly feeling comfortable, and decided to give the audience a longer, ""intimate"" version of how she and Charlie met. She thought she was telling a rom-com fairy tale. In reality, her mask slipped, and she accidentally handed us the exact receipts we’ve been searching for to prove her infiltration of TPUSA.

She dropped three massive slip-ups in this one clip. Let’s look at the evidence she just provided against herself.

💣 Bombshell #1: The Israel ""Mission""
Erika flat-out admits that she took a trip to Israel in May with one specific goal: ""My whole intention of that trip was to find my future husband."" She admits to seeing Charlie at the airport ticket line there. Fast forward to August, and she’s standing in his office. This wasn't an organic meeting; it was a targeted operation. She had a mission, and she executed it.

💣 Bombshell #2: The Tyler Bowyer Timeline Lie
In this unearthed clip, Erika states twice that she was invited to the Turning Point USA office opening by a ""mutual family friend"" who worked for Charlie.

We all know who that ""family friend"" is: Tyler Bowyer. But here is the problem—Erika has previously claimed on the record that she met Tyler at a 2015 Trump rally. So which is it? Did you meet him at a rally, or was he a long-time ""family friend"" who brokered your entry into TPUSA headquarters? You just caught yourself in a massive lie. The timeline is fractured. The players knew each other long before they claim they did.

💣 Bombshell #3: The Hamptons ""Uncle"" and The Mob Ties
This is the darkest part of the clip. Erika casually mentions that when Charlie DM’d her to meet up in NYC, she was staying in the Hamptons with ""one of my uncles.""

My question is: What Uncle would that be, Erika? Uncle Allen Rothstein?

Let’s connect the dots. Allen Rothstein is the father of Nicole Rothstein—Erika’s claimed cousin and former NYC roommate during her brief stint in real estate. Allen is a key figure linked to Windhaven Real Estate and faces a mountain of allegations regarding fraud schemes, questionable securities, casino-related dealings, and a lavish lifestyle with highly suspicious income sources.

And the Rothstein name isn't just a coincidence. It is historically tied to the organized crime networks of the ""Jewish Mafia"" (tracing back to figures like Prohibition-era kingpin Arnold Rothstein). Candace Owens has been warning us for months about this family’s ongoing shady ties to real estate fraud and mob-like networks.

🧩 The Grift Unveiled
Look at the picture this unearthed video paints: A woman goes to Israel hunting for a powerful husband. She uses a ""family friend"" (Tyler Bowyer) to infiltrate TPUSA. Then, while lounging at the Hamptons estate of an ""uncle"" tied to massive fraud and organized crime, she sets the hook on Charlie Kirk.

She thought she was sharing a sweet story. She actually just confessed to the setup.

Watch the clip before they try to scrub it from the internet. The truth is unraveling. 👇"
"'2045981690690977945'","4/19/2026 17:43","Tweet","en","2820","2179","440","118","83","2","1","Larry Loomer doesn't want the world to know she paid Andrew Simpson to pretend to be her FIANCE. Pretty sad when you gotta pay someone to pretend to be loved. (allegedly)

Was this done for strictly because of your lawsuit with @billmaher over the fact that you said you sucked Trump's dick?"
"'2046583277893328966'","4/21/2026 9:34","Tweet","en","2787","1750","645","83","309","2","3","😱MASSIVE BREAK: The Fatal Flaw in the Tyler Robinson Case—Gun Could NOT Have Been Fired! 👀

The mainstream media is aggressively pushing the narrative that Tyler Robinson used a WWII-era .30-06 Mauser to assassinate Charlie Kirk.

But if you actually understand firearm mechanics, there is a glaring, undeniable hole in their story.

Take a close look at photos of the rifle the Feds are trying to sell to the public as the ""murder weapon."" BTW The phot release is NOT the actual gun recovered but a generic Remington 700 or a Mauser 125th-anniversary model with the background edited out). Anyway, regardless of that; the Mauser 98 allegedly used by Tyler Robinson  features a $2k low-mounted scope. Here is the mechanical reality the FBI hopes you don't notice:

🛑 The Mauser Wing Safety: The original Mauser 98 action uses a tall, 3-position ""wing"" or ""flag"" safety on the back of the bolt. To take the rifle off ""SAFE"" and put it on ""FIRE"", that metal flag has to flip in a 180-degree arc directly over the top of the bolt. 

🛑 The Scope Collision: Look at how low that optic is mounted. If this rifle still has its original military-style safety, you cannot physically push the safety to the ""FIRE"" position. The metal flag will instantly smash directly into the bottom of the scope's ocular bell.

Let's be completely clear about the facts: This rifle could NOT have been fired unless it was equipped with an aftermarket modified safety (like a low-profile or side-swing safety).

If the rifle in FBI custody retains the original military safety, it is literally an inoperable prop. The safety flag is physically blocked by the optic scope, meaning you cannot switch the safety off, and YOU CANNOT PULL THE TRIGGER.

Is this why the FBI has locked the physical gun away at Quantico? Is this why they are flat-out refusing to let Tyler Robinson’s defense attorneys physically examine the weapon?

If a defense expert gets their hands on it and confirms an unmodified safety, they will prove in open court that the state's murder weapon couldn't have fired the fatal shot.

The state's case isn't just full of holes—it defies the basic laws of physics.

👇 Look at the diagrams. Understand the mechanics.

SHARE THIS EVERYWHERE. The official narrative is collapsing.

CREDIT: @SaraJane38340 FOLLOW Her!"
"'2041894550176710805'","4/8/2026 11:02","Tweet","en","2735","2129","528","78","0","4","0","🚨EXPOSED: Deleted Video Of Erika Kirk’s Admitting Her Relationships Are ""Transactional""— Erika Admits She Was the ""Neck"" Moving the Head""😱

Patriotic Housewife just went live to react to my latest Calvary Confessions thread, and she didn't hold back. We are exposing a side of Erika Kirk that she desperately tried to scrub from the internet: an hour-long deleted video from 2021 that reveals the ""grieving widow"" is actually a cold, calculated operative.

🎭 THE ""UPGRADE"" & THE ACTRESS
Erika has spent years playing the humble, submissive wife. But this footage from the Good Things Women’s Convention tells a different story.

The Social Climb: Right out of the gate, Erika jokes about ""upgrading"" her name to Kirk. Not a biblical union—a career move.

The Transactional Mindset: On a hot mic, Erika fully leans into her transactional nature, describing her philosophy on relationships as: ""Hey, nice to meet you, but what can you do for me?""

The ""Silver Screen"" Slip-up: She’s always claimed she never wanted fame, but on this hot mic, she admits her LA relationships were about one thing: getting on the silver screen. Marrying Charlie wasn't a romance; it was the ultimate acting gig to secure her social status.

""She doesn't describe a biblical union, she describes a calculated social climb... she was a Hollywood-obsessed aspiring actress looking for her big break.

⛓️ THE HANDLER CONFESSION
This is the part that should make every TPUSA supporter’s skin crawl. Erika literally admits to being the ""neck"" that moves the ""head.""

The Quote: ""The man is the head, but the woman is the neck, and the neck can make the head move whatever way she wants.""

The Panic: Watch her body language in the clip. The second she says it, she stammers and tries to backpedal, claiming it’s ""not manipulative.""

The Reality: Erika wasn't a wife; she was a handler. She was pulling the strings behind the scenes the entire time.

🧊 COLD AS ICE
As Patriotic Housewife points out, where is the empathy? Where is the grief? Since the ""Big Bang"" at UVU, Erika hasn't skipped a beat. She didn't fall into this role; she was on the sidelines waiting for the ""tap in.""

""You don't go from sitting at home cooking and cleaning all day to jumping into this with such devotion and excitement... she was waiting for this."" — Patriotic Housewife

❓ THE FINAL QUESTION
If Charlie was the ""wise husband"" she describes, how did he end up in a marriage with a woman who describes their relationship as transactional? If the ""neck"" moves the ""head,"" did she move him right into that trap at UVU?

We know it wasn't Tyler Robinson. We know the ""stairwell man"" has the wrong earlobes. And now we know the woman running the show was an aspiring actress who viewed her husband as an ""upgrade.""

Is Erika a grieving widow or the ultimate ""Jezebel"" operative? Let us know your names for her in the comments. 👇

Go FOLLOW @Perezvnicole (Patriotic Housewife) and Watch her FULL video reacting to the other 3 clips. Link is below in the comments."
"'2045067659595624800'","4/17/2026 5:11","Tweet","en","2687","1622","989","76","0","4","4","BREAKING: Leaked Email Shows Potentially ILLEGAL Coordination Between TPUSA PAC and the President Trump—500K Pay To Play Elite Scam EXPOSED😱

While you’re standing in line at Dream City Church in the Phoenix heat, the ""Elite"" are taking private jets to a secret meeting. We have secured the strictly confidential leaked email from high-level fundraiser Sinan Kanatsiz that proves TPUSA is selling the President of the United States to the highest bidder.

THE ""ELITE"" PRICE TAG
If you have $500,000, you don't just get a seat—you get a private tour of TPUSA HQ, a stay at the luxury Phoenician Resort, and a one-on-one photo with President Trump at 12:00 PM today.

THE CATCH: The email directs donors to ""TPUSA PAC"" gatekeeper Matt Scherr. This isn't a donation; it's a transaction.

 ILLEGAL COORDINATION?
This email is a massive legal liability. Here is the breakdown of why this is potentially criminal:

If ""TPUSA PAC"" is soliciting $500k, it’s acting as a Super PAC (since regular PACs are capped at $5,000). By law, Super PACs CANNOT COORDINATE with the President’s schedule or campaign.

The Evidence: This email explicitly coordinates a private 1-on-1 meeting and photo op between a donor, TPUSA leadership, and the sitting President. That is the definition of illegal coordination.

Selling the Office: Using the Presidency to solicit half-million-dollar checks for a private PAC is a direct violation of federal ethics standards.

THE GRASSROOTS VS. THE GLOBALISTS
TPUSA claims to be ""grassroots,"" but this email proves they are a concierge service for the ultra-wealthy.

For You: A ""VoteOnline"" data harvest tool to track your movements and sell your info.

For the $500k Donors: Private jets via JSX, dinners at Oceans 44, and face-time with the President.

Erika Kirk and Tyler Bowyer are building a ""Red Wall"" alright—a wall of cash that keeps the average American out. They are using the President’s name to fill their own PAC coffers while ignoring the very people who built their movement.

THE ULTIMATUM
We are watching the 12:00 PM photo op. We know the location is being kept secret. We know the donors are being ushered in through private hangars at Scottsdale Airport.

The truth cannot be ""confidential."" Share this everywhere. Let the people at the rally know exactly what their ""leaders"" are doing behind closed doors.

From: @DangerousTruth1 FOLLOW Her!"
"'2048977445466812765'","4/28/2026 0:07","Tweet","en","2677","1927","528","105","117","4","0","‼️EXCLUSIVE: TPUSA Event At Iowa State With Erika Kirk And JD Vance CANCELLED Citing ""SCHEDULING CONFLICT—TPUSA Insider Says NOT TRUE!! 😱

A bombshell is rocking the political landscape today! I've just received exclusive information directly from an inside source at Turning Point's Iowa chapter. Remember that heavily promoted event this Thursday, April 30th at Iowa State University featuring Erika Kirk and JD Vance? It’s been officially CANCELED.

While Turning Point is publicly citing ""a matter of scheduling conflicts,"" our reliable source inside the chapter tell a completely different story. According to these insiders, the real reason is a crushing case of ""low turnout."" They don't have enough people to fill the seats, and TPUSA, ever focused on metrics and theatrics, supposedly doesn't want to be seen with an empty arena. This directly contradicts their public explanation, creating a massive credibility crisis.

This follows a growing wave of people, like Mason Lemme from Texas State University and others, who are stepping down and speaking out about TPUSA's inner workings. The momentum is clearly shifting. 

Is This The End Of TPUSA? Is their empire crumbling? Share this everywhere! Let the world know the truth behind the cancellation!"
"'2038335503389323488'","3/29/2026 15:20","Tweet","en","2675","1819","749","107","0","0","2","🚨 What The Trump Administration ISN'T Telling YOU About Iran—The AWACS Was A Precision Strike🔰💥

This is an absolute must-watch from a former US military service member, Joshua Dorty. You have seen the wreckage of the US plane destroyed by Iran, but the media is lying to you about how it happened. This was not a lucky shot.

Here is the terrifying reality the Deep State does not want you to understand:

Joshua, a combat vet who actually served on this specific AWACS plane (""Balls Five""), reveals that Iran executed a perfect precision strike. They didn't just hit the plane; they targeted the exact spot—the AF lower lobe—where the crucial AN/AY-2 radar array sits.
This radar makes the AWACS a multi-billion dollar, irreplaceable asset. By hitting that exact spot, they didn't just damage a plane; they took that entire critical piece of command-and-control technology out of the war, forever.

This raises two horrifying questions:

How did Iran’s intelligence know exactly where to strike to neutralize the aircraft?
How did they successfully defeat the advanced US air defenses at Prince Sultan Air Base?

This suggests massive intelligence sharing from Russia or China. The axis of power is aligned against us, and they are demonstrating precise, devastating capability.

Joshua is a Purple Heart recipient with four tours in the Middle East. He knows the cost of war. He is urging us to look past the political division. This is not Left vs. Right. This is Top vs. Bottom. The elites want a World War III for their own benefit (the decline of the dollar, BRICS, etc.), and they are driving us toward it every single day.

They are dividing us with mind control so we fight amongst ourselves, while they prepare to send our children and grandchildren—because that is who will fight this war—into a global meat grinder.

We cannot afford a civil war at home. We cannot afford this escalating, illegal war with Iran. Pray for the kids who are already over there or who will be sent. Take off the division hats for a minute and ""put on your human goggles.""

We need to stop the Deep State's march to World War III before it is too late. Share this everywhere. 🇺🇸⚓️"
"'2044269177242804464'","4/15/2026 0:18","Tweet","en","2633","2048","373","84","128","1","4","🆘CHECKMATE: Candace Owens JUST Responded On Instagram To @victormarx Calling His BLUFF —Inviting Corby Hall And Victor Marx On The SAME Show For A Debate.👀

We are exclusively covering the dynamic fallout of the Victor Marx / Candace Owens standoff. Marx initially responded to Candace’s trafficking bombshells with a passive-aggressive ""I'm praying for you"" and a general challenge to come on her show.

Candace Just Accepted—With a Massive Catch:Candace didn’t just say yes to the debate; she brought the primary whistleblower to the table. In a new Instagram comment, Candace publically called Marx out:
“We’re actually going to have Corby Hall of FoldAR on and he’s game to do the show with you. Happy to have you both on if you agree?” 👱‍♀️⚔️

This isn't a ""prayer circle."" This is an active investigation. Candace is calling for Victor Marx to answer, live and on the record, for:

The alleged demand for 50,000 FoldAR rifles for the IDF. 📦
The pressure to ""retool"" Corby Hall using Project Bluebird-style psychological techniques. 🧠

His explanation for the ATF trace at 9:00 AM on 9/10 on the morning of Charlie’s death. 🔫

Will Victor Marx step onto a stage and debate the very man who has provided a sworn statement against him regarding illegal arms exportation? Or is the ""man of God"" who told Corby ""I could whoop your ass"" suddenly going to have ""scheduling conflicts""?

This is the definition of a ""Battle Bun"" checkmate. Victor Marx tried to use ""prayer"" and ""love"" as a defensive pivot, but Candace Owens just called his bluff in front of the entire movement.

The ball is back in your court, ""Pastor."" 🎾🔥

👇 WATCH THE SHOWDOWN unfold. Comment below: Will he agree to face Corby Hall?"
"'2038228155912118476'","3/29/2026 8:13","Tweet","en","2629","1997","548","84","0","3","1","🚨 EXCLUSIVE: Never-Before-Seen Photos from the Day Charlie Kirk Was Assassinated—Salt Lake Tribune Photographer Drops New UVU Photo Set🔎😳

Salt Lake Tribune photographer Trent Nelson has just released a massive, brand new photo set from the ground at the TPUSA event at Utah Valley University on September 10, 2025 where Charlie Kirk was assassinated.

These are not the scrubbed, sanitized, tightly-framed images the mainstream media has been feeding you for months. These are raw, high-resolution photos of the TPUSA event leading up to, during, and the aftermath of the big bang that everything changed.

Here is why this is absolutely massive for our investigation:

 Now, we have an entirely new set of visual data to comb through. We are looking at the background. We are looking at the crowd. We are looking for the military guys inj maroon shirts, drones, anomalies, and anyone who looks like they knew exactly what was about to happen.

Every time new raw footage or photography drops, the official Deep State narrative falls apart just a little bit more. They wanted to lock this entire crime scene down and tell you to stop asking questions. But they cannot stop independent journalists and awake Americans from analyzing every single pixel of these new images.

We are going to match Trent Nelson’s photos with the rest of the evidence we have compiled. The syndicate operates in the shadows, but we are dragging every single detail into the light. 

Go Max! 🇺🇸

Credit: @trenthead FOLLOW Him!"
"'2041716895343112272'","4/7/2026 23:16","Tweet","en","2583","1683","456","72","372","2","3","🚨BOMBSHELL: THE FBI’S Stairwell PHOTO Released Of The Suspect In The Charlie Kirk Case Is REAL—Baron Coleman Just PROVED It Was Taken On September 10th🧾🧐 

The speculation is OVER. The questions about whether the FBI manufactured the stairwell photo of the alleged Charlie Kirk assassin have been decisively answered.

In a massive, independent investigation, Baron Coleman just dropped a definitive piece of evidence that proves the picture is AUTHENTIC and was taken on September 10th, 2025—the day of the catastrophic ""Big Bang"" at UVU that took Charlie Kirk’s life.

🧩 HOW HE DID IT: THE SATELLITE SMOKING GUN
Critics have long argued that the FBI’s image was a generic stock shot or even faked to fit their timeline. Baron Coleman just used their own evidence against them, pairing it with independent satellite imagery taken moments before the event:

The Match: Coleman pinpointed two highly distinct vehicles in the UVU parking lot in the aerial view.

The Confirmation: He then found those EXACT same vehicles visible in the background of the FBI’s stairwell shot.

The Verdict: This perfect synchronization proves beyond any doubt that the two images were taken on the same day, at the same location, just minutes apart. The ""stairwell shot"" is the real deal.

""If you open both pics, you'll see the same truck and grey hatchback in both pics... One is an aerial view... The other is a pic released by the FBI... This is evidence the pictures were taken on the same day."" —Baron Coleman

🤯 BUT WAIT—THERE IS A MASSIVE NEW PROBLEM.
While the picture is now proven authentic, it raises a question that should terrify the establishment: If the picture is real, then who is in it?

Because one thing is certain: IT IS NOT TYLER ROBINSON.

The facial features don't match. It looks nothing like him. Let’s look at the facts:

Earlobes Never Lie: Tyler Robinson has attached earlobes. Look closely at the picture. The alleged suspect has open earlobes. This isn't a shadow. It's a fundamental genetic difference.

Unresolved Idents: If the figure isn't the patsy they told us it was, then we are looking at a different operative entirely—one the FBI still hasn't accounted for.

❓ WHERE DO WE GO FROM HERE?
This is the definition of ""two steps forward, one step back."" We now know the FBI’s evidence isn't faked, but that only proves their official story is a lie. They identified the wrong person.

The ""ghost in the machine"" just became a whole lot more dangerous. Is this the ""glitch they can't patch""? Are we dealing with two different operatives, or did they find a lookalike with the wrong earlobes?

This wasn't just digital chaos; it was a digital monument of truth that forces the establishment to answer a new question: If that isn't Tyler Robinson, then who is the real threat still out there?

Let’s discuss. Who is this figure in the machine? 👇
From: @baroncoleman FOLLOW Him!"
"'2041941911502483727'","4/8/2026 14:11","Tweet","en","2551","1938","301","312","0","2","0","🚨EXPOSED: Tyler Bowyer Just FROZE Mid-Sentence When Asked About How He Met Erika Kirk— He Never Once Addresses Erika’s “Family Friend” Claim🧐

Watch this clip of Tyler Bowyer attempting to explain how he met Erika Kirk. He starts explaining how he “knew a few Miss Arizona” contestants before Erika… then completely freezes mid-sentence, pivots hard, and never finishes the thought.“Many of them and I known a few Miss Arizona through there is lot people that get involved with the pageant world…” He literally stops himself. No explanation. Just radio silence and a quick subject change to the “Trump rally cold call” fairy tale.  

That wasn’t a normal pause. That was a man realizing he was about to say too much.  Meanwhile, Erika Kirk herself has gone on record multiple times calling Tyler Bowyer a “family friend” who introduced her to Charlie and helped her infiltrate Charlie's circle. Tyler’s version? “She cold-called me out of nowhere as Miss Arizona because she loved Trump.”  

Two completely different stories. One of them is lying about how deep their connection actually was before the romance.  Why the cagey response? Why omit how you really knew Erika? And why does the “family friend” detail keep going ignored?  

This isn’t transparency. This is damage control with the plot holes showing.  What else are they not telling us?  

From: @NihiloX FOLLOW Him and check out his other deep dives into Tyler."
"'2045564403643293988'","4/18/2026 14:05","Tweet","en","2550","1799","618","133","0","2","0","BREAKING: IRS  Officially Opens Investigation Into TPUSA For Violating Their Non-Profit Status!⚖️ 👮‍♂️

We were told it wouldn’t happen but I have received official confirmation from the IRS Whistleblower Office (Claim Number: 2026-002350) regarding an investigation into Turning Point USA (TPUSA). This isn't just a rumor—this is a documented case assigned to the Department of the Treasury.

What This Means:The IRS doesn't just hand out claim numbers for nothing. They have assigned this to the Whistleblower Office to determine if an investigation is warranted based on specific evidence of non-profit tax law violations.

HOW YOU CAN HELP: If you have information, evidence, or have witnessed TPUSA violating non-profit tax laws (like engaging in prohibited political activity or financial mismanagement like in the post below or previous violations unearthed by @FinanceWolves, YOU NEED TO FILE.

Don't let them hide behind their tax-exempt status. Use IRS Form 13909 (Complaints Against Non-Profits) to report what you know. You can file this ANONYMOUSLY as well. 
👉 Download the form here: https://t.co/ur0ailcAsM

We aren't just tracking planes—we are tracking the money. It’s time for people to see the facts for themselves and make an informed decision. The side of truth has nothing to hide. 🇺🇸⚖️"
"'2045635935002390983'","4/18/2026 18:49","Tweet","en","2513","1872","311","127","203","5","0","Victor Marx Responded And It SEEMS Like A Trap—The Dire WARNING For Candace Owens⚠️

The ""spirit of discernment"" is screaming on this one. Watch this clip—people are starting to wake up to how these ""military-minded"" players operate.

Victor Marx just accepted an interview with Candace Owens, but his ""terms and conditions"" are ringing every alarm bell in the book.

Why this smells like a Setup:
1️⃣  He waited exactly 24 hours to respond. In OSINT and military ops, silence is always for a reason.

2️⃣ He’s demanding a face-to-face in her studio. Everyone knows Candace’s studio is in her home. Why does a military-linked man need the exact coordinates and layout of her private residence?

3️⃣ He’s promising to ""share stuff about Turning Point."" Is he a Trojan Horse sent to neutralize one of the few voices actually challenging the narrative?

As the video says, this man has that calm, steady voice designed to put you to sleep before the strike. He’s talking about ""spending time"" with America’s #1 enemy on his side of the fence. Since when do they ""look forward"" to meeting Candace?

This doesn't pass the sniff test. It’s the same ""fedslop"" deception we’ve been seeing at the border and with the Kirk investigation. They are trying to lure the truth-tellers into a controlled environment.

@RealCandaceO , if you’re listening: USE YOUR DISCERNMENT. Do not let foreign spirits—or military handlers—into your home. Do A VIRTUAL Interview. 

The revolution will be streamed, but it must be protected. 🇺🇸⚖️

From: @samsfamreacts FOLLOW Her!"
"'2043219256280576462'","4/12/2026 2:46","Tweet","en","2483","1877","527","79","0","3","4","🚨Erika Kirk Just Made A New LEGAL Maneuver In Tyler Robinson Case—Is She WORRIED About the TRUTH Coming Out? ⚖️🏛️

The narrative is crumbling, and the Non ""Grieving Widow"" knows it. 

Yesterday, April 11th, Erika Kirk filed a massive new motion in the Tyler Robertson case. While the mainstream media will tell you she’s just a ""grieving widow"" taking an interest, those of us in the investigation community know exactly what time it is: Damage Control.

The ""Celebrity Fixer"" Moves In
Erika isn't just watching from the sidelines anymore. She has officially petitioned the 4th District Court of Utah to bring in Jeffrey Adam Neiman—a high-powered, Florida-based ""celebrity lawyer"" known for representing big names like Logan Paul.

Why does a simple murder case need a superstar attorney from across the country? Because we are winning. Our community has been systematically picking apart the ""official"" story. We’ve exposed the manufactured evidence. We’ve highlighted the lies. And now, suddenly, Erika needs a ""hands-on"" role with a legal shark by her side.

 Why Now? (The Railroading Continues)
Let’s look at the pattern. We already know her history:
She already pushed for a Speedy Trial, clearly hoping to rush Tyler Robertson to a verdict before the real evidence could be scrutinized.

She’s been vocal about wanting Cameras in the Courtroom, likely to ensure she can play the role of the ""martyr widow"" for the Fox News cameras one last time.

But this new motion—to have her own personal interests represented directly in the trial—is a desperate pivot. It signals that the prosecution’s narrative is weak, and she’s stepping in to ensure the ""script"" stays on track.

The fact that she wants to be ""hands-on"" now—while showing zero interest in the investigation and zero genuine anger toward the man accused—tells you everything you need to know about who she thinks actually belongs in that courtroom.

The April 17th Showdown
Tyler Robertson’s next hearing is less than a week away. This is an evidentiary hearing where they’ll decide on those cameras and microphones. Erika wants the spotlight, but she also wants to ensure the evidence we’ve unearthed—evidence that proves Tyler couldn't have done this—never sees the light of day.

They are writing the script as they go... they are going to try to double down and manufacture more evidence. 

We aren't going away, Erika. You can bring in all the Florida lawyers you want, but you can't litigate away the truth.

Is this ""hands-on"" motion a sign that she’s scared of what we’ve found? Or is she just preparing for her next big ""performance""? Sound off in the comments. 👇"
"'2041881411544567963'","4/8/2026 10:10","Tweet","en","2471","1262","319","114","776","2","1","🚨 SHOCKING: Unreleased Footage From The Charlie Kirk Assassination At UVU— Seconds AFTER The Big Bang🎇

I went through my private archives and found something that made my blood run cold. I was sent this video shortly after the Charlie Kirk assassination at UVU on September 10th, 2025. Looking back through my feed, I don't think I ever actually released this.

This is the raw, unfiltered reality of that day.

🌪️ THE MOMENT THE WORLD CHANGED
This isn't a polished news report. This is a cell phone in the hand of a student who was just feet away when the ""Big Bang"" happened. You can feel the ground shake and the immediate, heart-stopping panic as hundreds of people realize their lives are in danger.

In this clip, pay attention to:

The Sound of Chaos: The screaming isn't just noise—it’s the sound of a generation losing its innocence in real-time.

The Witness Dialogue: Listen to the students talking. You can hear the pure, unadulterated shock in their voices as they try to process what they just saw. 

The Immediate Aftermath: You’re looking at raw, visceral terror. These people were scrambling for their lives, trapped in the nightmare of not knowing if a second shooter was around the corner. Contrast this genuine panic with the bizarrely calm ""casual stroll"" of the AMAZING Mikey McCoy—who was already on his cell phone before the echoes died down—or Terryl Farnsworth, who was busy snapping an impromptu selfie to pronounce Charlie dead before the smoke had even cleared. The difference between the victims and the ""actors"" has never been more obvious.

🧩 THE MISSING PIECE?
Why am I sharing this now? Because the truth about what happened at UVU is being buried by the day. They are actively deleting and altering original footage. This video captures was archived BEFORE the establishment could scrub the net.

We all know the truth about what actually happened there... the world knows what you did.

👁️ LOOK CLOSELY
Every time a new piece of ""lost"" footage surface, the establishment panics. They want us to remember a clean headline. They don't want us to hear the voices of the students who were actually there—the ones who saw the bang and said that it didn't sound like a gunshot but sounded like a firecracker, the ones who saw the drones lying above and the ones who know Tyler Robinson isn't the whole story.

Is this the smoking gun we’ve been looking for? Or just more proof of the absolute digital and physical chaos they created to cover their tracks?

Watch the background. Listen to the voices. Tell me what you notice in the comments. 👇"
"'2039076105701798155'","3/31/2026 16:23","Tweet","en","2459","1544","362","211","342","7","4","🚨 MEET THE 'NEW GARY': TPUSA’s Latest Talking Head Just Accidentally Proved Candace Owens Right.😂🤯

You have to almost feel sorry for Turning Point USA at this point. After their previous disinformation minister, ""Gary,"" humiliated himself so thoroughly on this platform that he had to be memory-holed, Andrew Kolvet and Blake Neff dragged a ""New Gary"" onto The Charlie Kirk Show today to try and salvage their collapsing narrative.

Their mission? To gaslight the American people into believing that the explosive Daily Mail report—which confirmed the bullet found in Charlie’s neck does NOT match the gun found at the scene—is just ""misleading garbage.""

But ""New Gary"" (Justin Nazarov, CEO of Phoenix Ammunition, who they clearly brought on because he owns a gun company and has ""takes"") immediately fumbled the ball. In an unparalleled moment of accidental wit, he actually confirmed that Candace Owens was right weeks ago when she reported the bullet was fragmented. Thanks for the assist, Gary 2.0.

It’s time to peel back the layers of this desperate, panicky gaslighting session and debunk their claims line-by-line using actual facts and the official court filing they are terrified you will read.

THE BIG LIE: SPINNING THE BALLISTICS FAILURE:
TPUSA’s entire segment was dedicated to attacking the Daily Mail headline: ""Bullet used to kill Charlie Kirk, did not MATCH rifle allegedly used by suspect Tyler Robinson, new court filing claims.""

Kolvet, Neff, and the New Gary tried to spin this as ""completely and utterly misleading,"" arguing that the only reason it didn't ""match"" is because it was fragmented, making toolmark analysis ""best guess pseudoscience."" They are desperately trying to convince you that this is just a spin by the defense team.

THE FACT-CHECK:
They are lying to you to contaminate the jury pool. If you actually look at the official defense filing (attached below), it doesn't say ""the defense claims there is no match.""
It explicitly states on Page 2, Paragraph 2: ""...but his defense attorneys now argue that the Bureau of Alcohol, Tobacco, and Firearms ATF was unable to identify the bullet recovered at autopsy to the rifle allegedly tied to Mr. Robinson.""

The ATF—the federal government's own ballistics experts—are the ones who cannot match that fragment to that gun. Period. The New Gary can talk about hollow points all he wants, but he cannot change the fact that the actual physical evidence does not connect the patsy to the alleged murder weapon.

THE SECOND LIE: THE DNA EVIDENCE:

During the segment, New Gary tried to argue that even without a bullet match, they will have other ""conclusions"" to present, hinting at DNA.

THE FACT-CHECK:
Again, read the filing (Page 3, Paragraph 1). The defense explicitly notes that the delay is needed because the FBI and ATF DNA reports indicate that ""several different DNAs were found on some items of evidence.""

It is NOT just Tyler Robinson's DNA. This was a contaminated crime scene with at least five different persons' DNA profiles found on various items recovered. They are trying to pretend it’s a neat ""lone gunman"" scene when the physical evidence screams that this was a multi-person operation.

THE THIRD LIE: THE FAMILY 'BETRAYAL' MYTH:
The most disgusting part of the TPUSA segments is their relentless attempt to frame Tyler’s family. Andrew Kolvet smirked about how the prosecution plans to call Tyler’s parents and his boyfriend, Lance Twiggs, to testify. They use this fact to perpetuate the lie that the family suspects Tyler and turned him in.

THE FACT-CHECK:
This is classic gaslighting. Just because the state calls someone as a witness does not mean they are supporting the state’s narrative. Have these high-paid ""political operatives"" never heard of a hostile witness? They are trying to imply that the family’s presence in court proves Tyler's guilt, which is an absurd logical fallacy.

Let's look at what the family actually says:

Tyler Robinson’s grandmother has gone on record stating she does NOT believe Tyler shot Charlie Kirk.
She further confirmed Tyler doesn't even own a rifle, is not a ""gun guy,"" had no experience firing weapons, and actively disliked guns.

Independent journalists Brandi and Billie from the Brandi & Billie Show on YouTube spoke directly to Tyler's family at a hearing. The family told them they don't think he could have done it and that only 2% of what the mainstream media has reported is actually true.

THE REAL STORY: THE VOLUNTARY SURRENDER:
Kolvet and Neff are again lying about how Tyler was apprehended, claiming endless documentation proves his parents recognized the gun on the news and turned him in.

THE FACT-CHECK:
This is another easily debunked lie that TPUSA hopes you won't check.

Candace Owens has a source close to the Robinson family who explicitly confirms Tyler's parents did NOT recognize the gun from the news, nor did they turn him in because they suspected him.

We know this is fact because the initial gun photo circulating during the manhunt was not even the actual gun found. It was stock footage of a different weapon, not the WWII-era Mauser rifle allegedly recovered. How could his dad have noticed a gun that was never shown?

The real reason Tyler surrendered, per Candace’s source, is that he was terrified of armed thugs—aka the SWAT team—busting down his and his parents’ door, destroying their home, and potentially shooting them. He came in voluntarily to clear his name and protect his family.

Furthermore, we now know that Tyler Robinson did NOT confess to anything and has officially plead NOT GUILTY!

Most damning of all? ALL video footage allegedly showing Tyler Robinson and his parents entering the sheriff's station to turn himself in has mysteriously gone missing or was allegedly destroyed. Multiple news outlets have confirmed that their FOIA requests for this crucial video have been denied because the footage conveniently no longer exists.

THE DAMNING ADMISSION: TPUSA’S FEAR
The final piece of this storytelling narrative is the most telling. Ask yourself: Why are Andrew Kolvet, Blake Neff, and Jack Posobiec—who claim to have been Charlie's ""friends""—actively against the defense’s motion to postpone the preliminary hearing? Why are they trying to rush this trial along and railroad this kid despite overwhelming evidence that he is a patsy?

If they were real friends who actually wanted justice for Charlie Kirk, they would welcome more time for a thorough investigation to ensure the correct assassins faced justice.

Instead, they are terrified of the six-month delay the defense is asking for to review the 20,000 files and 700 hours of video. This rush to judgment, this attempt to sweep everything under the rug, is in my journalistic opinion, an admission of guilt.

They are freaking out because their entire fed-slop narrative is falling apart in real-time. They know that once Tyler Robinson is found not guilty, the spotlight will turn inward—toward the people closest to Charlie, the ones who had significant motive to see him dead. That is what they are truly terrified of.🇺🇸"
"'2042263828818280943'","4/9/2026 11:30","Tweet","en","2452","1765","651","36","0","2","5","🚨 TRENDING: The Charlie Kirk Timeline Is A LIE. The FEDS Got CAUGHT Red-Handed. If They Planned A COVER UP... Common Sense Says They PLANNED The Assassination As Well🎯

Stop what you are doing. The entire ""official story"" of the Charlie Kirk assassination just went up in smoke. Baron Coleman just dropped a nuclear-level bombshell with verifiable court documents that prove the FBI, the local sheriff, and the media lied to the world about the timeline to frame Tyler Robinson in the court of public opinion.

🕰️ THE TRAP: MIRANDIZED BEFORE HE WAS ""CAUGHT""
The feds told us they went on a desperate 33-hour manhunt for Tyler Robinson. They said he was a ""cold-blooded killer"" who refused to talk. That is a verified lie. Baron Coleman found the actual transcript of the arrest. Tyler Robinson was being Mirandized and talking to a cop at 6:25 PM on September 11th. 

 Do the Math: If he was being read his rights at 6:25 PM, that means he was in custody hours before the ""manhunt"" supposedly ended at 10 PM. The Feds manufactured three extra hours of ""terror"" to sell the narrative.

Cooperation vs. Rights: Tyler didn't ""refuse to talk."" He cooperatively stated: ""I would like to speak with my legal counsel... but until I’ve had an opportunity to speak with someone, I would like to remain silent."" He didn’t clam up; he used his Constitutional rights, which the media then spun as ""guilt.""

🕵️‍♂️ THE FAKE MANHUNT & DOCTORED PHOTOS
This is where it gets truly sinister. While Tyler was already in custody and Mirandized, the Feds were still out here pretending he was loose.

7:17 PM (6:17 Utah Time): The FBI releases a second set of ""suspect photos"" from the stairwell, claiming they are still actively hunting him. Why? They already had him!

The ""Enhanced"" Trap: As Kash Patel accidentally revealed, these were ""ENHANCED"" (doctored) photos. They released these fake images while he was detained to cement the image of his guilt in the public mind before any defense could be mounted.

🐍 THE SHERIFF’S LIES & THE IMPOSTER CONFESSION
The ""Fed Slop"" doesn't stop there. Sheriff Mike Smith (who resigned!) claimed he was on a phone call coordinating Tyler’s surrender at 8:02 PM.

The Catch: There is literal video of Sheriff Mike Smith at the Governor’s press conference at 8:00 PM. He wasn't on a phone call; he was standing behind the Governor. The call never happened.

The ""Boomer"" Confession: The ""Discord confession"" Tyler supposedly made at 7:57 PM (Utah time) is a total plant. He was already in jail when it was posted! And let’s be real—as the breakdown points out, no Gen Z’er writes a ""moral compass"" dissertation confession to randoms on Discord. The language is pure Boomer fan fiction.

⚖️ TRIAL-ALTERING EVIDENCE
This is it. Case over. The Feds didn’t just make a mistake; they scripted a disaster. They lied on official arrest records, deleted security footage of him turning himself in, and released doctored photos to poison the jury pool.

The "" ghosts in the machine"" aren't a conspiracy—they are a proven fact. The big fish didn't just get caught; they got filleted by their own paper trail.

This is trending now, and it’s sending shockwaves across the internet. We need to make sure this ripple hits Tyler Robinson’s defense team. Drop your thoughts on this massive exposure in the comments. 

Video From: @Ryanmatta, Screenshot From: @NihiloX FOLLOW Them Both!"
"'2040678263823991034'","4/5/2026 2:29","Reply","sv","2333","2181","115","37","0","2","0","@MrsErikaKirk JUST STOP Erika! 🛑https://t.co/hJMbxIJkjY"
"'2039454565226205197'","4/1/2026 17:27","Tweet","en","2309","1720","503","86","0","3","5","🚨EXPOSED: The Glaring Contradiction the FBI Director Hoped You Would Forget—FBI Suddenly Hijacking a ""State Case""?

They can't even keep their own lies straight anymore.
Kash Patel’s go-to excuse has been since the beginning; every time someone demanded real answers or pushed for federal transparency, he hid behind the exact same line: “We cannot get involved. It is a state case.”

When Joe Kent bravely attempted to launch a serious investigation into the glaringly obvious foreign nexus behind Charlie Kirk's assassination, what happened? Kash Patel completely shut it down. His justification for blocking the investigation into foreign operatives? “The FBI is not getting involved because it's a state case.”

But look at what is happening right now in the court filings.

The second the state's manufactured case against Tyler Robinson starts to collapse—the very moment the ATF officially admits they cannot match the bullet fragment to Tyler's rifle—what does Kash Patel do? Suddenly, the ""state case"" excuse magically disappears, and the FBI is rushing right into the middle of it.

Why are they suddenly so eager to get involved?

They aren't stepping in to find the real killers or investigate the foreign ties they previously ignored. They aren't stepping in to investigate all of the vert credible leads we have uncovered that would exonerate Tyler Robinson; those same leads he calls ""conspiracy theories"".

NO... they are stepping in to manufacture evidence. They are taking this unmatched bullet fragment and running a ""Comparative Bullet Lead Analysis""—a junk-science test that was literally banned and discontinued by the FBI in 2005 because it was completely unreliable. It is a fraudulent forensic parlor trick that historically led to the false imprisonment of hundreds, if not thousands, of innocent Americans.

When it came to investigating a sophisticated foreign hit squad, Kash Patel said the FBI’s hands were tied. But when it comes to dusting off a 20-year-old banned scientific test to rig the evidence and railroad a 22-year-old patsy? Suddenly, the FBI is front and center, ready to do the dirty work.

This isn't an investigation; it is a coordinated federal frame-job. They are terrified, they are desperate, and they are bringing back dead science to execute a state cover-up. We see exactly what you are doing, Kash.👀 🇺🇸"
"'2044514955764941207'","4/15/2026 16:35","Tweet","en","2264","1640","588","36","0","2","1","🆘BUSTED: Pics Surface Of Lori Frantzve At The U.S. Embassy Opening In Jerusalem In 2018—Evidence Erika’s Mother Was Tracking Charlie? 🇮🇱🕵️‍♀️

The establishment wants you to believe that Erika and Charlie’s meeting was a ""God thing."" But the more we look at the May 14, 2018 U.S. Embassy opening in Jerusalem, the more it looks like a calculated deep-state operation to install a handler.  We’ve uncovered photos from the dedication ceremony (the same event Candace and Charlie attended together) that place Erika's mother, Lori Frantzve, directly in the mix.

Zoom in on the top right of the crowd shots. That is undeniably Lori Frantzve at the new embassy opening—the same Lori who has been a CIA contractor for over a decade.

The Instagram Trail: Erika herself posted ""In Hebron Post Embassy Move"" on that exact day. They weren't just tourists; they were positioned.

The ""Ticket Line"" Lie: Erika claims she just ""bumped into"" Charlie in a ticket line and recognized him.

The Fact Check: Charlie wasn’t even a household name in 2018. Why would this random girl recognize him in a crowd in Israel?

The Third Time’s the Charm: We know they tried to put Erika in Charlie’s path at least three times before they finally ""hooked up"" at Bob's Burgers. This wasn't a romance; it was a recruitment.

If Lori Frantzve and Erika were already embedded in the circles surrounding the embassy move and high-level international figures (even appearing in photos referenced on Bibi’s X account), it proves they were high-level assets long before Charlie was assassinated.  Erika wasn't sent to be a wife; she was sent to be a handler. Charlie was targeted in Jerusalem, managed in Phoenix, and betrayed at UVU. You can’t change my mind. The ""Everyday Hero"" was a deep-state project from day one.

LOOK AT THE ZOOM. Why was Erika’s mother at the most secure diplomatic event of 2018 at the exact same time as Charlie?

Huge shoutout to @Mini_Metzie for her incredible research, finding this needle in a haystack. FOLLOW Her!"
"'2048081298288181591'","4/25/2026 12:46","Tweet","en","2237","1339","560","158","180","3","3","‼️BREAKING: Sources CLAIMS Larry ""Laura"" Loomer Performed ORAL SEX ACTS On Trump's Then Campaign Manager Corey Lewandowski 👀

Word on the street is that Laura Loomer—the self-appointed queen of ""truth""—reportedly engaged in a disgusting quid pro quo with Corey Lewandowski just to secure a seat on the President’s campaign plane. This is what happens when you let bottom-feeders into the inner circle.

Stone is claiming that Laura Loomer's access to the highest levels of power wasn't just about being a loudmouth; it was about being a sexual opportunist.

According to Stone's sources, the alleged pattern of behavior is sickening and systemic. He claims that Laura Loomer performed oral sex on Corey Lewandowski, Trump's former campaign manager, ""in order to get on Trump's campaign plane.""

This wasn't just a one-time alleged favor. Sources paint a picture of Loomer using sex as a currency to buy her way into the inner circle, trading favors for access and proximity to power.

But it gets worse. Much, much worse.

This alleged behavior ties all the way back to the very beginning of Loomer's public notoriety, claiming she wasn't just appearing with Trump—she was appearing with his accomplice and child sex enabler, JEFFREY EPSTEIN.

And the most explosive allegation of all?  Loomer herself allegedly boasted that she performed the same sexual act on President Trump.

Let that sink in. The same woman who Candace Owens exposed as a mentally unstable, fraudulent, alleged sexual predator who is forbidden from owning a firearm, is now being credibly accused of using those same predatory tactics to sleep her way into the White House.

This is the ""fatal attraction"" Melania's circle was allegedly worried about. This is why she was so dangerous. She wasn't just a thug who spread rumors; she was allegedly a blackmailer who collected compromising encounters like trophies.

This changes everything. It re-contextualizes her bizarre loyalty and her unhinged attacks as the actions of someone who felt entitled, not just to access, but to the man himself. It explains why Trump kept her around, even as everyone else saw the red flags.

The entire Trump orbit is compromised, and the rot starts with people like Laura Loomer, who allegedly climbed the ladder one disgusting, illicit act at a time.

I lit the match by dropping her FULL deposition and @RogerJStoneJr  Just added the fuel.  Share this everywhere before they try to put out the fire. 🇺🇸⚓️"
"'2039503075535139318'","4/1/2026 20:39","Tweet","en","2219","1605","583","31","0","3","1","🚨BOMBSHELL: The Deep State is ""Freaking Out"": Candace Owens Implicates SEARS in Paying CIA Operatives! 😱

 The deep state is ""freaking out"" right now because she is revealing the hidden financial network funding the CIA's operations connected to BYU. You will not believe who she says is involved.

The latest name to emerge from her investigation? Sears.

Yes, that Sears. Candace states she has received proof that the Sears company is implicated in paying CIA operators connected to the very BYU-Jerusalem pipeline she exposed. This isn't speculation; she says, ""you can take all this information to the bank.""

This revelation exposes a deeply buried infrastructure. It suggests that a major American corporation was potentially used as a financial front to funnel money to CIA assets, all while maintaining a veneer of normalcy. It's a classic deep state tactic: hiding in plain sight.

Candace says that since she named the CIA's alleged recruiting front, ""Metro One Talent,"" and now Sears, people inside the deep state are panicking. She is pulling back the curtain on the money trail.

She connects this back to the 2012 Romney campaign, when figures like Andrew Zenger and other key players were stationed in Jerusalem, being vetted and initiated into this network. The question now is: Was this corporate money flowing to support the political operation as well?

This is how the machine works. It's not just about government agencies. It's a tangled web of corporations, political dynasties (like the Romneys), and intelligence operatives, all working together.

The fact that Candace is taking a week off specifically for deep research on this tells you how massive this story is. They are connecting the dots between a retail giant, the CIA, a major university, and a presidential assassination attempt.

Why would Sears be involved in paying CIA operatives? This is the question that has the deep state terrified. What do you think this means? 

FOLLOW @RealCandaceO, RT and watch her FULL episode linked down below.👇"
"'2048714975405809738'","4/27/2026 6:44","Tweet","en","2190","1737","313","20","120","2","0","Jimmy Dore's  Stand Up Routine ROASTING Erika Kirk. Remember Guys ""Everybody Grieves Differently"" —Erika Kirk 😂

From: @jimmy_dore https://t.co/9lFKlOzLst"
"'2039868160170422402'","4/2/2026 20:50","Tweet","en","2139","1569","525","45","0","2","1","🚨MUST WATCH: Candace Owens Reacts To The News That Pam Bondi Was FIRED; But NOT For The Reason You May Think— Epstein Is Still ALIVE! 🤯

If you thought Pam Bondi was fired because she fumbled the Epstein files, think again. Candace Owens just peeled back the curtain on the real drama at the DOJ, and it’s a masterclass in petty elite infighting and ""sleazy"" loyalty tests. 

Don't be fooled by the public narrative. Candace is clear: Bondi and Trump were on the same team regarding the Epstein files. They protected those files together.

""Pam Bondi was doing as she was instructed to do... by Trump’s orbit of friends who are all in the Epstein files.""

And the kicker? Jeffrey Epstein is alive. Candace reveals that the ""suicide"" video released over Christmas was a deepfake that got clocked and scrubbed. The exclusive photos? All part of an Israeli operation involving the New York Post to get him out.

The Real Motive: The Swalwell Tip-Off
So why is she actually out? Loyalty. Trump reportedly believes Bondi intervened and tipped off Eric Swalwell regarding the FBI investigation into his relationship with Chinese spy Christine Fang.

In Trump's world, you either ""worship the ground he walks on"" or you're out. Bondi’s failure to be a 100% ""loyal dog"" on the Swalwell matter outweighed her protection of the Epstein circle. 

Trump is replacing her with Todd Blanche, but don't expect a ""white knight."" Candace warns that the goal isn't to ""do the right thing""—it’s to find someone who is a better dog and will attack on command.

The Verdict: The elites ruling us are ""deranged and disgusting."" The firing isn't a victory for justice; it’s a personnel shift in a ""tremendously fake"" system where everyone is compromised post-Epstein. 🏗️⚔️

FOLLOW @RealCandaceO, RT and watch her FULL episode linked below. 👇"
"'2045871393611395289'","4/19/2026 10:25","Tweet","en","2136","1420","469","35","212","4","3","🚨FBI IGNORED Eyewitnesses Who Saw Shooter In ALL-BLACK Up Close—Construction Worker Dylan Hope Speaks Out 🕵️‍♂️👀

The ""official"" story of the Charlie Kirk assassination looks less like a federal investigation and more like a poorly engineered cover up.

Picture this: On September 10, 2025 in the early hours of the chaos, the description was crystal clear. Police dispatchers were broadcasting this suspect description: A male wearing all black, a black tactical helmet and a black mask.

But wait, there’s more. Dylan Hope, a construction worker on-site, saw him too. A man in a black trench coat and black cargo pants, and long greasy hair. Matching that exact ""tactical"" description.

 And then there’s the only video evidence we have—filmed an hour before the hit—showing a person in a prone position on that roof. What were they wearing? You guessed it. All black. But then the feds stepped in. And suddenly, the man in the black mask vanished into the ""fed-slop"" ether. In his place, they gave us Tyler Robinson. A kid in a T-shirt and jeans who (allegedly) ""dropped"" onto a roof with a rifle that nobody saw him carry.

As @RealCandaceO revealed, the eyewitness who filmed the shooter says definitively: ""Tyler Robinson is NOT the guy."" The gun doesn't match. The outfit doesn't match. 

The ballistic fragments don't even match Tyler’s rifle.

So how did we get here? Tyler didn't confess. His father’s ""sheriff friend"" just pointed a finger, and the feds ran with it. Why? Because the feds don't want you looking for the man in the black trench coat. They want a ""Patsy"" to close the case. They want you to believe a ""Discord fan-fiction"" script instead of the dispatch audio recorded in the heat of the moment.

They abandonment of the original evidence isn't a mistake—it’s a pivot. They ignored the tactical professional on the roof to frame the kid they told to ""drop off a gun"" at a neighboring house.

We are 7 months removed from that day, and the truth is finally outrunning the lies. They think we’ve forgotten the man with the greasy hair and the black mask. They think we’ve stopped listening to the dispatch tapes.

They are wrong. Watch the footage. Listen to the witnesses. Make your own informed decision. Because we don't do ""scripts."" We do facts. 🇺🇸⚖️"
"'2044951035349721539'","4/16/2026 21:28","Tweet","en","2135","1386","692","57","0","4","4","⚠️DREAM CITY DANGER: What Erika Kirk Doesn't Want You to Know About the ""Build the Red Wall"" Event In Phoenix WITH Donald Trump—DO NOT ATTEND!!! 🤐

If you’re planning on heading to the ""Build the Red Wall"" rally in Phoenix on April 17th to see President Trump and Erika Kirk, you need to read the fine print. Turning Point USA and Tyler Bowyer have launched a new operation designed to suck up your personal data—and they’re using a ""neutral"" front to do it.

THE https://t.co/dL4htmCkWr TRAP
TPUSA is pushing attendees to ""check their voter registration status"" through a mysterious site called VoteOnline.

The Disguise: Branded in purple with zero TPUSA logos. It looks like a non-partisan civic tool to trick you into lowering your guard.

The Reality: The privacy policy reveals their address is 4945 E. Wilder Rd, Phoenix, AZ—the exact same building as Turning Point USA headquarters.

The Leadership: The CEO is Amy Smith, a longtime TPUSA staffer and wife of Austin Smith—the former TPUSA director who resigned after being caught in a massive voter signature forgery scandal.

THE ""LEGAL"" DATA WASHING MACHINE
How do they get away with it? By using a (c)(3) nonprofit shell. Because it’s ""non-partisan,"" they can harvest your legal name, address, birth date, phone number, and voter intent under the guise of ""civic duty.""

THE SMOKING GUN: VoteOnline’s own privacy policy (Section 3.2) admits they share your ""full registration or pledge information"" with ""Partner Organizations."" We have confirmed the VoteOnline portal is embedded directly on TPUSA’s student sites.

The Result: Your private info is scrubbed of its ""non-partisan"" label and handed straight to Erika Kirk and Tyler Bowyer at Turning Point Action to be weaponized for fundraising and manipulation.

⚠️ A DANGEROUS PATTERN: WHY DREAM CITY CHURCH?
It’s not just your data that’s at risk—it’s the company they keep. TPUSA is holding this event at Dream City Church, which is currently facing a bombshell lawsuit involving the sexual abuse of a 15-year-old girl by a coach at their affiliated school.

This is a REPEATED pattern. Earlier this year, Erika Kirk spoke at Harvest Church in Riverside—another institution embroiled in child sex abuse scandals. Why does TPUSA consistently partner with organizations shadowed by such horrific allegations?

THE BOTTOM LINE
They aren't protecting the ""Red Wall""—they’re harvesting the people who build it. They are using the President’s name as bait for a massive digital dragnet run by people linked to election fraud.

DO NOT hand over your data. DO NOT attend the April 17th rally at Dream City.

Protect your privacy. Protect your family. Stop the @TPUSA data grab."
"'2046046281156436147'","4/19/2026 22:00","Reply","en","2038","1774","174","66","24","2","1","@RealCandaceO @titoamboy Whats a matter Larry, why'd you block me? Was it because i exposed your fake fiance Andrew jacob Simpson? 
You never did answer me... How much did you pay him? https://t.co/SMbq0rU5sO"
"'2046348195437945217'","4/20/2026 18:00","Tweet","en","2019","1245","382","26","366","4","6","😱EXCLUSIVE: LEAKED Courtroom Audio of Tyler Robinson's Grandfather Exposes The Fed-Slop COVER-UP👀

You’ve all been spoon-fed the official story: Tyler Robinson’s grandfather saw the murder weapon on the news, recognized his own rifle, and turned his grandson in for the Charlie Kirk assassination.

There is just one massive, glaring problem with that story. The photos broadcasted on TV weren't even pictures of the actual gun. They were stock photos of a completely different firearm.

we've just obtained EXCLUSIVE, leaked audio from the latest court hearing. Journalist Elisabeth Lane caught up with Tyler's grandparents in the courthouse, and what the grandfather revealed just blew the state's entire case wide open.

Here is what you need to know:
The Family Knows Firearms: Tyler’s grandfather is a lifelong hunter, and his father is an ex-cop. These aren't people who get easily confused by guns or police procedures.

Rejecting the ""Fedslop"": The grandfather makes it clear he is not buying the official narrative being pushed by the three-letter agencies.

The ""Framed"" Admission: When the journalist tells him straight to his face, ""your grandchild is absolutely framed,"" the grandfather doesn't argue. He responds: ""You're very right.""

Why did the feds use fake stock photos to trigger a confession? Why is an ex-cop's family saying this is a setup? The breadcrumbs are all leading to the exact same conclusion: Tyler Robinson is the fall guy for a much larger, coordinated operation.

The narrative is collapsing in real-time.
🔊 LISTEN TO THE RAW COURTHOUSE AUDIO ABOVE 👆

FOLLOW @RealCandaceO, RT and Watch her FULL Podcast below,"
"'2040981361981292994'","4/5/2026 22:34","Tweet","en","2009","1243","343","87","336","4","1","🚨THAT IS A DEMON: The CHILLING Nursing Home Story About Erika Kirk EVERYONE Is Talking About!🤯

We all know about the massive bombshells dropping right now regarding the ""New"" TPUSA and the absolute betrayal of Charlie Kirk’s legacy. The physical and financial receipts have been exposed. But what if the darkness surrounding Erika Kirk isn't just political... what if it's spiritual?

A video is going viral on TikTok right now focusing on Erika’s infamous ""crazy eyes"" during her recent media blitzes. But it wasn't just the video that caught everyone's attention—it was a comment from a healthcare worker that has racked up over 30,000 likes and is sending chills down people's spines.

👁️ ""I Haven't Seen One of Those in a Long Time""
According to the user, they work in a nursing home caring for an elderly woman with dementia. One day, the TV was on, and Erika Kirk flashed across the screen.

The elderly woman froze, pointed methodically at the TV, and said: ""I haven't seen one of those in a long time.""

When the nurse asked her what she was referring to, the woman stared directly at Erika on the screen and replied: ""That's a demon. One of the scary ones... but it can't harm you if you walk in the light.""

It didn't stop there. The nurse reported that a sudden chill went over the room. The elderly woman became absolutely hysterical, pointing at the TV and screaming at the top of her lungs, ""She's a demon! She's a demon!"" The nurse had to quickly wheel her down the hall to calm her down, noting that the woman continued crying out ""Demon, demon, demon!"" the entire way back to her room. The nurse stated she had never seen this patient react like that before, and hasn't seen it since.

Anyone who has watched Erika’s recent interviews—especially the ones where she is pushing pro-war propaganda and gaslighting the movement—has noticed it. There is a cold, calculated, almost soulless look in her eyes. It’s a look that seems to reach right through the camera.

Many people believe that those whose minds are fading (like dementia patients) or young children often lose their worldly filters, allowing them to see the spiritual realm with terrifying clarity.

So I am turning this over to you guys, because the spiritual warfare surrounding the destruction of Charlie's legacy is undeniable.

What do you think about this story? Is Erika Kirk actually walking in the dark? Is she an actual demon, or is this just a crazy coincidence? Let me know in the comments below! 👇

From: @NightGod333 FOLLOW Him!"
"'2047733269014212810'","4/24/2026 13:43","Tweet","en","1957","1104","406","339","108","4","3","‼️PROOF: They Are Setting Erika Kirk Up For A 2028 Political Run 👀

Politico just dropped the most embarrassing, transparent puff piece on Erika Kirk I have ever read. It is complete and utter dog crap, and we see exactly what they are doing.

According to their ""anonymous sources,"" Erika is supposedly the great MAGA unifier who saved the day by setting up a White House meeting between President Trump, RFK Jr., and frustrated MAHA influencers. They even had the audacity to throw in a quote calling her the natural heir to Charlie’s ""coalition building"" legacy.

Let me translate this absolute garbage for you: This is a coordinated media launch to legitimize her control over Turning Point USA and artificially prop her up for a 2028 political run.

Just look at the playbook. First, they dump millions into dark-money ad buys to artificially inflate her name in the YouTube algorithm. When independent journalists start asking real questions about non-profit transparency and where the taxpayer dollars are going, they deploy their paid shills. Now, they have the mainstream media writing glowing fan-fiction to rebrand her as a political mastermind.

Notice what Politico conveniently leaves out? They completely ignore the canceled events. They ignore the fake security threat cover-ups. They ignore the massive internal friction at TPUSA.

They are desperately trying to manufacture a political superstar out of thin air to distract from the institutional rot we’ve been exposing. We see right through the gaslighting.

RT to expose this establishment propaganda. We will not let them buy the narrative."
"'2038246029267538216'","3/29/2026 9:24","Tweet","en","1936","1370","289","129","148","4","0","🚨BREAKING: Andre Kolvet Just Responded To The ""TARMAC HUG"" On 9/10 By DROPPING His Alleged Flight Itinerary—Here's Why Andrew Kolvet's ""Proof"" PROVES Absolutely NOTHING.🧾🔎

Andrew Kolvet just tried to drop a ""supposed"" trip itinerary to prove he and his wife were on a direct flight from Santa Barbara to Provo on September 10th. He claims they left at 2:30 PM, arrived in Provo at 4:58 PM, and met Erica at the hospital.

There is a massive problem with this narrative: An itinerary is just a piece of paper telling the airline who plans to be on a flight. It proves absolutely nothing about who actually boarded, or what plane they were actually on.

Here is what the evidence, the police scanners, and Candace's timeline actually point to:

Candace secured the police scanner audio from Provo. The dispatch clearly states a Sergeant is en route to pick up the ""victim's wife"" (Erika) at 3:30 PM.

If Erika is being picked up by police escort at 3:30 PM, she is NOT waiting around on a tarmac in Utah for another hour and a half to hug Andrew Kolvet at 4:58 PM.

The famous ""tarmac hug"" between Andrew and Erika could not have happened in Provo. The timeline makes it physically impossible. The only place that hug could have happened is in Scottsdale, Arizona.

Candace’s data shows a plane leaving Santa Barbara and heading directly to Scottsdale just five minutes after Charlie was shot. Andrew himself admitted on a phone call that he was fielding anxious texts and didn't know what was going on with Charlie for about 30-40 minutes after the shooting. That perfectly aligns with him being in the air on that specific Scottsdale flight.

As Baron Coleman pointed out: If Andrew Kolvet was taxiing on a runway in Santa Barbara heading to Scottsdale just minutes after the trigger was pulled in Utah, it strongly suggests foreknowledge.

I still believe they are lying about the flights. They are lying about where they met up. They likely all rendezvoused at the Scottsdale airport, consolidated, and then flew to Utah together while the rest of the world was kept in the dark.

@AndrewKolvet, We need the pilot's name? We need the actual flight manifests? The itinerary is a smokescreen."
"'2038135350149730529'","3/29/2026 2:05","Tweet","en","1914","1339","359","124","92","0","2","🚨 COMEDY GOLD: Rabbi Shmuley CRASHES OUT Aand Cries To The COPS Over Words—This Guy Is Literally A Walking MEME 😂

You literally cannot make this up. @RabbiShmuley  just had a complete, embarrassing meltdown on the streets of New York, and he has officially become a walking meme.

A guy walks up to him with a camera, calls him a Zionist, and hurts his feelings. What is the Rabbi's immediate reaction? He literally sprints like a little girl to the NYPD, begging them to arrest the guy, screaming, ""He's threatening me! It's a hate crime!""

Let’s get something straight: Criticism is not a threat. Words are not a hate crime. This is the exact playbook the establishment uses. They demand ""dialogue,"" but the absolute second you confront them in public or say something they don't like, they play the ultimate victim card and try to weaponize the police to criminalize First Amendment-protected speech.

""He criticized me, so that means he's threatening my life!"" 🤡

You don't get to demand someone be locked up just because they called you out on camera. The absolute state of these people. 🤪

From: @SalvoPancakes"
"'2040476775361253882'","4/4/2026 13:09","Tweet","en","1885","1035","249","76","525","1","2","🚨EXCLUSIVE: FULL Lost Debate Video Shows Charlie Kirk HUMILIATING  Skye Valdez – The Person I Believe Was ACTUALLY The Guy In The Stairwell Picture Released By The FBI Of Charlie Kirk's ALLEGED Assassin.😱

Unearthed Footage Reveals Chilling Debate Between Charlie Kirk and Skye Valdez, the person i believe be captured in the stairwell photo released by the FBI that they allege ""Shot"" Charlie Kirk 

Skye Valdez had a heated debate with Kirk EXACTLY ONE YEAR Before Charlie's assassination.   This full, unedited debate from that confrontation lays it ALL bare. 

Unearthed Footage Reveals Chilling Debate Between Charlie Kirk and Skye Valdez, the person i believe be captured in the stairwell photo released by the FBI that they allege ""Shot"" 4Charlie Kirk iot – INVITES him to the mic to dialogue and find common ground, even cutting in front of others.

But Valdez? A total LOSER, shouting over Kirk, dodging facts on immigration, deportation, and invasion, then holding a grudge so deep that i theorize it led him to come back a year later and participate in the plot to MURDER him.   

This is the WOKE MIND VIRUS in action – indoctrinated rage from the radical left that can't handle being debunked. When you push back with TRUTH, they silence you... or worse.   

We MUST STOP our government from radicalizing our kids through mind control, MK-Ultra like programs, Psyops, and indoctrinating them in our schools. 

Were all sick and tired watching these heinous acts become normalized, meanwhile more innocent people like Kirk fall victim. Charlie was a beacon of open debate; Valdez embodies everything pathetic and dangerous about the far-left mob.    

RIP Charlie – your legacy of civility endures! 🙏"
"'2046341332051144993'","4/20/2026 17:32","Tweet","en","1866","1127","339","92","308","3","0","🍷💊Wait, so Ashley St. Clair just exposed that TPUSA after-parties are basically drug-and-booze-fueled raves run by James O'Keefe?👀

The craziest part? She named names. She called out James O'Keefe for hosting ""Make America Rave Again"" parties right after Turning Point wraps up, roasting him and the organizers as a bunch of ""failed theater kids."" 💀

Listen to this clip. 👇"
"'2049622826907324897'","4/29/2026 18:52","Tweet","en","1811","1267","89","52","403","5","0","‼️SHOCKING: Candace Reacts to Erika Kirk’s Bizarre Explanation Of Why She Attended The White House Correspondents Dinner In Washington DC 👀

Erika Kirk is back with a 9-minute pre-recorded video to explain her ""traumatization"" at the White House Correspondents' Dinner, and Candace is calling out the total lack of logic. 🧐🕯️

The Highlights from Tonight’s Monologue:

The ""UGA"" Contradiction: Erika canceled her UGA appearance because she ""didn't trust the Secret Service"" to keep her safe. So why did she head straight to a DC gala crawling with Secret Service and press elites? 🤨

Erika claims she went as a ""social experiment"" to confront journalists who ""dehumanize"" her. Candace isn't buying it. Since when does a grieving widow, who supposedly ""doesn't read the headlines,"" suddenly know every journalist's name and feel the need to confront them in a ballgown? 👗✨

Candace clocks the ""objectively weird"" delivery—pre-recorded, nine minutes of teleprompter reading, followed by two hours of Charlie Kirk clips. It doesn't sound like Erika; it sounds like a PR machine. 🤖🗞️

Candace draws the line. From the Hillary Clinton ""sexism"" shield to the BLM ""race"" shield, we are now seeing the ""Widow-Grift."" They use Erika to shut down reasonable questions, then lecture the public for not ""keeping her safe"" at an event she chose to attend. 🛑

""She went there, got dolled up, and hit the pre-parties for a 'social experiment'? We’re not allowed to remember what she said yesterday, but the math isn't mathing."" 🗣️💯

Is this a genuine recovery or a carefully managed campaign? Candace is asking the questions DC is too afraid to touch.

👇 Drop your thoughts below. Is the ""Social Experiment"" excuse believable, or is Candace right to be skeptical?

FOLLOW @RealCandaceO, RT and watch her FULL episode linked below. 👇"
"'2041683217204584951'","4/7/2026 21:03","Tweet","en","1803","1366","360","77","0","1","3","🚨 Joe Kent Just Issued A MASSIVE Warning: Is Our Favorite “Ally” SABOTAGING American Peace? 🤔

Listen closely, because Joe Kent just issued a extremely important warning.

We are on the verge of a historic, tentative two-week ceasefire with Iran. This isn’t just about “stopping a war”; it’s about America First. It’s about reopening the Strait of Hormuz, lowering energy prices, and finally getting our commerce back online so American families can actually afford to live again.

But there is a major problem. Joe Kent is warning us that while President Trump is working to secure a lasting peace, our own ""allies"" in the Israeli government might be the ones to blow it all up.

As Kent points out, Israel’s strategic goals are not the same as America’s strategic goals. While we want stability and open trade, they are focused on a total regime collapse in Iran—even if it means dragging American boys into another endless Middle Eastern war.

Here is the deal: Israel has a history of targeting negotiators and launching ""strategic strikes"" right when a peace deal is on the table.

The Solution: Kent is calling for us to RESTRAIN Israel. How? By pulling back the offensive military capabilities we provide them.

Defense vs. Offense: It’s time to stop funding offensive operations that escalate global conflict. If they want to defend their borders, fine—but they don't get to use American hardware to sabotage an American peace deal.

🇺🇸 AMERICA FIRST MEANS AMERICA FIRST
For too long, we’ve been told that we have to put another country’s objectives above our own national security. Enough. Every military action we’ve taken in that region has only made the regime stronger and the world more dangerous. There is no military solution here. The only win is a diplomatic one that brings our troops home and gets our economy moving.

President Trump is on the cusp of hopefully ending this ILLEGAL war, but he is being flanked by people who would rather see a controlled explosion than a peaceful resolution.

It is time to choose: Do we want a ""Lasting Peace,"" or are we going to keep letting the tail wag the dog?

I want to know your thoughts. Is Joe Kent right to demand we pull back military aid to keep Israel in check, or have we become too entangled to ever walk away?

Sound off in the comments. Let’s get into it. 👇"
"'2046264074502050253'","4/20/2026 12:25","Tweet","en","1783","1136","356","45","246","3","1","🛑The ""OFFICIAL NARRATIVE"" in The Charlie Kirk Case Just Imploded—Forensic Evidence Points To An INSIDE JOB. 👀

The panic in the three-letter agencies became obvious the moment @RealCandaceO viewed and secretly recorded the footage from the camera positioned directly behind Charlie. Before that footage surfaced, they thought they could sell the ""30-06 sniper"" story without question. But that angle changed everything. 

It provided a perspective they never intended for the public to see, exposing the fact that the physics of a long-range shot simply don't align with the kinetics on display. Ever since that footage went wide, the state has been in a desperate scramble to ""correct"" the record, tweak the timeline, and now, move to destroy the physical fragments before the defense can perform an independent test.

Last night, me and my guest @stevendenoon and @Justice4Gr8Nate  revealed new, high-res photos that show definitive burn and impact marks directly where Charlie’s RODE wireless mic receiver was clipped to his belt before the incident.

When the ""projectile"" fired UPWARD (deflecting off his necklace into his neck), the forensic ""backfire"" slammed the device down, leaving these tell-tale marks.

If there was no device explosion, what made these marks?

This is why they are rushing to destroy the fragment evidence before the defense can test it.

The cover-up is failing. Be sure to FOLLOW @stevendenoon and @Justice4Gr8Nate  and watch the full LIVE Below.👇"
"'2044523833428684872'","4/15/2026 17:10","Tweet","en","1720","1325","293","43","59","6","2","🆘VIRAL: Candace Owens CALLS OUT The Vance & Kirk LIES—Plus Victor Marx Responds👀

Candace is officially dismantling the Turning Point ""Security"" script. After the disastrous optics in Athens, Georgia, the establishment is scrambling

""The excuses that they're telling us are just so ridiculous. Can everyone stop defending these lies?"" — Candace Owens 

Candace just dropped a massive update on the Erika Kirk no-show in Athens, and she’s asking the question that the PR teams are terrified to answer: The Science of Selective Threats.

Erika Kirk pulled out of the Akins Ford Arena event claiming ""severe threats"" that made it too dangerous to attend.

The Reality Check: J.D. Vance, the Vice President of the United States, was on that same stage.

Since when is the Vice President—the literal heartbeat away from the Presidency—immune to ""severe threats"" that are supposedly too much for a non-profit CEO? 

As Candace points out, if there was a viable threat to that building, the Secret Service would have locked down the entire perimeter. The truth? Erika didn't have a security problem; she had a ticket sales problem. 📉

The Victor Marx Standoff: The plot thickens with the ""Project Bluebird"" pastor.

Victor Marx replied to Candace’s trafficking exposé. Candace replied back, inviting him to a live debate alongside whistleblower Corby Hall of FoldAR. Candace is waiting. Will the man who claims to ""retool"" souls have the courage to face the facts of 9/10 on a live mic? 

The establishment thinks the public is dumb enough to believe that a ""widow in grief"" is a bigger target than the Vice President. They are wrong. We see the patterns, we see the empty seats, and we see the 0.0 percent credibility remaining in the TPUSA front office.

👇 HIT THE LINK. @RealCandaceO is about to show you exactly how they are lying and—more importantly—WHY they are lying."
"'2039464221344473489'","4/1/2026 18:05","Tweet","en","1718","1275","371","72","0","2","2","🚨 MUST WATCH: Why Tyler Robinson CANNOT Be the Man in the FBI Suspect Photo— The ""Attached Earlobe"" Detail That DESTROYS the State's Case. 😱

The authorities point their finger to a grainy stairwell photo of the suspect and tell you, with absolute certainty, that this is Tyler Robinson. But if you zoom in—if you just look closely at the side of his head—the story begins to fracture. The man in that grainy photograph has distinctly unattached earlobes. Now, pull up a photo of Tyler Robinson. His earlobes are attached.

Biology is a stubborn thing. It doesn’t bend to the will of a press conference. It is anatomically impossible for Tyler to be the man in that photo.

Now, look down at the feet. The suspect is wearing solid gray shoes with no stripes. We know for a fact that Tyler Robinson practically lived in his black Chuck Taylors, complete with their distinct white stripe. So whose gray shoes are walking around in that suspect photo? We didn't have to look far. We found them. They belong to Tyler's roommate. His boyfriend. Lance Twiggs.

But we don't have to just trust our lying eyes. We can trust the math.

When you run the FBI’s suspect photo through an advanced AI facial recognition system, plotting it against both Tyler and Lance, you don't get a guess. You get a mathematical certainty. Comparing six fixed anatomical landmarks—from the curve of the jawline to the width of the nose bridge—the results don't just whisper; they scream. Lance Twiggs comes back as a six-out-of-six, perfect anatomical match. Tyler Robinson matches absolutely zero.

So, ask yourself a simple question: Who actually knew how to handle a rifle?

If you ask Tyler’s grandmother, she’ll tell you he wasn’t a gun guy. He had zero experience behind a scope. Lance Twiggs, on the other hand, grew up hunting with his grandfather. To Lance, a 300-yard shot wasn’t some impossible sniper's miracle; it was just a weekend hobby. 

And it gets darker. If you open Lance’s personal notebooks, you don't find grocery lists. You find unhinged, creeping scribbles. Scribbles that, under forensic scrutiny, perfectly match the unique, distinct etchings found on the bullet casings left behind at the crime scene.

But here is the detail that should make the hair on the back of your neck stand up. On September 6th—exactly four days before Charlie Kirk was assassinated—Lance Twiggs logged into his gaming account and changed his digital handle. What did he change it to?

""Homicidal Maniac 962025"" September 6th, 2025. Four days before the hit. Are we really supposed to look the other way and call that a coincidence?

So how did Tyler take the fall? Let's look at the digital crime scene. Lance had total, unrestricted access to all of Tyler’s devices. It takes about thirty seconds to fabricate a text message exchange to build a digital alibi. And when the police came knocking, what did Lance hand them? He claimed Tyler left a confession note tucked under his desk, begging Lance to destroy it. And Lance, playing the ever-helpful roommate, supposedly did destroy it—but not before taking a highly convenient, perfectly framed photograph to hand to the authorities.

A neatly packaged suspect. A perfect patsy.

The state is asking you to suspend your disbelief. They want you to accept attached earlobes on an unattached suspect. They want you to ignore the gray shoes, the 6-for-6 AI facial match, the hunting background, the bullet etchings, and the ""Homicidal Maniac"" gaming tag.

But when you lay all the pieces on the mahogany desk, it doesn’t spell Tyler Robinson. It spells a frame-job. And we aren't going to stop asking questions until the whole board is flipped.

From: @realjesseonfire FOLLOW Him!"
"'2038779173087379667'","3/30/2026 20:43","Tweet","en","1708","1220","340","45","103","2","4","🚨 BREAKING: New Forensic Filing PROVES The BULLET DOES NOT MATCH THE GUN Found At The Scene That Allegedly Belongs To Tyler Robinson🤯

The establishment’s ""open and shut case"" just completely collapsed. A new filing has just been made public regarding the ATF forensic testing in the Charlie Kirk assassination, and it is the ultimate proof that Tyler Robinson is nothing more than a government patsy.

Here is the breaking evidence the mainstream media is trying to spin:

THE BALLISTICS FAILED TO MATCH:
According to the official court filings, the ATF tested the bullet jacket fragments recovered from Charlie Kirk’s neck during the autopsy. 

The result? The conventional toolmark analysis failed to link those fragments to the rifle found at the scene—the exact rifle the Feds claim belonged to Tyler Robinson. The results were officially ""inconclusive,"" meaning there is zero forensic proof that the bullet that killed Charlie came from that gun.

THE GOVERNMENT PANIC:
Now that the initial forensics have failed to connect their hand-picked patsy to the murder weapon, the state is panicking. They are desperately trying to force a ""re-testing"" using different chemical methods because they know they have no case. Tyler’s defense is rightfully objecting to this, because the current results already do exactly what they are supposed to do: they exonerate him.

THE FRAGMENTATION COVER-UP:
They are trying to use the excuse of ""bullet fragmentation"" to explain away why there was no exit wound and why the ballistics don't match. But we know the truth. The Feds planted a weapon, pointed the finger at a terrified kid who was coerced into surrendering, and are now scrambling because the physical science doesn't back up their lies.

Tyler Robinson did NOT shoot Charlie Kirk. This was a highly coordinated hit, and our own government is working overtime to protect the real assassins while railroading an innocent scapegoat. 

The entire official narrative is a lie. 🇺🇸⚓️"
"'2048746425782026381'","4/27/2026 8:49","Tweet","en","1699","1234","245","39","181","4","1","‼️EXCLUSIVE: TPUSA Whistleblower EXPOSES ""Disgusting"" Behavior of Erika Kirk on Internal TPUSA Calls Following Charlie’s PUBLIC Execution 👀

Mason Lemme doesn't hold back in our latest interview. He exposes the ""disingenuous"" and ""disgusting"" behavior of Erika Kirk on internal TPUSA calls following Charlie’s public execution—and the footage is sickening. 🤢

The Red Flags:📍 
6 Days Later: Erika is smiling about ""cute"" Zoom emojis while her husband's assassination is being called the most gruesome in history. 

📍 No Tears: Dabbing her eyes with a tissue but not a single tear in sight. Mason calls it exactly what it is: a bad performance. 

📍 ""He's Dead"": 11 days after the shooting, she tells staff, ""I’m not trying to be morbid, but he’s dead,"" before immediately bragging about merch sales and hat orders. 

This isn't grief—it’s manipulation. Turning Point 2.0 isn't a legacy; it's a ""completely different direction"" that points straight to Israel. 

Watch the full INTERVIEW linked below. The truth is in the tone. 👇

Follow @LemmeReact and lets give him our support!"
"'2048947490523684878'","4/27/2026 22:08","Reply","en","1686","1391","178","37","80","2","0","@MrsErikaKirk Are you going to address this? https://t.co/Vx1uiPl0uX"
"'2049973066600435735'","4/30/2026 18:04","Tweet","en","1650","1311","169","57","113","5","2","‼️BREAKING: Candace Owens Just RESPONDED To Brian Harpole's LAWSUIT —He Just Handed Her Full DISCOVERY Power! 👀

Candace isn’t just responding to the Brian Harpole lawsuit—she’s celebrating it. After waking up ""highly upset"" over Erica Kirk’s claims, Candace revealed that Harpole’s legal move might be the biggest mistake he’s ever made.

The Power Move:  ""That would grant me, your girl, the power of subpoena. Let’s get started.""

She’s promising that the ""punishment is more truth"" and hinting that something massive is coming undone behind the scenes. With a secret ready to be revealed and the legal power to dig deep, the ""crazy"" is officially hitting a breaking point. ☕️🍿

Is this a tactical error for Harpole, or is Candace playing with fire? Drop your theories in the comments.

FOLLOW @RealCandaceO, RT and watch her full EPISODE linked below.👇"
"'2044915716248277292'","4/16/2026 19:07","Tweet","en","1637","1229","280","22","106","7","2","BOMBSHELL: Erika Kirk Was ALREADY in Athens While Claiming a ""Threat""—JD Vance’s Plane Was Forced to CIRCLE While Erika Kirk ""CRASHED OUT"" Backstage.😱

The ""credible threat"" narrative just officially hit a wall of reality. Tonight, Candace Owens dismantled the Erika Kirk / Turning Point USA deception with a surgical precision that leaves the establishment with zero places to hide.

We aren't just talking about a disagreement; we’re talking about documented lies involving the Office of the Vice President and the United States Secret Service.

THE ""CREDIBLE THREAT"" DEBUNKED
Erika Kirk and Andrew Kolvet claimed a ""life-threatening"" situation forced her to cancel the Athens, GA rally. The Secret Service begs to differ. * The Official Word: The Secret Service leaked to CBS that there were ZERO known, actionable, or credible threats.

The Logic: If there was a threat to Erika—who was set to interview the Vice President on stage—there would be a threat to the VP. The Secret Service doesn't ""press on"" if a perimeter is compromised. They stayed. They spoke. Erika didn't.

THE RADAR DON'T LIE: A TIMELINE OF DECEIT
Project Constitution is all about the telemetry, and the flight logs tell the real story of Tuesday:

1:27 PM: Erika departs West Palm Beach.

2:40 PM: Erika lands in Athens, GA. She didn't stay in Scottsdale—SHE WAS ALREADY THERE.

3:53 PM: JD Vance’s plane begins circling North Carolina. Why? Because Erika is having a ""meltdown"" on the ground and wants to pull out.

4:34 PM: JD Vance lands at the same airport Erika is already at.

5:00 PM: TPUSA starts the event. Erika is reportedly BACKSTAGE, hiding while the crowd numbers underwhelm.

THE ""SINISTER LIE""
This wasn't a ""security concern."" This was a vanity play. When Erika saw the low ticket sales and realized she was being mocked online (shoutout to the Drewski video), she didn't just walk away—she manufactured a crisis.

""Only a specific breed of human could muster the shamelessness to abandon a commitment... and then blame the public for an 'existential threat' to her life."" — Candace Owens

THE PIVOT: TPUSA ADMITS THE GASLIGHTING
Even the Daily Mail—a TPUSA mouthpiece—is now running quotes from ""insiders"" admitting Erika was ""mental exhausted"" and ""aware of how she is coming across."" They are finally admitting what we've said all along: the ""threats"" were a cover for her own performance issues.

THE BOTTOM LINE:
Andrew Kolvet and the TPUSA leadership didn't just lie to their audience; they used the Vice President of the United States as a prop in a fake security drama. It’s not just embarrassing—it’s malevolent. The walls are closing in on the ""Project Constitution"" era of Turning Point. We have the receipts. We have the logs. We have the truth.

FOLLOW @RealCandaceO, RT and watch the full exposé on the Candace Owens Podcast linked below. 👇"
"'2039107875457446076'","3/31/2026 18:29","Tweet","en","1630","1261","348","21","0","5","2","🚨BOMBSHELL:  Candace Owens Says In Her Opinion The New Filing In The Tyler Robinson case is PROOF Of An ""UNDENIABLE State Killing"" 🤯

Candace Owens is on an absolute tear, and the deep state's official narrative is in total freefall. After breaking the massive French Freemason hit squad story yesterday, she just went live tonight to drop an absolute nuke regarding the new Tyler Robinson court filings.

The establishment is officially panicking.

Right now, the establishment PR machine is in overdrive. As Candace pointed out tonight, they are spending massive amounts of cash racing to the timeline to convince you that the ATF failing to connect the bullet fragments to Tyler Robinson's alleged rifle is just a ""nothing burger."" They want you to believe that a complete lack of ballistic evidence connecting the patsy to the weapon is perfectly normal. It isn't.

While the mainstream media and TPUSA talking heads were busy spinning lies, Candace and her team actually did the work. They combed through every single page of those new court filings. And what she revealed tonight is staggering: They found something buried deep in those documents that not even Tyler Robinson's own defense team caught. FROM JFK TO CJK

Candace did not hold back on what this buried evidence means. She stated definitively that the FBI is setting Tyler up as the ultimate scapegoat to protect the real assassins. She drew the direct, chilling historical parallel: From JFK, to MLK, and now to CJK (Charlie Kirk).

The Feds are putting this on an innocent kid. The ATF's own science proves the gun doesn't match. The crime scene is contaminated. And as Candace confidently declared tonight: This is an undeniable state killing.

The syndicate is running out of places to hide. We are going to expose every single layer of this operation. 🇺🇸⚓️

FOLLOW @RealCandaceO, RT and watch her FULL podcast below. 👇"
"'2049111871005839453'","4/28/2026 9:01","Tweet","en","1602","1063","154","236","149","7","0","😱BOMBSHELL: Andrew Kolvet SPILLS the Beans Last Night On Glenn Beck—Erika Kirk is FINALLY Quitting TPUSA? 👀

The pressure has officially reached a breaking point. Andrew Kolvet just went on Glenn Beck’s show and dropped a massive hint that Erika Kirk might be ready to throw in the towel. 🏳️

After the chaos at the White House Correspondents' Dinner, it sounds like she’s had a major epiphany. Whether she’s resigning as CEO or just pulling back from public events to stay home with her kids, one thing is clear: She’s cracking.

Kolvet alluded to the fact that the shooting changed everything, and Erika is set to go on the Charlie Kirk Show TOMORROW (Wednesday) to make a major announcement about her future.

Is this the ""huge win"" we’ve been waiting for? If she steps down from public life, the movement changes forever. 📉

Watch the clip and see the signs for yourself:[Link to Video]
I’ll be locked in on Wednesday to see what she actually says. Make sure you are too!

What do you think? Is she actually stepping down, or just going to stop doing public events? Either way it's a MASSIVE W. 
Drop a comment below and don't forget to FOLLOW me  so you don't miss the update! 👊

From @glennbeck  CC: @RealCandaceO"
"'2038806867208466433'","3/30/2026 22:33","Tweet","en","1590","1137","410","43","0","2","1","🚨BREAKING: Read the Official Court Filing in the Tyler Robinson Case—Just Released😳

The establishment is trying to bury the details of the newest court filing in the Tyler Robinson case, but the actual documents prove the entire official narrative is collapsing in real-time. The state does not have an open-and-shut case. They have a massive, compromised mess, and they are scrambling.

Here is exactly what the defense's new motion reveals:

The prosecution's entire timeline relies on the rifle found at the scene. But the filing officially confirms that the ATF’s firearm analysis on the bullet recovered during the autopsy was ""inconclusive."" They cannot forensically match the bullet that killed Charlie Kirk to the weapon they claim Tyler Robinson used. The defense is literally planning to use the state's own ATF ballistics report as exculpatory evidence to clear Tyler's name.

They told the public this was a lone gunman. Yet, the FBI and ATF DNA reports indicate that multiple different DNA profiles (a DNA mixture) were found on the evidence, including the rifle. The crime scene was contaminated, the weapon was handled by multiple people, and the Feds are desperately trying to sort through the mess.

How is the state responding to their lack of forensic evidence? By burying the defense. The filing reveals the prosecution just dumped 20,000 electronic audio files and written documents onto Tyler’s lawyers. It is a classic stall tactic.

Because the Feds' testing is so convoluted and full of mixed DNA, the defense is demanding a 6-month delay so they can bring in independent forensic biologists, genetic systems engineers, and statisticians to verify if the FBI and ATF even applied correct scientific procedures.

Tyler Robinson is a scapegoat, and the physical evidence proves it. 🇺🇸⚓️"
"'2042169401768563172'","4/9/2026 5:15","Tweet","en","1589","1114","245","16","214","2","4","🚨BOMBSHELL: Satellite Data CONFIRMS Date Of FBI's Starwell Photo Of Alleged SUSPECT In The Charlie Kirk Assassination—Baron Coleman Just Broke It All Down LIVE🕵️‍♂️🔍

If you caught my last post, you know the internet has been on fire questioning if the FBI’s ""stairwell suspect"" photo was even taken on the day of the Charlie Kirk assassination. Many suspected a total fabrication—a staged photo from another date.

Baron Coleman just officially ended that debate when he broke down live on his podcast exactly how he was able to prove the origin of the starwell photo by using high-res satellite imagery from September 10th, 2025.

Baron was able to pinpoint the exact day of the UVU event from space. And what he found is the ultimate ""fingerprint"" of the timeline:

The Vehicles: Look at the parking lot directly in the line of sight of the tunnel camera. There is a very specific setup: a pickup truck with oversized tires backed in at an angle, and a silver hatchback pulled in deep.

The Match: Those exact two vehicles—in those exact positions—are visible in the background of the FBI's stairwell photo.

The Verdict: The satellite data is dated September 10th. The cars match. That photo was taken on the day of the ""Big Bang.""

""That definitively ends the discussion... that satellite image I just showed you was from September 10th."" — Baron Coleman

⚠️ THE NEW MYSTERY

But here is where the ""official narrative"" starts to rot. Now that we know for a fact the photo is from the day of the assassination, we have to look at the individual in the frame.
If the photo is authentic, then the FBI has zero excuses left for why the person in that tunnel looks nothing like Tyler Robinson. * Genetic Impossibilities: We’ve already seen the earlobe discrepancies.

Body Type Shift: We’ve seen the ""linebacker"" vs. ""waif"" frame differences.

The ""Enhanced"" Trap: As Kash Patel let slip, these photos were ""enhanced"" (doctored).

👁️ THE REAL TAKEAWAY

The FBI didn't fake the date of the photo—they likely used a real image of the real operative and then tried to ""enhance"" it to look more like their chosen patsy, Tyler Robinson. They took a real moment from a real conspiracy and tried to paint a fake face over it.
The satellite proves the photo is real. The biology proves the suspect is a lie.

Who was really walking through that tunnel while the ""neck"" was moving the ""head""? We have the date. Now we need the real name. 👇

FOLLOW @baroncoleman and watch the FULL episode linked down below. 👇"
"'2043653951157862599'","4/13/2026 7:34","Tweet","en","1583","1090","319","22","152","3","3","🔥BARON'S BOMBSHELL'S: Baron Coleman UNLOADS AtThe Level Of ""Cognitive Dissonance"" With The SHILLS Pushing The: ""Fed Slop"" 🤔

Stop what you are doing and watch this clip from last night’s podcast. Baron Coleman just absolutely dismantled the official narrative being pushed by TPUSA and their army of ""shills,"" and he did it with cold, hard receipts. 🔥

If you still believe the lone gunman story, your cognitive dissonance is about to be shattered.

🕵️‍♂️ Baron's Bombshells: Dismantling the Timeline
Baron didn't just criticize; he brought the heat. Here is what he exposed about the ""New TPUSA"" narrative:

The Faked Doorbell Cam Time: Remember that ""8:07 AM"" photo of Tyler Robinson published by the New York Post? Baron used a shadow calculator and proved that based on the length of the shadow, that picture was taken AFTER 10:00 AM. They are lying about the time of day to fit their narrative, and when Baron called them out, they predictably panicked and ""savaged"" him instead of addressing the facts.

The Miranda Smoking Gun: Baron has physical legal documents in his possession. ONE says Tyler was arrested by Agent Brian Davis at 10:00 PM. ANOTHER document confirms Tyler was Mirandaized and interrogated at 6:25 PM on the same day.
The Problem for the Feds: You cannot be Mirandaized and interrogated unless you are ALREADY in custody. This proves Tyler was in custody hours earlier than the official story claims.

The Faked Texts: Because Tyler was proven to be in custody earlier, the text messages supposedly sent by Tyler later that night are physically impossible. They are FAKES, manufactured to frame a patsy.

🚄 The Railroading of a Patsy

""They just Totally ignore it... the reduction mechanism is just to ignore any evidence to the contrary."" — Baron Coleman
The ""New TPUSA"" and their media allies are so committed to the ""Official Fed Slop"" that they are actively ignoring verifiable legal documents. They refuse to answer simple logistical questions: How did Brian Davis drive 3.5 hours from Salt Lake City to St. George by 10:00 PM unless they knew Tyler was in custody hours earlier?

The cognitive dissonance on that side is not just strong; it's total. They are ignoring the 10:00 PM arrest document because it completely destroys the text message timeline they used to charge Tyler.

🤯 The Real Fear: Tyler Robinson Lived

Baron drops the ultimate theory: Much like Lee Harvey Oswald and Thomas Matthew Crooks, Tyler Robinson was never supposed to make it out alive. A dead patsy is a closed case.
Tyler, sensing he was being set up, was smart enough to turn himself in to a trusted sheriff for protection before the ""thugs and criminals"" could silence him permanently. This wasn't a ""voluntary surrender"" out of guilt; it was a desperate race for survival.

The other side is wrong, Baron is right, and the official story is a provable lie.

FOLLOW @baroncoleman and watchhis full episode linked below. SHARE this everywhere. The Kirk legacy is being tarnished by the very people claiming to protect it. 👇"
"'2046396892494414171'","4/20/2026 21:13","Tweet","en","1566","981","179","94","312","5","1","😱COME ON ALEX: Tell Me You're On TPUSA’s Payroll Without TELLING Me You’re On TPUSA's Payroll. 👀

Alex Jones just absolutely PANICKED and hung up on a live caller named Van from Arizona. Why? Because the caller dared to expose the unholy alliance between TPUSA, Donald Trump, and AIPAC.

The second the caller mentioned that Turning Point USA was backing an establishment shill over a true America First conservative, Jones cut him off mid-sentence and scrambled to the next caller. The censorship is coming from inside the house, folks.

Here is the exact truth Alex Jones was too terrified to let his audience hear:

🇺🇸 THE REAL AMERICA FIRST CANDIDATE:
The caller was trying to highlight Joseph Chaplin, running for Congress in AZ District 1. Chaplin is a devout Catholic, an actual America First patriot, and a proven fighter in the state legislature. 

His platform? Getting foreign lobbyist money out of our elections, stopping the endless foreign wars, and actually putting American citizens first. He is not a sellout.

🤡 THE TPUSA / AIPAC PUPPET:
Instead of backing Chaplin, Trump and TPUSA are throwing their weight behind Jay Feely—a former NFL kicker. Why him? Because Feely is fully endorsed by AIPAC, is a former Clinton Foundation speaker, and has multiple photos floating around with Bill Clinton. They are pushing a Clinton-tied moderate just because he plays ball with the foreign lobby money.

⛪ THE GREAT CATHOLIC CONVERSION:
The caller also dropped a massive truth bomb about what is happening to our local churches, and it ties directly back to Turning Point USA. He exposed how massive mega-churches—specifically the massive one off the I-17 in Phoenix, Dream City Church (which is literally TPUSA’s home base and event center)—have essentially been turned into foreign hasbara centers.

People are fleeing these compromised evangelical mega-churches and converting to Catholicism in droves because they are sick of going to Sunday service only to hear pro-war, foreign-nation propaganda instead of the Gospel of Christ.

The establishment is terrified of candidates like Joseph Chaplin who can't be bought by foreign lobbies, and they are terrified of Christians waking up to the infiltration of their churches.

@RealAlexJones  couldn't hang up fast enough. The fake MAGA mask is slipping.

Watch the clip and share this before it gets buried! 👇

CC: @RealCandaceO"
"'2046050896887366028'","4/19/2026 22:18","Reply","en","1557","1316","144","40","57","4","0","@RealCandaceO @LauraLoomer Blocked me too. she is such a Hypocrite.

Looks like i must of struck a nerve. Why don't you tell everyone how your not really Jewish and how your mom is Jo Hill Loomer is a  Catholic? https://t.co/BVchv2EoDR"
"'2039508180066255006'","4/1/2026 21:00","Tweet","en","1552","1172","351","29","0","4","0","🚨 ALERT: Candace Owens is Turning Into a Full-Time Historian —Tracing The BLOODLINES Of Utah's Mormon Mafia📔🧐

Candace is going dark for a week to ""become a genealogist,"" and what she just revealed links global warfare to mysterious flight patterns in America’s heartland.

Candace has been meticulously tracking flight data. She’s found a startling pattern: every time there is a ""kerfuffle"" or bombing campaign in Israel, Egyptian planes are carrying high-level passengers from Israel to Provo, Utah. > ""My sense was this is Bibi... hiding in Provo. Who does he know in Provo? Why would he be in Utah?"" 

It’s not just about planes; it’s about genealogy. Candace is tracing the connections between the ""Mormon Mafia"" both in the U.S and Mexico, and the power dynasties of  
The Romneys, Robinson's, Farnsworth's & Hild's

Candace is asking the million-dollar question: Did Charlie Kirk step on the toes of the ""War Industry""? When he told Trump ""Do not go to war with Iran,"" which private equity firms and real estate moguls—who trade on war—decided he had to go?

Candace also teased a massive reveal about the underground city in Provo where the ""number one guy"" would be safe.

The pieces are locking in. We are looking at a new angle that connects family ties, private equity, and international conflict. 🍿

FOLLOW @RealCandaceO, RT and watch her FULL episode linked below.👇"
"'2042185816500236564'","4/9/2026 6:20","Tweet","en","1519","1155","351","13","0","3","1","🚨BOMBSHELL: Another SPY Plane Caught Overhead EXACTLY When Tyler Robinson Turned Himself In —Was Tyler Robinson ""Processed"" by MILITARY Intelligence?!😱

If you thought the AXEL 10 spy plane over UVU was a ""coincidence,"" wait until you see what Baron Coleman just uncovered about the day Tyler Robinson turned himself in.

There is a second ""spy plane"" and its flight path should terrify anyone who still believes the official narrative.

🛩️ MEET AXEL 21: THE BROTHER PLANE
On September 11th, 2025—the exact day Tyler Robinson surrendered in St. George, Utah—another high-altitude spy plane from the US Army’s HADES program was in the air.

The Flight: AXEL 21 (a different tail number, but the same elite sensor suite) left Ontario, CA, headed for El Paso, TX.

The Detour: Instead of flying a straight line, this plane flew Northwest, directly into Utah airspace.

The ""Stall Speed"" Pass: Just like AXEL 10 did over the Charlie Kirk assassination site, AXEL 21 dropped its altitude and slowed down to a mere 126 knots—nearly stall speed for a jet of this caliber—directly over St. George.

🕵️‍♂️ WHY ST. GEORGE? WHY THEN?
This plane didn't show up on local landing schemes because it wasn't ""supposed"" to be there.

The Timing: It arrived on the scene around 2:35 Zulu and circled for 45 minutes. * The Mission: This happened exactly as Tyler Robinson was turning himself in at the Washington County Sheriff's Office.

The Capability: This isn't just a plane. The HADES program utilizes Rapcon X AI-driven systems and ASARS-2B radar. It can deploy drones, read encrypted communications in real-time, and track mobile targets with terrifying precision.

👁️ ""DID WE PULL IT OFF?""
Baron Coleman asks the question the FBI doesn't want to answer: Why was one of the most sophisticated pieces of intelligence-gathering machinery in the world hovering over a peaceful surrender? Was the Army using the AXEL 21 sensor suite to ensure their ""Patsy"" was successfully in custody? Were they monitoring the ground to make sure no ""unauthorized"" witnesses were present?

""Did we pull it off? ... That machine decided to fly over Tyler Robinson turning himself in... I think the timing is important."" — Baron Coleman

🧩 THE PATTERN IS CLEAR
Sept 10th: AXEL 10 flies ""low and slow"" over UVU during the assassination.

Sept 11th: AXEL 21 flies ""low and slow"" over St. George during the surrender.

This is Multi-Domain Operations happening on American soil, targeting American citizens. The ""HADES"" program was designed for deep sensing in war zones—so why is it being used as a tactical overhead for the Charlie Kirk investigation?

Is Tyler Robinson really the assassin, or was he tracked, monitored, and ""processed"" and set up by a high-level military intelligence operation? Let’s get the truth trending. 👇

FOLLOW @baroncoleman and be sure to watch his FULL  episode linked below. 👇"
"'2049887063307399381'","4/30/2026 12:22","Tweet","en","1518","1071","181","52","214","4","0","Erika Kirk Just Got The 8-Mile Treatment. 💀🔥

Someone finally did it. Since Erika’s 9-minute ""monologue"" felt more like a rehearsed audition than a CEO update, the internet decided to give her the soundtrack she deserves. Enter: Eminem’s ""Lose Yourself"" (Erika’s Version).

""She opens her mouth, only lies come out."" From the ""Hype Squad"" laugh track to the scripted tears, the AI isn't missing a single beat.

Is this AI satire more honest than the actual speech? Watch the clip and tell me I’m wrong. 👇

From: @OwenBenjamin  FOLLOW Him!

CC: @RealCandaceO 😂"
"'2047267552372355207'","4/23/2026 6:53","Reply","en","1503","1432","41","24","6","4","0","@titoamboy @RealCandaceO @imelizabethlane @LoomerUnleashed @LoomersFanClub LMAO.  Larry i have all 623 pages and i will be reading it live on my channel starting tonight"
"'2049476695590150233'","4/29/2026 9:11","Tweet","en","1492","1352","89","36","15","2","0","This is amazing and gives me goosebumps. I'm so glad you finally took that step and are now OFFICIALLY “Confirmed” as a Catholic and ready for that battle as a Soldier of Christ. Christ Is King. ✝️

Congrats @RealCandaceO 🎉 Go MAXX!"
"'2044698506456424542'","4/16/2026 4:44","Tweet","en","1486","946","350","35","155","3","3","🚨BREAKING: CBS News GRAMA Appeal Proves the Discord Confession Of Tyler Robinson Is FAKE Undeniable PROOF Tyler Was In Custody On September 11th At 6:25p🧾😱

The timeline of the official narrative just completely collapsed. The ""smoking gun"" confession that the media has been parading around is a mathematical and physical impossibility, and we have the documents to prove it.

The establishment wants you to believe that Tyler Robinson logged into Discord at 7:57 PM on September 11th and typed the words, ""It was me.""

There is just one massive problem: He was already in police custody without his phone. Props to investigator @baroncoleman  for being the first to point out this discrepancy, but now we have the undeniable, documented proof. Here is the absolute nail in the coffin for the Discord confession lie.

DOCUMENT 1: The 6:25 PM Miranda Rights
As Baron pointed out—in the defense team's discovery filing attached above, It explicitly shows the timestamp for Tyler Robinson’s encounter with law enforcement: 06:25 PM.

The transcript shows him being actively read his Miranda rights at 6:25 PM.

He explicitly declined to be interviewed without an attorney present.

The Reality: Once you are in custody and being Mirandized, your devices are seized. There is zero chance Tyler Robinson was hanging out in an interrogation room logging into Discord an hour and a half later.

DOCUMENT 2: The September 11th Booking Sheet
For the operatives trying to spin the narrative that Robinson wasn't actually arrested until September 12th, look at the official Utah County Sheriff Inmate Booking Sheet.

Arrest Date: 09/11/2025

Arrest Location: Outside Ut Cnty (He surrendered in Washington County before being transferred).

THE COVER-UP: The CBS Appeal & The ""Missing"" Video
but wait there's more... CBS filed an appeal on January 21, 2026, demanding the release of the surveillance video of Tyler’s surrender at the Washington County Sheriff's Office.

CBS specifically requested the footage recorded between 6:00 PM on Sept 11th and 1:00 AM. They know exactly when he walked through those doors.

Washington County originally tried to claim the video was ""gone"" and no longer available.

Now, Lonny Pehrson, the Director of Utah State Records, has apparently reviewed the footage but is denying appeals to release it to the press.

Why hide the video? Because the moment that surrender footage goes public, the 7:57 PM Discord ""confession"" is officially exposed as a complete fabrication planted by someone else.

If Tyler didn't send the Discord messages, who had his phone? Who wrote the confession? And why is the state of Utah fighting so hard to keep the surrender tape locked away?

👇 LOOK AT THE TIMESTAMPS. The official story is a physical impossibility. Share this everywhere before they try to scrub the records again.

CC: @RealCandaceO"
"'2046330260359119273'","4/20/2026 16:48","Tweet","en","1479","892","388","17","182","2","2","😱MAJOR COVER-UP EXPOSED: The Media is Hiding the Biggest ""Coincidence"" in the Charlie Kirk Assassination at UVU 👀

They want you to believe the tragedy at Utah Valley University was just a random security failure. But the math isn't mathing. I’ve just uncovered historical documents from UVU (formerly UVSC) that the mainstream media is completely ignoring.

In 1995, the ""Center for Jewish Studies"" was established right there on the UVU campus. If you look at the board of directors for this center, one name stands out in black and white: Jack Solomon. Not only was he a major player on this board, a trustee for Hebrew University, and a co-founder of an Israeli armored corps museum, but he is also ERIKA KIRK’S UNCLE (married to her Aunt Karla Frantzve).

Let that sink in. Out of the thousands of college campuses across the United States, Charlie Kirk was assassinated at the EXACT SAME institution where his wife's uncle had deep, institutional ties and board-level influence.

Is it really just a coincidence that this highly coordinated event happened on the exact turf where Solomon's network was established? 

The media is obsessed with talking about ""bullets that don't match,"" but they refuse to follow the names, the money, and the institutional footprints right under their noses. We aren't dealing in theories; we are dealing in documented facts and historical records. We need a real, independent investigation into these UVU ties immediately. 
There is no such thing as a coincidence this massive.

👇 Look at the receipts for yourself. 

Credit: @Uncommonsince76, @Shayna2342 FOLLOW Them both!"
"'2045140686031241257'","4/17/2026 10:01","Tweet","en","1466","1211","144","44","67","4","1","EPIC: Candace Owens Supporter Confronts @victormarx ""Smile For Candace""🔥📸

You can’t hide from the truth anymore. 🕵️‍♂️

Watch this moment as a supporter confronts Victor Marx with a simple request: ""Smile for Candace."" The reaction? Pure, awkward silence. 🧱

Victor Marx has found himself in @RealCandaceO crosshairs for his close relationship to Erika Kirk. He was with her in the immediate aftermath of that Tragic day and coinicidentally was the first person to announce Charlie's death. He tried to delete it but the internet is forever.

Watch the clip below: When he’s confronted with the name of the woman actually doing the digging, he freezes.

Thanks for that @TeresAbetterLif"
"'2047669916770201769'","4/24/2026 9:32","Tweet","en","1449","1115","204","25","105","2","3","🔥MUST WATCH: Coach Colin REACTS To Baron Coleman Going FULL Battlebun On Andrew Kolvet For Gaslighting Us Over Erika's FAKE Threat! 👀

This is one of the most explosive TAKEDOWNS I’ve ever seen. @iamcoachcolin reacts as @baroncoleman  goes absolute scorched-earth on @AndrewKolvet over the lies, the GASLIGHTING, and the elite private jets.

Here are the most insane moments.

1️⃣ Coleman obliterates Kolvet for flying on elite Gulfstream 5 private jets at $100,000 a round trip on the donor dime, demanding he claim it as income. ""I'm subsidizing you... I got a freaking right to see where you go.""

2️⃣ Baron accuses Kolvet of lying flat-out to the public and even putting the Vice President of the United States on stage to push a fake alibi about ""travel issues,"" while Erika was actually safe and partying with the First Family.

3️⃣ No holding back. Baron looks right into the camera and literally tells Kolvet to go to hell for his deception, calling him a ""lying conniving piece of trash"" who is putting his own soul in jeopardy just to protect his status.

4️⃣ Colin points out exactly why Baron went full ""dad mode"" on Kolvet instead of just brushing it off. Unlike Blake Neff, Kolvet is smart enough to know better. He’s not just some degenerate; he is consciously choosing to be deceitful, making the betrayal ten times worse.

This is the ultimate takedown of the elitist, out-of-touch, pseudo-royalty who think they are completely untouchable.

FOLLOW @iamcoachcolin and @baroncoleman. Drop a 🔥 in the replies, RT to expose the lies, and let the public see exactly where their money is going!

Watch Coach's FULL libestram linked below. 👇"
"'2044104114200531101'","4/14/2026 13:22","Tweet","en","1443","900","205","81","257","2","1","🆘EXCLUSIVE: Footage of Erika and Lori Frantzve FAILED 4th of July Shoot She DEFINITELY Wants Buried—Isn't She Wearing The WRONG Colors? 🇮🇱👀

Happy Fourth? Not quite. I've exclusively uncovered 3 never-before-seen photos and behind-the-scenes video of Erika Kirk (then Frantzve) and her mother, Lori, from a 2012 shoot titled ""Cooking With Firepower.""

This ""Independence Day"" shoot is pure psychological projection. This isn't just a cringe-worthy photo op—it’s a major red flag regarding the ""identity"" Erika Kirk has been trying to sell for years.

While she and her mother pose with high-powered weaponry for a ""patriotic"" campaign, the details tell a very different, very globalist story.

The Fake Patriotism: Erika is decked out in red, white, and blue, posing with a NAC Savage 1928A1 in a kitchen. But look at the configuration. Look at the energy.
The Color Fail: If this was truly about the values she purports to hold with her out here shabbat shaloming then she's clearly wearing the wrong Country's colors. For the circles she truly navigates, the colors should have been Blue and White. 🇮🇱 

The ""Mom"" Connection: Her mother, Lori, is right there in the thick of it, wielding an M-1. This wasn't just a solo gig; this was a family affair in ""image manufacturing.""

The production video reveals more than just Erika.

The Weaponry: They aren't just using props. These are amnesty-registered Savage M-1s and custom AR-15s. Why was a ""Miss Arizona"" being used to market high-level firepower in a kitchen setting?

From the ""ritualistic"" Scottsdale galas to these ""Firepower"" kitchen shoots, the Frantzve family has been playing a character for over a decade. The question is: Who was the director?

👇 SCROLL THROUGH THE EXCLUSIVE PHOTOS. Do you see a patriot, or do you see a carefully crafted asset wearing the wrong colors?"
"'2046343944762761261'","4/20/2026 17:43","Tweet","en","1427","1106","212","19","90","4","1","🚨 Tyler Robinson's GRANDFATHER Speaks Out On Candace Owens Podcast 🚨

Just when you thought the official narrative couldn't get any more absurd, Candace Owens just dropped a massive bombshell on tonight's episode.

She has EXCLUSIVE audio from the grandfather of Tyler Robinson—the original owner of the rifle the feds claim was used to assassinate Charlie Kirk.

We need to talk about the ""Magic Rifle"" for a second. 🐕 The highly-trained bomb dogs completely missed it. Did their noses just ""malfunction"" that day? 🕵️‍♂️ Or is it just a coincidence that the Feds managed to lead rookie local cops directly to the weapon after the area had already been searched and cleared?

Candace is asking the question the mainstream media refuses to touch: Does his own grandfather even believe Tyler is guilty, or is he just a convenient patsy? And if that wasn't enough, Trump is apparently having a meltdown from Air Force One. He just fired off four separate tweets calling Candace a ""nobody"" and saying she's ""dying fast."" If she’s really a nobody, why is the leader of the free world so triggered by her investigations? 🤔

The truth is making a lot of powerful people very nervous.

FOLLOW @RealCandaceO, RT and Watch her full episode linked below and hear the grandfather's audio for yourself. 👇"
"'2039476439775391793'","4/1/2026 18:54","Tweet","en","1425","1090","315","20","0","6","3","🚨EXPOSED: The MISSING Link The Hamptons Phone Call, Mitt Romney, And The BATTLE For Utah🧐

The establishment syndicate has a massive, glaring hole in their cover-up, and Candace Owens just blew it wide open. If you want to know why Charlie Kirk was assassinated in Provo, Utah, and who possessed the regional and global power to execute the hit, you have to look at the money, the motive, and a 50-year-old alliance.

THE HAMPTONS INTERVENTION:
We need to talk about the final, haunting phone call Charlie Kirk had with Benjamin ""Bibi"" Netanyahu in the Hamptons. While TPUSA’s PR agents and lawyers were busy drafting long-winded tweets covering their tracks, nobody wanted to talk about this call.

Charlie himself described it as an ""intervention"" over the topic of Israel. During this call, Bibi made an offer: he promised to take Turning Point USA—an organization already raking in $100 MILLION a year—to the ""next level.""

How do you guarantee that kind of astronomical financial jump? Candace laid out the chilling reality: War profiteering. Specifically, a war in Iran. Charlie and Bibi were butting heads over this exact issue. War isn't just politics; it is the most lucrative business on earth.

THE SUSPICIOUS PIVOT:
Charlie refused to bow to the foreign war machine. Next thing we know, Charlie is dead.

What happened immediately after? Turning Point USA instantly twisted and reimagined Charlie's America First legacy, pivoting to a fiercely pro-war stance in the Middle East. Meanwhile, Bibi Netanyahu went on an unprompted media tour, aggressively declaring, ""It wasn't me! I didn't kill him!"" before anyone had even publicly accused him of pulling the strings.

THE PROVO CONNECTION: MITT ROMNEY:
But there was always one missing puzzle piece: How does a geopolitical dispute with Israel connect to an assassination in Provo, Utah? How did the syndicate operate so freely in that specific state?

The answer was sitting right in front of us: Mitt Romney.

The Romneys are political royalty in Utah. Mitt Romney is the state's former Senator, a former presidential nominee, and the co-founder of Bain Capital. He controls the levers of power in Utah.

And as Candace reminded us tonight, Mitt Romney and Bibi Netanyahu have a 50-year, ride-or-die friendship that dates all the way back to September 1976 when they worked together at the Boston Consulting Group. The New York Times even wrote an extensive piece in 2012 detailing their deeply entrenched, lifelong alliance.

THE ARCHITECTURE OF A HIT:
This is the uniparty syndicate in action. Charlie Kirk stood in the way of the military-industrial complex and the Iran war machine. He couldn't be bought with a massive financial bribe in the Hamptons, so he was eliminated in Utah—a state controlled by Bibi’s 50-year best friend.

Park this information in the back of your mind, because as we revisit the timeline and the key players on September 10th, the Romney-Netanyahu alliance is the key that unlocks the entire cover-up. 🇺🇸

FOLLOW @RealCandaceO, RT and watch her FULL episode linked below.👇"
"'2039999943302148118'","4/3/2026 5:34","Tweet","en","1419","930","277","54","158","3","6","🚨 UNSHAKEN FAITH: Charlie Kirk Meets Paul, Peter in Glory— RIP Charlie ~1993-2025🙏

I am setting the record straight because I am tired of TPUSA and their paid shills lying, gaslighting, and trying to taint the jury pool with completely false information. Let's talk about the FACTS of this case.

1⃣FACT: The DNA Evidence is a Mess. There was DNA from FIVE DIFFERENT PEOPLE on the rifle, besides Tyler Robinson. There is absolutely no way to prove he was the last one to handle it. They cannot link that specific gun to the murder because the bullet analysis was inconclusive.

2⃣FACT: The ATF Report is a Lie. They lied in their report, claiming they matched the spent shell casing at the scene with the murder weapon. The probable cause statement says the spent round was NEVER ejected and was still in the chamber. Furthermore, the gun itself was NOT found at the scene. It was found in a chicken coop on private property, nowhere near the roof where they claim the shot was fired. NOTHING links Tyler or that gun to the murder of Charlie.

Has @TPUSA told you any of this? NO. Have they mentioned the five different people's DNA on the gun? NO.

3⃣FACT: Tyler Robinson NEVER Confessed. He has been uncooperative with police and pled NOT GUILTY. The only reason he turned himself in was because he was afraid they would bust down his door, trash his house, and he'd be killed in the process. 

If he confessed, where is the written confession? Where is the interrogation video or police body cam? THERE IS NONE. In fact, we don't even have ANY video of Tyler arriving and being processed into the police station in Washington County because the police illegally destroyed that evidence.

4⃣FACT: The ""Dad Turned Him In"" Story is a Complete Fabrication. Unlike TPUSA and their proxies, our side has actually spoken with Tyler's family, who confirm it's a lie. They said only 2% of what the cops are saying is true. The entire story is impossible and provably FAKE.

Here's why: The story claims Tyler's dad saw a picture of a ""very unique antique WW1 Mauser"" on the news that was released by the FBI and texted Tyler for a picture. But the problem with that is the FBI NEVER RELEASED A PICTURE OF THE ACTUAL GUN. The picture released by the media at that time was a stock photo of a completely different gun. It is physically and logically IMPOSSIBLE for his dad to have recognized a gun that was NEVER shown to the public.

This ALSO proves the alleged text messages between Tyler and his furry lover Lance are also FAKED and PLANTED. They can't contain a conversation about an event that never happened. We also spoke to Tyler's grandmother, who told us Tyler was NOT a gun guy and knew nothing about guns. She said, there was NO WAY TYLER DID THIS.

So stop listening to TPUSA and their paid shills trying to gaslight you. This is not an open-and-shut case. There is SOLID PROOF the feds have manufactured and destroyed evidence in this case.

You have to ask yourself: WHY?

Could it be because there's a much bigger, state-sponsored conspiracy afoot to murder Charlie Kirk?

▫️Because he was leaving the Israel cause.

▫️Because he wouldn't support an Iran war.

▫️Because he had access to the Epstein files and was demanding their release, even after Trump called him personally and told him to stop.

▫️Because he discovered massive fraud at TPUSA and ordered a DOGE-style audit to get to the bottom of it.

Do you think the people perpetrating that fraud at TPUSA weren't scared shitless of going to prison if Charlie found out? Do you think they would have gone along with a conspiracy to kill Charlie to save their own asses?

I do. I think not only is it possible, it is highly probable that is exactly what happened.

They are lying to you. The evidence proves it. Share this everywhere, Do NOT let them control the narrative 🇺🇸"
"'2039541938068611375'","4/1/2026 23:14","Reply","en","1414","1253","114","47","0","2","1","@BlakeSNeff It’s fascinating to watch you descend into such an emotional, hysterical state. You’re calling her a ""maniac"" and a ""predator"" because it’s much easier to hurl ad hominem attacks  than it is to address the actual claim.

You expect us to believe that Charlie Kirk—a man who spent his entire career championing traditional values and the importance of mothers being in the home—suddenly decided his wife should take on a grueling, high-travel CEO position for his young children? 

Does that sound like the Charlie Kirk we know, or does that sound like a desperate lie? 

Especially considering the reports that he was seeking a divorce at the time? The math isn’t mathing, Blake.

The truth is, you won’t release the video because the video doesn’t exist. You are bluffing to protect a narrative that is crumbling under the weight of all t=of the egyptian planes you pretend don't exist.

Keep the name-calling; I’ll keep the receipts. If you aren't a coward, release the tape. Otherwise, stay quiet and get exposed. 👋"
"'2045529869702848518'","4/18/2026 11:48","Tweet","en","1402","983","212","45","162","2","0","Iran Just Came Out The Gate SWINGING With An EPIC New Lego Animation MOCKING Erika Kirk And JD Vance.🇮🇷🤣
Massive W for Iran https://t.co/CHG7vpK5im"
"'2042605005769789740'","4/10/2026 10:05","Tweet","en","1389","1018","237","45","89","2","1","🚨SHOCKING: Look At These PHOTOS Of Kash Patel And Spencer Cox From The Day AFTER Charlie Kirk Was Assassinated— Why Are THEY So Happy?😳

Is it just me, or is the energy here COMPLETELY off? 🚩

We’ve all seen the footage from the September 11th briefings. The room is heavy, the stakes are at an all-time high, and the faces in the crowd tell the story:

Dan Bongino: Looking like he’s carrying the weight of the world.

The Crowd: Somber, focused, and visibly shaken.

But Then... LOOK At Patel and Cox.

@triggersmarthq Just examined these photos taken of Utah Governor Spencer Cox and Kash Patel. While everyone else is in a state of deep concentration or grief, these two are caught in multiple frames with huge grins and smirks.

""Everyone else is serious. These two look like they’re at a celebration."" — TriggerSmart

This was supposedly during an active, high-pressure manhunt.

Patel has been linked to Kirk in the past, and it's well known that the both of them were friends. If your friend has just been assassinated brutally in front of the world, would you be ""skipping up happily"" to a press conference?

Before you say it could just be a poorly timed photo, If it were just once, you could say it was a fluke. However there are multiple photos, from different times across that day. That’s a pattern.

What do you see? Is this just a case of ""nervous smiling,"" or is there something being said behind the scenes that we aren't supposed to know?

Since these theories often hinge on how we perceive emotions, do you think people are more likely to trust ""gut feelings"" about photos over official statements these days?

Be sure to FOLLOW @triggersmarthq, watch his FULL video linked below and sound OFF in the comments👇"
"'2042756804761768124'","4/10/2026 20:09","Tweet","en","1377","1146","166","65","0","2","1","🚨BREAKING: Candace Owens Breaks Her Silence And RESPONDS To Trump’s 500-Word Essay—""THE SLAVE COMMANDS THE CROWD""🏦

After President Trump posted a scorched-earth Truth Social essay targeting Candace Owens, Tucker Carlson, Megyn Kelly, Alex Jones, and Marjorie Taylor Greene, Candace just fired back with a ""Gladiator"" monologue for the ages. 🛡️⚔️

She didn't just respond—she issued a warning.

📜 THE BREAKDOWN:
Candace compares the current political landscape to the Roman Coliseum. The ""Wealthy Elites"" (Politicians) are looking down, but they’re starting to panic because the ""Slaves"" (the People/Independent Media) are finally commanding the crowd.

The ""King"" vs. The ""Maestro"": In a gut-wrenching tribute, Candace invokes the memory of Charlie Kirk (7 months after his passing), calling him a ""Maestro"" who knew how to conduct the different ""instruments"" of the movement—Tucker, Alex, Megyn, and herself.

The Jab: Candace didn’t hold back, calling Trump’s decision to attack his strongest allies a ""fool’s errand.""

🎙️ THE MIC-DROP LINE:
""Only a fool or someone under the express direction of one could have thought to hit send on what you published on Truth Social last night.""

⚠️ THE SUBTEXT:
Candace is effectively asking the President: Who is whispering in your ear? She’s suggesting that by attacking the ""orchestra"" of the MAGA movement, Trump is dismantling the very power structure that keeps the ""Empire"" standing.

WHOSE SIDE ARE YOU ON? Is the President right to call out the media figures, or has he officially lost the ""Maestro"" who kept the movement in harmony? 🎻🎺

👇 SOUND OFF. Are we watching the collapse of an Empire?"
"'2042942836652249330'","4/11/2026 8:28","Tweet","en","1374","1101","175","31","67","2","0","🚨EXPOSED: The Spectacular Fall Of THE INTERNET'S BIGGEST SNOWFLAKE @TheQuartering —He Just Got A Smaller Channel NUKED To Hide His Degenerate SCANDALS😱

This situation with The Quartering and Kino Casino is a massive ""mask-off"" moment for the YouTube commentary community. Taking down a channel that provides for an editor’s family—after apologizing and claiming a ""moment of weakness""—is a brutal look, especially for someone who built an empire on ""Free Speech"" and anti-cancel culture rhetoric.

Jeremy Hambly has officially reached the ""DarkSidePhil"" stage of his career. 📉🤮

Bragging about getting Kino Casino banned because they hurt your feelings? That’s not ""Free Speech,"" Jeremy. That’s a Gay Op.

You attack everyone from @AOC  to @RealCandaceO, but you can’t handle a clip channel showing your own drunken admissions? That channel wasn't even owned by them, they made ZERO dollars from it—It was their editor's channel. You took away an editor's livelihood because you're ashamed of the ""Jubal"" situation.

The internet doesn't forget. @TeamYouTube please restore the @kinocasinoclips  and @Andywarski  channels. Don't let a ""God Emperor"" weaponize your TOS to hide his own scandals.

SHAME ON YOU!!!!

Everyone please RT and tag @Teamyoutube and ask them to fix this. 💪💪💪

CC: @PoweroftheTruth"
"'2043145292871319646'","4/11/2026 21:52","Tweet","en","1326","721","169","53","383","3","0","HOW IRONIC: So Trump Says Brigitte Macron Is Prettier Than Candace—Erika Kirk’s ""Eww, Eww, Eww"" Say It All.🤢

Watch Charlie Kirk’s own wife, Erika Kirk, back when she hosted “The Buzz,” absolutely eviscerate Trump for the most unhinged, locker-room trans rant you’ve ever heard.

He’s out here getting pressed by Gloria Allred about a transgender Miss Universe contestant and his classy, presidential response is: “I think Gloria would be very, very impressed with it.”
(Translation: “Wanna see my junk?”)

Ew. EW. The man couldn’t even talk about a trans issue without immediately offering to whip it out.

But yeah… keep telling us how “pretty” Brigitte Macron is, Donald. The same Brigitte the entire internet swears is a man.

Does anyone else see the pattern? It’s almost as if the man has a ""type,"" and that type involves a very confusing trip to the doctor's office.

Irony this thick should come with a warning label.😂

Credit: @Desiree661 FOLLOW Her!"
"'2044302402304491800'","4/15/2026 2:30","Tweet","en","1325","1106","140","30","49","5","5","🆘RECEIPTS ATTACHED: DEBUNKING Blake Neff's Debate LIES—The Real Reason Candace Owens Didn't Fly to Phoenix 🧾✈️

Hey Blake, the ""sincere"" offer you’re bragging about was a hostage situation, not a debate. Let’s look at what actually happened before you try to lecture anyone on ""credibility."" 

You issued a demand for a response within 24 hours. That isn't how professional journalism or safety works. Candace has a family and a team. Demanding someone fly to Phoenix on a whim without a finalized date is a PR stunt, not an invitation.

@RealCandaceO couldn't attend in person that specific Monday because it was her husband’s birthday—a day involving people flying in from overseas. Her husband, who manages the household and her security, shut it down immediately. Unlike Erika’s ""security theater"" in Athens, Candace’s concerns were based on actual, documented coordination.

Your original quote, Blake: ""There will be a live stream here in Phoenix... we would sincerely welcome her participation in that live stream."" * You never explicitly stated it had to be in-person until after she offered to appear via stream.

Why rescind a ""sincere"" offer just because the guest prefers a digital link? Unless, of course, the goal was to ensure she couldn't make it.

Despite an actual, credible assassination plot against her (not a manufactured ""bad ticket sales"" threat), Candace still tried to reschedule. Your team’s response? You acted like ""little girls,"" told her to pound sand, and closed the door on the meeting rescinding the offer. 

Candace made it clear that she was still game and wanted to make it work if you gave her an alternat4e date. She even joked she might be willing to ""beg"" the ""Supreme Court of George Farmer"" to make it work IF you confirmed Erika Kirk was actually going to be there to answer every question under the sun face-to-face.

Stop pretending you’re smarter than the public, Blake. I told you not to make me pull the clips and you should of just deleted your post and heeded that advice little guy.  

The PR machine at Turning Point is trying to rewrite history again, but I brought the receipts. @BlakeSNeff  just took to X to gaslight the public about why the Candace Owens vs. Erika Kirk debate hasn't happened, but his post is a total fabrication."
"'2048777493838979348'","4/27/2026 10:53","Tweet","en","1321","986","211","21","103","3","2","‼️MUST WATCH: Andrew Kolvet Goes FULL Crybaby To Ken Paxton—But Carrie Prejean Boller Shuts Him Down PERMANENTLY 👀

Andrew Kolvet is officially the ""Karen"" of the movement. After Baylor University shut down his attempt to bus in fake crowds for a low-energy event, Kolvet did the unthinkable: he tagged Texas AG Ken Paxton to bully the school. But that didn't go unnoticed....

@CarriePrejean1  completely RATIO'D Andrew Kolvet after his pathetic attempt to get Ken Paxton to retaliate against Baylor. This is the most beautiful thing of beauty you will see all day.

Carrie’s Truth Bombs:
🔥 ""Charlie was TPUSA. The second he was murdered, TPUSA was killed as well."" 

🔥 Taking over the mic is like a backstage staffer trying to replace Michael Jackson. Nobody is buying it. 

🔥 The ""Turning Point 2.0"" brand has the money, but the mission is OVER.

🔥They are playing dress-up in a movement they didn't build while shitting all over Charlie’s legacy. It’s over. 

The ""Turning Point 2.0"" mask is officially off. They’re tagging the Texas AG to bully schools because they can't get students to show up to their ""Epstein-class"" events.

Carrie Prejean Boller just ended the debate: ""What's being sold now is a replica... no soul, no authenticity, and no Charlie."" 
The mission is done. The charade is over. ⚖️🔦

From: @actingliketommy FOLLOW Him and watch his FULL video below 👇🕷️"
"'2041677445149929670'","4/7/2026 20:40","Tweet","en","1317","981","303","33","0","2","2","🚨 PROOF: The World Isn’t Moving On. This HACK Just Changed Everything— Thousands of Patients JUST Became ""Charlie Kirk.""🖥️🕵️‍♂️

If you thought the movement demanding the truth about Charlie Kirk’s assassination was just a localized effort, think again. The entire world is watching, and someone just dropped a massive, undeniable signal.

A major medical platform in New Zealand just suffered a catastrophic cyber hack—and the hackers didn't demand a ransom. Instead, they sent a message.

Here is what just happened:

💻 The ""Charlie Kirk"" Cyber Hack
Hackers breached MediMap, a massive real-time electronic charting system used by the aged care, disability, and hospice sectors across New Zealand.

Once inside, they completely wiped the database and changed the names and dates of birth of the patients to exactly one person: Charlie Kirk. Other patients were systematically labeled as ""dead.""

The establishment media is brushing this off as just a ""random"" cybersecurity breach, but we all know the truth about whats really happened here and they are sending a message that we are all Charlie Kirk and the world is watching.

The hack was so severe that it forced the entire network to completely shut down and revert to inefficient, manual paper charting. It caused such a massive systemic meltdown that New Zealand Prime Minister Christopher Luxon and Deputy PM David Seymour had to issue public statements freaking out about their national cyber security laws.

👁️ The Real Takeaway
Hackers could have changed those names to literally anything. They could have used the hack for financial extortion. But they didn't. They used a massive international database breach to flash Charlie Kirk's name across government and medical screens in a completely different hemisphere.

This wasn't just a hack; it was a digital monument. It's a glaring reminder to the establishment, to TPUSA, and to the people who covered up his death: You cannot erase him. The world knows what you did, and the ghosts are in the machine.

What do you guys think? Is this a white-hat hacker group sending a signal, or just absolute digital chaos? Let me know in the comments. 👇"
"'2049502196320931882'","4/29/2026 10:52","Tweet","en","1308","862","274","102","70","3","1","‼️BREAKING: White House's New BALLROOM To Be Named After Charlie Kirk 👀

If you want to see how a professional Psyop works, just watch this clip. 

The coordination between Turning Point and the Trump administration has reached a new level of ""sick."" They are now claiming they’ll name the White House Correspondents' Dinner ballroom after Charlie Kirk. Why? Because it’s the ultimate shield. They are using the ghost of Charlie to push their narrative—framing it so that if you’re against this ""ballroom"" charade, you ""hate Charlie.""

It’s a disgusting manipulation of a legacy they already destroyed.

Look at Jack Posobiec on Fox News. We’ve already exposed his background at Fort Huachuca. He isn’t just a ""commentator""—he’s a military intelligence operative.

Remember how many times Posobiec posted, ""I saw a leftist murder my friend Charlie Kirk and celebrate it,"" right after Charlie died? He’s been one of the biggest bullshitters pushing this state-sponsored narrative on us from day one.

The New Mission: Now, he’s back to push this latest Psyop for the Trump administration, acting like naming a room after Charlie is a ""victory for the First Amendment.""

This isn't about honor; it’s about control. They are using Charlie’s name to justify a partisan takeover of public spaces and security functions. It’s Fedslop 101, and they expect you to swallow it whole.

Don't fall for the propaganda. We see the strings, and we see the operatives pulling them. 🕵️‍♂️⚖️"
"'2043657864917528615'","4/13/2026 7:49","Tweet","en","1279","766","494","19","0","0","3","THEY SOLD OUR CHILDREN FOR CASH—THEN THE GOVERNMENT LET THEM WALK. ⚖️💔

This isn't just a ""scandal."" It was a human rights atrocity fueled by pure, unadulterated greed.

For years, Judges Michael Conahan and Mark Ciavarella operated a ""Kids for Cash"" pipeline. They accepted $2.8 million in kickbacks to shut down public facilities and funnel thousands of children into private, for-profit prisons.

We are talking about children whose lives were shattered for the sake of a judge’s yacht and luxury condo.

A 10-year-old girl was shackled and hauled off to a detention center for ""trespassing"" in a vacant building.

A 14-year-old boy was locked away for months because of a sarcastic post about an assistant principal on MySpace.

Edward Kenzakoski, a star wrestler, was sent away for a minor offense. The trauma was so deep he never recovered; he died by suicide at age 23. His mother, Sandy, had to watch the judge who broke her son walk free.

THE ARROGANCE:
Listen to Matt Cox in this clip. He was locked up with Conahan at FCI Coleman. He describes a man who was still ""disgusted"" to even speak to others—a man who showed zero remorse while the kids he sentenced to 18 months for ""breaking a window"" were rotting in cells.

THE BETRAYAL:
Conahan was sentenced to nearly 20 years. He should still be behind bars. Instead, he got to go home early for ""COVID safety,"" and this past December, Joe Biden used his autopen to officially commute the rest of his sentence.
While these judges enjoy their ""golden years"" at home, thousands of Pennsylvania families are still living with the trauma, the suicides, and the stolen childhoods.

LEFT OR RIGHT—THEY DON'T CARE ABOUT YOUR KIDS. 🏛️⚖️
Corruption is a bipartisan sport, and our children are the currency. It’s time to stop picking sides and start demanding accountability for the predators in robes.

FOLLOW @MatthewCoxITC  And watch his FULL episode linked below! 👇"
"'2040678059070673005'","4/5/2026 2:28","Tweet","en","1268","903","235","101","29","3","1","🚨THE NERVE OF ERIKA KIRK: Dead SILENCE On Her Husband's Investigation, But Vocal In Pushing ""PRO-WAR"" Propaganda —That Was AGAINST Everything Charlie Stood For😤🛑

If you want to know what a total betrayal of a man’s life looks like, look no further than Erika Kirk who has been systematically dismantling every single pillar Charlie Kirk built his life upon.

On the early hours of Easter Sunday, while most of us were preparing to celebrate the Resurrection, Erika Kirk was on X pushing blatant pro-war propaganda. 

Let’s be very clear: Charlie Kirk was verifiably anti-war. He fought the military-industrial complex and the neocons at every turn. Yet here is his widow, gaslighting the American public by pretending that warmongering is somehow ""what Charlie would have wanted.""
It is a lie. 🛑

@MrsErikaKirk, you have ""some nerve."" You can’t find the time to answer a single legitimate investigative question regarding the circumstances of your husband’s death at UVU, but you have plenty of time to come on X and shill for a war that Charlie would have protested in the streets?

GTFOH. You want to lecture the movement? You want to tell people who are actually holding the line to stay in their lane? I think it’s time to turn the tide.

 Take your own advice, Erika. JUST. STOP. ✋🔥

You are destroying a legacy for the sake of money and fame, and those of us who actually respected Charlie aren't going to sit back and watch you do it."
"'2039117781791064066'","3/31/2026 19:08","Tweet","en","1251","945","290","16","0","7","4","🚨 BOMBSHELL: Candace Owens Just Revealed That According To New Filing —The State Has No Physical Proof The Gun Recovered Was Actually Fired😱

""If the gun does not fit, you must quit.""

Tonight, Candace Owens took a sledgehammer to the official deep state narrative surrounding the assassination of Charlie Kirk. By taking us back to the very beginning and tracking the timeline hour by hour, she exposed exactly how TPUSA, Erika Kirk, and federal operatives repeatedly changed their story as their ""lone gunman"" plot fell apart in real-time.

Here is the step-by-step breakdown of the greatest cover-up in modern history:

Exactly four minutes after Charlie was carried to an SUV, Terrell Farnsworth—the TPUSA AV director—raced to the crime scene. He didn't secure the expensive camera equipment. He stepped onto the bloody chair Charlie was shot in and specifically removed a $15 SD card from the camera positioned directly behind Charlie's head.

They claimed he was acting ""heroically"" to protect the footage. But Candace discovered the truth: when she finally forced Terrell to FaceTime her the footage days later, it revealed the ultimate state secret. There was no exit wound, and not a drop of blood on Charlie's back.

On September 19th, Candace went public with the fact that the bullet didn't go through. This caused a massive internal panic. The very next day, TPUSA operatives and the FBI were aggressively calling Candace’s husband, George.

What was their urgent concern on the day of Charlie's private burial? They were terrified and desperate to know if Candace had screen-recorded that FaceTime call. They knew that if the public saw there was no exit wound, their official "".30-06 high-velocity sniper"" narrative was completely destroyed.

Because Candace blew up their narrative, Erika Kirk and Andrew Kolvet scrambled. During Charlie's actual funeral, they peeled off to conference with the trauma surgeon to curate a PR spin.

Story 1⃣: Kolvet tweeted that Charlie was a ""Man of Steel"" whose bones miraculously stopped the bullet, explicitly claiming the coroner found the intact bullet just beneath the skin.

Story 2⃣: Three days later, the story magically changed. Kolvet told Candace the bullet actually traveled down the spine and ""shattered"" in the thorax.

Why the pivot? Because Tyler Robinson’s family publicly revealed that his ""family heirloom"" rifle takes special bullets. The Feds instantly realized they could never forensically match an intact bullet to that specific gun. The intact bullet vanished, and it suddenly became ""inconclusive fragments.""

The media is aggressively ignoring the biggest hole in this entire case: The ATF and the Feds cannot even prove the rifle found at the scene was fired that day.

Where is the GSR test? There is zero evidence Tyler Robinson had Gunshot Residue on his hands.

The K9 Failure: Trained bomb and gun-sniffing dogs swept the exact field where the gun was allegedly found immediately after the shooting—and found nothing. It is biologically impossible for a K9 to miss a recently fired rifle sitting in the grass.

The DNA Spin: The media screams that Tyler’s DNA was on the gun. What they hide is that there were SIX different sets of prints on that weapon.

Of course Tyler's prints were on his own gun. The real question the Feds are covering up is: Who took Tyler's unfired gun and planted it in that field to frame him?

From JFK, to MLK, to CJK. The federal accomplices are losing control of the narrative. Read the court filings. Share the truth. The entire timeline is a manufactured lie to protect the real assassins. 🇺🇸📢

FOLLOW @RealCandaceO, RT and watch her FULL podcast below. 👇"
"'2045527282274443516'","4/18/2026 11:38","Reply","en","1239","1207","19","13","0","2","0","@LauraLoomer no you should be. dog food eater."
"'2044549247916265922'","4/15/2026 18:51","Tweet","en","1239","967","251","21","0","6","2","🆘MUST WATCH: Candace Owens REFUSES  to Be Lectured by the Vice President—She Just CLAPPED Back After His MASSIVE Gaslighting Last NIght With Kolvet! 🔥

The gloves are officially off. Candace Owens just lit up Vice President J.D. Vance, and she is refusing to be lectured by the ""balcony elites"" who think the American public is too ""common"" to spot a lie.

Candace just responded to Vance’s defensive performance in Athens, Georgia, where he told the public to ""mind their own business"" regarding Erika Kirk. Here is the breakdown of why his lecture failed the ""Common Sense"" test.

""Please do not lecture us, J.D. Our friends aren't in the Epstein files."" — Candace Owens 

Vance claimed that criticizing Erika Kirk is the ""most preposterous thing"" he’s seen in public life. Candace has a few items that might rank a little higher for the rest of us:

150 Iranian schoolgirls killed in a school bombing—and the subsequent cover-up.

Gas prices are through the roof while the administration focuses on opening the Strait of Hormuz (which was already open).

The President recently claiming Jesus was a ""Red Cross doctor"" and attacking the Pope for calling for peace. 🕊️🚫

The Epstein Files—Still no accountability, yet criticizing a non-profit CEO is the top priority?

The ""New CEO"" Reality: Candace isn't just ""attacking a widow."" She is criticizing the new CEO and Chairman of TPUSA—a massive organization with millions in funding.

""This is a position she did not earn. Nothing she has done warrants her being in that position.""The elite ""balcony approach""—where Erika can call the Vice President or get Secretary Scott Bessent to issue letters to stop financial investigations—is exactly why the public is revolting. 

Candace identifies the core of the issue: The establishment looks down on the crowd like animals, while the ""commoners"" (the majority) have correctly identified the nature of Erika Kirk.

We are still waiting for a story about September 10th that makes sense. We want a timeline that doesn't involve ""magical bullets"" or 90-page ""Jane Austen"" style confessions from a high-schooler.

The 911 Failure: Why did TPUSA employees rush to remove cameras within minutes of Charlie’s death instead of calling for help? 

The Advice for the VP: If you want to transform hearts and minds about Erika, stop lecturing us from the balcony. String together a coherent story that doesn't treat the public like toddlers. We have had our fill of ""Fed Slop.""

Is it ""disgraceful"" to ask for the truth, or is it disgraceful to hide behind a veil of grief to protect a deep-state infiltration?

FOLLOW @RealCandaceO, RT and watch her FULL episode linked below."
"'2049990344268214578'","4/30/2026 19:12","Tweet","en","1234","898","153","76","107","7","3","‼️EXPOSED: Mikey McCoy Was The MOLE—Candace Just Dropped The Ultimate TPUSA BOMBSHELL! 💣👀

Candace Owens just flipped the script on Andrew Kolvet and Erica Kirk in a way no one saw coming. After being attacked from every angle on her birthday, Candace decided to ""sentence them to more truth""—and this one is a career-ender.

The ""Mole"" Revealed:Candace just confirmed that her suspicion of a Turning Point USA cover-up didn't come out of thin air. It came from INSIDE the house.
""Part of the reason why I suspected Turning Point USA... is because someone at Turning Point USA got a message out to me. It was Mikey McCoy.""

According to Candace, Mikey McCoy reached out via a third party with a specific warning: ""Look further into Andrew Kolvet."" The Fallout:

Betrayal in the Inner Circle: Mikey McCoy, a staple of the TPUSA team, allegedly flagged his own colleague to Candace.

The CEO Mystery: Candace is doubling down on the ""Man of Steel"" statement, demanding Erica release the video of Charlie naming her CEO. If it exists, why is everyone suddenly ""shy""?

The ""Conspiracy"" Charge: Candace clarifies she doesn't believe Erica killed Charlie, but she does believe the documented lies rise to the level of a criminal conspiracy.

Candace isn't just asking questions anymore; she's revealing the sources that started the fire. Andrew Kolvet, the ball is in your court. How do you explain your own team pointing the finger at you? ☕️🍿

Is Mikey McCoy the key to the entire investigation? Let us know your theories in the comments! 

FOLLOW @RealCandaceO, RT and watch her full EPISODE linked below.👇"
"'2046675428719644945'","4/21/2026 15:40","Tweet","en","1234","762","216","30","226","2","0","😱 BRAND NEW: Forensic Audio Proves Tyler Robinson Could NOT Have Taken The Shot 👀 

Let’s get one thing straight right out of the gate. Regardless of what theory you personally believe about that day, the official FBI narrative just completely collapsed. The forensic audio data mathematically proves that a gunshot could NOT have physically come from the roof of the Losee building. Full stop.

I am still 100% on board with the physical evidence showing Charlie Kirk was killed by a localized explosive (the microphone receiver on his belt). However, the audio data undeniably confirms there was a supersonic gunshot fired over the crowd.

Why? Because it was a highly coordinated distraction. The shot was fired—likely by a drone—to mask the sound of the explosion, simulate a sniper attack, and perfectly frame their chosen patsy.

This new video breakdown from Zeb Boykin and audio-freq confirms exactly what @WeAreNotGTM and I have been tracking from the beginning.

The Breakthrough Summary:
Using six separate methods of forensic audio triangulation—including Time Difference of Arrival (TDOA) and environmental reflection mapping across multiple stereo recordings—Matthew mapped the exact trajectory of the supersonic shockwave.

When you map the environmental reflections and the crack-to-thump timing, the acoustic data shows zero convergence with the Losee building (where they claim Tyler was). Instead, the audio data perfectly and irrefutably converges on one exact location: The corner of the BA Building.

They are hiding the weapon at Quantico and withholding the raw data because the basic laws of physics and acoustics shatter their script. Tyler Robinson is being framed for a shot that could not have come from his alleged location.

FOLLOW @ZebBoykinHQ and Watch the FULL video linked below and share this before it gets buried. 👇"
"'2041452655097024996'","4/7/2026 5:46","Reply","en","1217","923","220","74","0","3","0","🚨 CALVARY CONFESSIONS PART 3: The ""Handler's Confession"" (The Neck Moves the Head)

We have been warning you that the ""New"" TPUSA is a compromised operation and that Erika Kirk was never just a wife—she was the handler.

In this newly uncovered audio, she literally says the quiet part out loud to a room full of people.

Listen to her exact words: ""The man is the head, but the woman is the neck, and the neck can make the head move whatever way she wants.""

But watch her body language and listen to what happens next. The second she realizes what she just admitted, she panics. She immediately gets defensive and stammers, ""It's not meant to be manipulative...""

This is the exact moment the mask slips. It is terrible acting meant to cover her tracks. She isn't describing a biblical marriage; she is describing an intelligence operation. She was pulling the strings the entire time.

Watch the tape. The illusion is unraveling. 🧵👇"
"'2049024537384059063'","4/28/2026 3:14","Tweet","en","1210","830","170","45","165","3","1","😱You Won’t Believe What Jesse Caught In The Background Of The WHCD Video Of Erika Kirk Ugly Fake Crying 👀

Everyone saw Erika Kiek ""fake crying"" at the White House Correspondents' Dinner, but we ALL missed the most savage moment of the night... until now. 

While Erika is caught on camera saying ""I just wanna go home,"" there is a hero in the background who absolutely ROASTS her. I had to listen to this three times to catch it, but once you hear it, you can’t unhear it! 🤣

""WHY SO SAD?"" 💥🧨

Watch the clip, listen closely, and wait for the background audio. It is pure gold. This guy is officially a legend!

Be sure to FOLLOW my bro @realjesseonfire 

 Did you hear it on the first try? 👇"
"'2042543464882061485'","4/10/2026 6:01","Tweet","en","1176","677","156","88","255","6","2","🚨 EXCLUSIVE: The New TPUSA Is Everything Charlie Kirk Fought AGAINST— Full Video Of The STANDOFF At TPUSA HQ That No One Was Supposed To See🤯

Many of you have asked for it, so here it is.  Here is the FULL video from @ZeeToTheHill where she and her @unfamericatour took the fight straight to the front doors of the Turning Point USA National Headquarters in Phoenix to find out why they are trying to silence free speech on the Arizona State campus—the very thing Charlie Kirk fought for.

What started as a standoff with security turned into an explosive, unscripted confrontation with the ""Inner Circle"" itself. Blake Neff, Jack Posobiec, and Andrew Kolvet actually came out to the sidewalk to face them.

🧊 THE HIGHLIGHTS THEY DON’T WANT YOU TO SEE:
The ""Appointment"" Wall: Security tried to tell them that even if they showed up with $5,000 cash to donate, they wouldn’t be allowed in to ask where the money goes without an ""online appointment."" The headquarters has become a fortress.

The ASU Mystery: They pressed Blake Neff on why they their event at ASU was mysteriously canceled. He claimed Erika Kirk ""has no idea"" why it happened, despite her publicly attacking their organization just days prior.

The Double Standard: When the topic shifted to debating liberal streamer Destiny (@TheOmniLiberal), the TPUSA team tried to pivot, claiming they couldn't engage with someone who ""justifies violence."" They fired back immediately, correcting the record that Destiny never condoned violence—and then they dropped the hammer: How can TPUSA unconditionally support Donald Trump while he’s out attacking Gold Star families and celebrating the death of Robert Mueller, yet claim there’s ""no room"" for civil discourse with them? The hypocrisy was deafening.

The Hostile Takeover: Zee and her crew looked them in the eye and told them—this isn't the TPUSA Charlie built. It’s been hijacked by a leadership that is more interested in protecting their image than protecting the First Amendment.

🧩 THE ""WE ARE CHARLIE KIRK"" REVELATION
In a moment of pure sacrilege to them, Zee's crew revealed their branded shirts and lighter: ""WE ARE CHARLIE KIRK."" Jack Posobiec called it ""sacrilege,"" but they made it clear—they are the ones carrying the flame of actual civil discourse. They weren't there to be ""polite"" to a machine that silences free speech and does everything they can to shut down counter-protest.

TPUSA does not represent America First anymore. They represent the War Machine.  They claim to honor Charlie's legacy of open discourse, but the absolute second someone challenges them, they try to use their connections to get their event cancelled.  

FOLLOW: @ZeeToTheHill and the @unfamericatour for updates as they are planning a massive lawsuit against ASU and potentially TPUSA if they find proof they were involved.

Watch the full video. Decide for yourself. Who is actually standing up for Charlie’s legacy, and who is just protecting the payroll? 👇"
"'2043826272711635007'","4/13/2026 18:58","Tweet","en","1117","846","172","27","72","5","3","🚨 BREAKING: The TPUSA ""SUCCESSION"" Audio Is A TOTAL Fraud.

Candace Owens just dropped a nuclear update on the Charlie Kirk investigation. Multiple donors who were physically present at the Aspen Summit have come forward to confirm: The audio of Charlie Kirk appointing Erika Kirk as his successor is COMPLETELY FAKE.
This confirms the ""Charlie GPT"" theory we’ve been tracking at Project Constitution—this isn't just internal drama; it’s a high-level information operation.
The Bombshell Evidence:
•Donor Testimony: Attendees at the Aspen event say Charlie never uttered those words. They are ""stunned"" by the fabrication.
•The Video Gap: TPUSA refuses to release the video of this moment, only a suspiciously formal audio clip.
•The ""Charlie GPT"" Plot: Evidence suggests a plot to use AI to manufacture Charlie's ""dying wish"" and install Erika as CEO.
If they used AI to hijack the organization’s future, we are looking at a level of evil that is hard to comprehend. The narrative is crumbling, and the truth is coming out.
TPUSA: RELEASE THE VIDEO. 🕵️‍♂️🏛️

FOLLOW @RealCandaceO, RT and watch her full episode linked below 👇"
"'2046365248416887156'","4/20/2026 19:07","Tweet","en","1110","757","124","12","217","7","4","😱A RIGGED SHOW TRIAL TO EXECUTE AN INNOCENT PATSY:  Candace Owens Just NUKED The Prosecution & Erika Kirk! 👀

If you want to know what a coordinated legal cover-up looks like, look no further than the Tyler Robinson case. Tonight, Candace Owens just exposed the sick, twisted game being played by the prosecution, Erika Kirk, and the paid media shills trying to send a 22-year-old kid to the gallows.

Candace just laid out the sheer administrative panic happening behind the scenes.

Here is the playbook they are using right now:

⚖️ THE ""SPEEDY"" SHOW TRIAL: It is practically unheard of for the victim (Erika Kirk) and the prosecution to fight against standard legal continuances. But Erika invoked a Utah state code demanding a ""speedy trial."" Why? Because they do NOT want the defense to have time to review the evidence. 

They want a televised ""Show Trial of the Century"" right now, where they can wave unverified text messages and stock photos of guns in front of cameras, knowing the defense has been blocked from actually examining the phone or the weapon hidden at Quantico.

💰 THE PAID SHILLS: How do you sell a fake narrative to the public? You buy the ""commentariat."" Candace called out the influencers who are cashing $5K and $7K checks to sit online and hysterically claim the evidence against Tyler is ""overwhelming."" They are literally being paid to lie and build public consensus to execute an increasingly plausibly innocent young man.

The karmic debt these influencers are racking up by sending an innocent kid to death row for a paycheck is staggering.

This isn't about justice; it's about narrative control. We are officially in the final stage of the Turning Point ""Eras Tour."" As Candace flawlessly put it: First it was the free-market era, then it was the shady pastor era... and now? We are squarely in the ""Lying A Lot"" Era.

They don't have a case. They have a script. And we are going to keep tearing it apart.

FOLLOW @RealCandaceO, RT and watch her FULL episode linked below. 👇"
"'2040462885999030494'","4/4/2026 12:13","Tweet","en","1102","718","188","24","172","2","1","🚨BOMBSHELL: Chilling New Timestamped UVU Video Captures MYSTERIOUS Cessna Circling Right Above UVU Right After CHARLIE Was Assassinated✈️😱

Newly timestamped footage of the TPUSA event at Utah Valley University has just surfaced, and the precision of the new time-markers is raising massive questions about the overhead activity during the incident.

While we’ve all seen the clips from that day, these frame-by-frame timestamps provide a level of synchronization we haven't had until now.

At approximately 12:52:14 PM in the new footage—just as the campus was in full lockdown following the shooting of Charlie Kirk—a plane is clearly visible in the frame. We’ve pulled the flight radar data to see exactly who was in the air at that second:

Aircraft Type: Cessna 172S Skyhawk

Registration/Tail Number: N615EV

Flight Origin: Provo Municipal Airport (PVU)

Take-off Time: 12:38 PM MDT

Landing Time: 1:24 PM MDT (Returned to PVU)

Flight Path: This aircraft was performing ""patterns"" and maneuvers directly over the Orem/UVU corridor during the height of the police response.

According to the logs, this was a training flight. However, investigators are now cross-referencing the 12:52 timestamp in the footage with the plane's exact altitude and position.

Was it a coincidence that a student pilot was circling the exact coordinate of the Losee Center rooftop as the manhunt began? Or does the newly released footage show something else in the background that we missed before the timestamps were added?

Go to the 03:36 mark on the new video. Look at sky. What do you see?

The truth is in the timing. 🕰️🔥

From : @troofevades FOLLOW Her!"
"'2044332410184122563'","4/15/2026 4:30","Reply","qme","1090","1007","58","25","0","2","0","@MrsErikaKirk @universityofga @JDVance https://t.co/ZX6a5NGWEG"
"'2038789650957914454'","3/30/2026 21:25","Tweet","en","1060","692","220","63","85","2","3","🚨 BOMBSHELL: New Court Documents  In Tyler Robinson Trial PROVE The Fragment Recovered From Charlie's Neck DOESN'T MATCH. The Rifle Record At The Scene—The Narrative Just COLLAPSED😱

A bombshell new forensic court filing has just dropped in the Tyler Robinson case, and it completely obliterates the establishment's ""lone gunman"" timeline. The official ballistics do NOT match the gun found at the scene.

According to the newly released court motion, the ATF’s forensic testing on the bullet jacket fragments recovered from Charlie Kirk’s neck during the autopsy came back inconclusive. They could not link the fragments to the rifle they desperately want to pin on Tyler Robinson. The defense is officially preparing to use the ATF's own firearm analysis as exculpatory evidence.

Remember how the local police and the K9 units scoured the area and found absolutely nothing, only for the FBI to swoop in later and magically point to the exact spot the gun was hiding? Tyler's own grandmother has publicly stated he didn't even own a gun. Now, this same court filing reveals that multiple different DNA profiles were found on the evidence, including the rifle. It is the definition of a planted weapon.

Here is the reality they are terrified to admit: The fragments found in Charlie's neck don't match the rifle because they aren't from a conventional sniper bullet at all. They are fragments from the device exploding. That is why there was no exit wound, and that is exactly why the ATF's toolmark analysis failed.

The state is trying to stall by drowning the defense in 20,000 electronic files and audio recordings, but the truth is already out. Tyler Robinson is a patsy, the crime scene was deeply compromised by the Feds, and the real assassins are still being protected.

Share this everywhere. The cover-up is unraveling in real-time. 💪🇺🇸

Article from: @DailyMail"
"'2044187734949146637'","4/14/2026 18:55","Tweet","en","1058","873","168","17","0","6","2","🆘 EXPOSED: Candace Owens Exposes the New Child Trafficking Pastor in Turning Point Faith—Plus It's A Battle Bun day So You Know She Means War! 😱

Watch out—Candace is on the warpath. Today is a Battle Bun day, and she is taking no prisoners as she peels back yet another layer of the dark circles surrounding Erika Kirk. 👱‍♀️⚔️

Candace just dropped a bombshell on her podcast, asking the question we’ve all been thinking: How is it statistically possible that everyone Erika Kirk brings into the TPUSA / Turning Point Faith fold has a connection to the ""trafficking rescue"" industry but she does NOT?

These figures always claim to be the ""saviors,"" but the patterns are becoming ""increasingly problematic.""

Candace has unearthed a story involving another pastor—someone Erika is ""very close with""—and the details are set to leave your jaw on the floor.

""Life is Not That Complicated""In a direct shot at Erika’s public persona, Candace didn't hold back:

""Erika just cannot keep dancing adjacent to allegations of trafficking her entire life... especially for someone who constantly discusses her deep relationship with the Lord.""

If Erika is the bridge between these high-level pastors and the political movement, what does that say about the ""Faith"" arm of the organization? Is it a mission for Christ, or is it a cover for an industry that thrives on the very darkness it claims to fight?

Candace is right—the ""coincidences"" have officially run out. From Romania to Scottsdale to these TPUSA-affiliated pastors, the common denominator is always the same.

👇 WATCH THE CLIP. Is this the final ""Turning Point"" for Erika Kirk? Comment below if you have info on the pastor Candace is referencing!

FOLLOW @RealCandaceO, RT and watch her FULL podcast below. 👇"
"'2041185815733153940'","4/6/2026 12:06","Tweet","en","1043","743","285","15","0","4","2","So what's up @FBIDDBongino you gonna address this or what? 
I find it very telling that i exposed this last Friday and nothing but crickets from you. 

Were you colluding with TPUSA to cover up for the real murderers of Charlie Kirk and frame Tyler Robinson?

Big time conflict of interest if you ask me."
"'2046378567055929853'","4/20/2026 20:00","Tweet","en","1041","775","139","30","97","5","2","🤔WHO HAS HIJACKED TRUMP'S ACCOUNT? Candace Owens Exposes the Dark Reality Behind the Weekend Meltdowns 👀

If you saw the unhinged rants coming from Donald Trump’s accounts this weekend, you aren't alone in thinking something is deeply wrong. From Air Force One, Trump reportedly launched an attack on the biggest independent voices in the movement—calling Candace Owens, Tucker Carlson, and Megyn Kelly ""fake MAGA"" and claiming they are ""dying fast.""

But on her podcast tonight, Candace dropped a massive reality check, and it changes how we have to look at the current administration.

The Bombshell: ""He's definitely not writing these... this is not how he speaks.""

So, if the President of the United States isn't the one drafting these multi-paragraph, rage-fueled posts against his own former allies... who has access to the feed? 

🕵️‍♀️ Follow the Breadcrumbs: Candace points directly to the catastrophic shift in Trump's inner circle. The sane, rational advisors are gone. In their place? People like Laura Loomer, who now openly boasts that she is his ""number one advisor"" and speaks to him daily.

Is Looney @LauraLoomer the shadow-writer behind these posts? As Candace brilliantly pointed out: You eventually become the people you spend the most time with. If Trump is acting completely off the rails, it's because the people steering the ship right now are completely derailed.

We used to look across the aisle and think the corruption and gaslighting was strictly a Democrat problem. Now, we are waking up to the reality that the establishment rot comes from both sides. The ""America First"" movement is being hijacked from the inside by deranged grifters, and they are using Trump's own megaphone to attack anyone who tells the truth.

What do you think? Is Laura Loomer pulling the strings, or has Trump just lost the plot entirely? Let us know.

FOLLOW @RealCandaceO, RT and watch her FULL episode linked below. 👇"
"'2047846586777006524'","4/24/2026 21:14","Reply","en","1030","986","29","15","0","2","0","@NihiloX @realDonaldTrump he is a disgusting POS. so is loomer"
"'2046056076257251571'","4/19/2026 22:39","Tweet","en","1017","956","42","19","0","2","0","Keep it up Larry, i got plenty more Ammo to expose. 
Fun times... Fun Times Indeed!🤣🤣🤣
@LauraLoomer"
"'2048998693752185102'","4/28/2026 1:32","Tweet","en","990","758","136","80","16","2","1","Andrew Kolvet and Blake Neff are out here shaming anyone who questions Erika’s reaction as “disgusting” and “brain cooked”…
Meanwhile, no way her boo hoo fake crying and the perfectly timed “I just wanna go home” line just happened to hit the exact second the camera was on her.

Then the entire group started instantly all parroting the exact same script. Coordinated posts flooding in about “Trump needs his ballroom” and “pray for Erika.”
This isn’t organic. This is textbook, coordinated gaslighting.

When every piece lines up this neatly for the narrative, you’re not crazy for noticing. You’re just paying attention. 👀"
"'2043738116565963262'","4/13/2026 13:08","Tweet","en","989","675","299","15","0","2","0","🆘THE PSY-OP ARCHITECTS: The Frantzve Family’s Behavioral Engineered Roots —The Disturbing Link Between Dr Jerri Frantzve's Research And Erika Kirk's Rise!🔍🧠

If you thought Lori Frantzve’s alleged NSA links were deep, wait until you see the academic framework behind the bloodline. 🧬

A newly uncovered 1991 research paper, ""Integrity Tests: An Overview,"" co-authored by Dr. Jerri L. Frantzve, proves that the family’s expertise in psychological manipulation and ""vetting"" goes back decades. This isn't just a family of defense contractors; it's a family of behavioral architects who literally wrote the book on how to analyze and ""vouch"" for a person's character.

🕵️‍♂️ The ""Integrity"" Framework
Dr. Jerri Frantzve’s work focused on the science of screening and analyzing honesty and reliability in individuals. In the world of intelligence, this is exactly the kind of expertise needed to ""build"" an asset.

They understand the psychological triggers of ""honesty.""

They know how to create a persona that can pass any vetting process.

They have the academic tools to construct a ""legend"" that looks beyond reproach.

🏫 The Tesseract Connection
The investigation into Erika Kirk’s past reveals that Dr. Jerri Frantzve was a key figure at the Tesseract School—the elite private institution Erika attended.

The Allegation: I am alleging that this school served as more than just an educational institution; it was a testing ground where behavioral experts could shape and ""engineer"" future leaders under the guise of gifted education.

The Goal: By integrating these behavioral tactics early on, the Frantzve family could ensure that Erika’s eventually ""chance"" meeting with Charlie Kirk would be seen as organic and ""providential,"" rather than the calculated operation it appears to be.

🎭 Building the ""Legend""
When you combine a mother (Lori) listed in NSA ""DOX"" files with an aunt (Jerri) who specialized in behavioral integrity, the public image of Erika Kirk begins to look like a finished intelligence product.

The Engineered Persona: I believe they didn't just raise a daughter; they engineered a persona designed to target and infiltrate the MAGA movement.

The Calculated Lie: The ""single mother"" struggle story was a strategic narrative used to gain trust, while the reality involved a well-connected family with deep roots in psychological vetting and defense contracting.

""This family doesn't have a history; they have a series of psychological operations.""

This 1991 paper is the receipt. It proves they’ve had the psychological tools to manipulate ""integrity"" for over 30 years. Erika Kirk isn't just a widow; she is the result of a multi-generational Frantzve project.

Is she a grieving wife, or the most successful behavioral experiment in political history? The truth is in the psychology. 👇"
"'2041520647919075563'","4/7/2026 10:17","Tweet","en","982","656","251","34","41","6","2","🚨 EXPOSED: Laura Loomer Issues Deranged Threats Against Tucker Carlson – Same Playbook That Got Charlie Kirk Assassinated 😳

Larry Loomer  aka @LauraLoomer  just posted this unhinged rant (screenshot attached):
“Tucker and everyone who still hangs out with him are so fucked. They have no idea what’s coming their way politically… They have really messed with some of the wrong people, and they aren’t going to get away with their insane behavior. Everything will come out.”

This is the exact same tone of threats Charlie Kirk was receiving from TPUSA’s Zionist donors right before they had him assassinated.

Not a good look, Larry.
If anything happens to @TuckerCarlson, @RealCandaceO, @megynkelly, or anyone in their circle — we know exactly who to point the finger at.

Everyone knows Loomer is mentally unstable. This is the same woman who handcuffed herself to the front of Twitter headquarters in a full meltdown when she got banned… and who’s had multiple 5150 psychiatric holds placed on her.

She’s psychotic — and now she’s openly threatening conservative voices who dare step out of line.

This isn’t “political commentary.” This is a warning shot.
Share this everywhere before the gaslighting begins. We see you, Larry. 🇺🇸⚠️"
"'2045969562441506950'","4/19/2026 16:55","Tweet","en","970","789","80","89","12","2","0","Hey @LauraLoomer, Whats Up With Your Fiance Andrew Simpson?

Why Are You Trying to Hide Him? https://t.co/QwpsXPITWj"
"'2046717725855174782'","4/21/2026 18:28","Tweet","en","967","696","169","19","83","5","3","😱SHOCKING: Candace Owens Just Revealed The FaceTime Video She Was Shown Of The FOOTAGE Behind Charlie Was Likely EDITED 👀

 Candace Owens has revealed new FaceTime evidence involving Terrell Farnsworth that suggests the ""back camera"" footage—the footage Terrell raced to take down just 4 minutes after Charlie was struck—was likely deliberately edited or cropped before it was shown to her.

1. The ""Cropped"" Footage at UVU 📹
@misfitnici  discovered a disturbing pattern. Throughout the 2025 American Comeback Tour (Florida State, USC, Boise State, etc.), the camera behind Charlie’s head was always a wide-angle shot that showed the ground.

The UVU Footage: In the version Terrell showed Candace, the ground is completely cut out.

The Implication: Either they changed the camera settings specifically for that day, or Terrell manually zoomed in later to hide what was happening on the floor around Charlie’s feet.

2. The Missing SD Card 💾
Candace reveals that during their FaceTime on September 19th, she saw Terrell opening a file labeled ""YOLO Drive"" on his desktop in Scottsdale, Arizona.

The Red Flag: Why did Terrell have the SD card in his possession two days after the incident?

The Federal Question: If the feds were on the scene ""too quickly,"" why didn’t they confiscate the most vital piece of video evidence immediately? Terrell claims he took the camera down to ""protect Erica,"" but he never mentioned giving the footage to authorities.

3. ""Boiling the Frog"": The New Setup 🏗️
For years (2017–2024), Charlie tabled on flat ground with no rear cameras. Suddenly, in 2025, the setup changed:

The Platform: Charlie (who was 6'5"") was placed on a new platform, sitting in a chair above the table.

The Rear Camera: A brand-new camera angle was added directly behind his head—an angle Candace says serves no logical purpose for a Q&A.

The Timeline: This ""strange and new"" setup appeared to arrive alongside the major Wi-Fi sponsorship deal.

The Big Question ⚖️
What was on the ground at UVU that was worth hiding? Candace is calling on Tyler Robinson’s defense team to demand the un-cropped, full-frame footage from Turning Point. If the camera captured the aftermath and the movements of security guards, it may hold the key to identifying the true assassins.

""It has to be something that would solve Charlie's murder. That's my position and I'm gonna stick to that."" — Candace Owens

FOLLOW @RealCandaceO, RT and watch her FULL episode linked below. 👇"
"'2047242380584042952'","4/23/2026 5:13","Tweet","en","954","700","135","105","14","2","0","You Killed Your Husband (in my opinion) But ""Count it all Joy"" Right @MrsErikaKirk ?"
"'2044226772904837552'","4/14/2026 21:30","Tweet","en","953","662","223","68","0","3","1","🆘SELF-ADMITTED BASKETCASE: Victor Marx Reveals His History of Suicide Risks and Psych Drugs 💊📉

If you think the ""MK Ultra"" connections were a stretch, listen to Victor Marx in his own words on the @ShawnRyan762 podcast. The man running for Governor of Colorado and acting as Erika Kirk's spiritual ""mentor"" just admitted to being a total psychological basketcase. 💊🧠

Victor admits he was on a rotating cycle of the most powerful psychotropic drugs known to man:
Lithium, Prozac, Zoloft, Depakote, Buspar... the list goes on.

He was undergoing ""intensives""—123 psychologist visits in just nine months.

:The VA officially classified him as an ""Ultra Rapid Cycler"" Bipolar 2—meaning he was swinging between extremes twice a day. He admits he was the ""highest risk for suicide"" and describes a chilling moment putting a pistol in his own mouth before being hospitalized.

How is someone this unstable—someone who admits to homicidal and suicidal tendencies and a lifetime of heavy psych-medication—tasked with ""protecting"" children or mentoring a high-profile widow like Erika Kirk?

Is Victor Marx a ""healed"" man, or is he a functionally managed asset?

Why is Turning Point Faith platforming an ""Ultra Rapid Cycler"" with a history of extreme instability as a ""General"" for the Lord?

Between the Project Bluebird upbringing and this admitted history of heavy drug intervention, Victor Marx looks less like a pastor and more like a high-level experiment that is currently ""spiraling"" in the public eye.

The infiltration isn't just in the politics... it's in the pharmaceuticals. 🧪🧿

FOLLOW @ShawnRyan762 and watch his FULL episode linkied below.  Does this sound like a man who should be running a state, or a man who needs a permanent exit from the spotlight?👇"
"'2049413136898277488'","4/29/2026 4:59","Tweet","en","940","810","71","51","8","2","0","Happy Birthday, @RealCandaceO ! 🎂🎉

I’ve always felt like we were on the same wavelength, and now it all makes sense—it’s the April energy. Since my birthday was just on the 19th and yours is today, I think it’s safe to say we officially own this month.

Glad you’re taking a break from saving the world today to enjoy yourself. Here’s to another year of know knowing and making everyone else look like they’re just catching up! 🥂"
"'2044935955350503764'","4/16/2026 20:28","Tweet","en","937","646","143","92","56","3","4","Victor Marx REFUSES To Face His Accuser Corby Hall—Responding To Candace Owens With A Denial Of Her Invite To Appear With Him ON her Podcast🚩🏃‍♂️

The ""Preacher who claims he murdered peoeple "" has officially responded to @RealCandaceO  invitation, and the tactics are exactly what we predicted. Victor Marx has agreed to sit down with Candace—BUT only on his terms. He is flat-out refusing to share the stage with Corby Hall, the whistleblower who provided the receipts on the IDF patent deals and the Haitian arms trafficking allegations.

THE ""STABILITY"" SLANDER
In classic intelligence-style character assassination, Victor’s first move was to attempt to discredit the witness.

The Claim: Victor suggests Corby is ""not a stable reference"" and encourages us to investigate his ""challenges.""

The Reality: This is a textbook gaslighting tactic. When you can’t argue with the text messages and the telemetry, you attack the mental health of the person holding the phone.

THE CONDITIONS OF SILENCE
Victor says he’ll bring his wife, Eileen, and fly to the studio, but he wants Corby nowhere near the room.

Why the fear? If Corby’s allegations are ""dreamed up,"" as Victor claimed earlier, then why not debunk them face-to-face?

The Sniff Test: Victor knows that if Corby is in the room, he can’t pivot to ""spiritual"" excuses or vague denials. He would have to answer for the specific April 2025 messages where he pressured Corby to hand over weapon patents to a foreign defense group.

THE ""STORY"" VS. THE TRUTH
@victormarx  says he looks forward to ""sharing his story.""

Project Constitution isn't interested in a curated ""story"" or a PR tour. We are interested in cross-examination. * We want to know how an FFL dealer with IDF connections knew Charlie Kirk was dead 87 minutes before the White House.

We want to know why a ""pastor"" was transacting on behalf of foreign military interests while the domestic focus should have been on school safety.

OUR POSITION:
Candace has been clear: The door is open, but transparency requires confrontation. If Victor is as ""bold"" as he claims in his training videos, he shouldn't be afraid of a sit-down with the man who was actually there for the transactions.

You can't hide behind a ""spiritual"" shield when the questions are about Class 1 FFL logs and foreign defense contracts. Victor, the offer stands: Sit down with Corby, or admit you’re afraid of what the receipts will reveal."
"'2048478247923695767'","4/26/2026 15:04","Tweet","en","917","623","163","17","114","2","0","🚨EXCLUSIVE: TPUSA Whistleblower Mason Lemme BREAKS Silence—Exposes the “Turning Point 2.0” Narrative https://t.co/Z7JtwAyNCH"
"'2044552891143172447'","4/15/2026 19:06","Tweet","en","910","729","112","16","53","7","2","🆘THE PIVOT: Andrew Kolvet CAUGHT Moving The Ball Scrambles To FIX The Athens Lie😂

The Turning Point PR machine is shifting gears faster than a getaway car, but Candace Owens is keeping the receipts on every single pivot.

The latest flip-flop from Andrew Kolvet proves they are no longer just managing a brand—they are managing a sinking ship with ""propaganda B-roll"" and mandatory audiences.

""Andrew is commuting the story... it’s emotionally manipulative and narcissistic."" — Candace Owens 

Did you see the thunderous applause for Erika in those TPUSA clips? Candace reveals that in many cases, middle and high schoolers are being forced to attend these events as a mandatory assembly. 

""Surprise! Erika Kirk is here... they treat us like we are toddlers.""

Now that the public has seen the text alerts proving the local high school event was canceled for ""scheduling complications"" a full 24 hours before the Athens no-show, Kolvet is desperately trying to fit that into his ""threat"" puzzle.

On Charlie’s show this morning, Kolvet suddenly claimed they canceled the high school event days early because of ""increased online chatter.""

If they were ""monitoring threats for days,"" why were field reps still posting hype videos 50 minutes before the Vance event? Why was it a ""scheduling conflict"" for the parents but an ""assassination plot"" for the Fox News cameras? 

Kolvet is now blaming ""plane doxing,"" claiming they had to change itineraries and move locations.

Candace’s Reality Check: Erika flies private. People have been tracking those planes since day one. If the Secret Service is on-site at the Akins Ford Arena, what travel threat could possibly be so severe that it couldn't be alleviated?

Why is TPUSA so ""circumspect"" about these new threats, yet they completely ignore the fact that Charlie Kirk himself texted the security team days before 9/10 saying he thought he was going to be killed? 

Andrew, your job is tough, but lying to the public is tougher when the receipts are already public. We reject the ""make-believe."" We want the truth about September 10th.

WATCH THE PIVOT. Is this a security update, or a PR team realizing their first lie didn't stick?

FOLLOW @RealCandaceO, RT and watch her FULL episode linked below. 👇
10 Alternative Viral Titles:"
"'2049536282162876507'","4/29/2026 13:08","Tweet","en","909","679","127","69","34","6","2","‼️EXPOSED: Erika Kirk Claims Candace Owens ACCUSED Her of Murder—The RECEIPTS Say She’s LYING 🚫👀

I just watched Erika Kirk’s latest ""woe is me"" performance, and we need to separate the facts from the feelings. 

Erika claims she wakes up to ""headlines lying"" about her. Let’s be clear: You aren’t waking up to lies, Erika—you’re waking up to the truth being exposed, and you just don't like how it looks in the light of day.

Let’s Check the Receipts:
""Comedians in White Face"": She’s whining about the satire, but let’s be honest—Drewski is a legend for that. It was hilarious, it was effective, and it hit exactly where it needed to. If you can't handle the parody, maybe don't run a political machine. 

""Not Fit to be CEO"": Erika, this isn't an ""insult,"" it’s an objective fact. Turning Point is a multi-hundred-million-dollar organization. You are a stay-at-home mom with zero executive experience. Suggesting you aren't qualified to run a massive national non-profit isn't ""hate""—it's a performance review. 📉

THE BIGGEST LIE: This is the one that proves she’s lost the plot. She actually claimed on air that Candace Owens is saying Erika murdered her husband.

I am calling her out RIGHT NOW. Show me the clip. Show me the timestamp. Show me one single instance where Candace Owens said, or even implied, that Erika murdered Charlie. You can’t, because it never happened. 🛑

This is a bald-faced, desperate lie designed to smear Candace and deflect from the real questions being asked about the leadership (or lack thereof) at TPUSA.

Erika Kirk is using emotional blackmail to shield herself from accountability. She’s not a victim; she’s a CEO who can’t handle the job or the truth. 

Project Constitution doesn't care about your feelings, we care about the facts. Stop lying, Erika. 👇

CC: @RealCandaceO"
"'2046718255578902837'","4/21/2026 18:30","Tweet","en","906","677","146","12","71","3","1","🆘Brand New Facetime Video Released By Candace Of Her And Terryl Farnsworth From 2 Days After Charlie Kirk's Death—Proof The Footage Was Edited? 👀

FOLLOW @RealCandaceO, RT AND WATCH FULL EPISODE LINKED BELOW https://t.co/wpcRBwLXQ6"
"'2044761005931340042'","4/16/2026 8:53","Tweet","en","905","473","238","81","113","0","3","🆘BUSTED: Pete Hegseth Caught LITERALLY Quoting Fake Bible Verse From PULP FICTION At A Pentagon Worship Service To JUSTIFY War With Iran🤡

Watch the side-by-side video below. Yesterday, during an official Pentagon worship service blessing U.S. Combat Search and Rescue ops in the ongoing war with Iran, Hegseth tried to drop some holy fire by reciting ""Ezekiel 25:17.""

There’s just one massive, embarrassing problem: The quote he used isn’t actually in the Bible. It’s the fabricated, Hollywood monologue delivered by Samuel L. Jackson’s hitman character, Jules Winnfield, in Quentin Tarantino’s Pulp Fiction.

He literally stood at a pulpit and did a mad-libs with a movie script: 
🎬 Samuel L. Jackson: ""The path of the righteous man..."" 🇺🇸 Hegseth: ""The path of the downed aviator..."" 

🎬 Samuel L. Jackson: ""...And you will know my name is the Lord, when I lay my vengeance upon thee."" 
🇺🇸 Hegseth: ""...And you will know my call sign is Sandy 1, when I lay my vengeance upon thee.""

Let’s talk about how utterly disgusting this is. It is sickening enough to watch politicians and pundits constantly weaponize the Christian faith to justify endless war, bloodshed, and geopolitical violence. But Hegseth is so completely detached from the actual scripture he claims to revere that he’s out here using an R-rated mobster movie script to bless an escalating war with Iran.

He isn't ""shepherding"" anyone through the valley of darkness—he's using faith as a cheap, hollow prop to sell vengeance and death. It’s a grotesque display of Christian Nationalism reduced to Tarantino cosplay.

If you’re going to use the Bible to justify dropping bombs and sending people to die, at least make sure you’re not accidentally quoting a 1990s Quentin Tarantino film.
Watch the clip. It is the most embarrassing, blasphemous thing you will see all week."
"'2038854033356550396'","3/31/2026 1:40","Tweet","en","885","767","97","21","0","2","0","Candace Is Always Right! 🔥
I told ya so...👀

@RealCandaceO https://t.co/uWNAMFs80o"
"'2043831224561447332'","4/13/2026 19:18","Tweet","en","872","707","148","17","0","6","2","EXPOSED: The UNHOLY Alliance Between Ben Shapiro, Erika Kirk, And The ADF — Planned LAWSUIT Incoming Against Charlie Kirk Investigation Crowd?😮

In a massive update on the TPUSA investigation, @RealCandaceO just revealed evidence of what she describes as a coordinated ""gang stalking"" operation to take her down. According to internal whistleblowers and video evidence, the Daily Wire is reportedly ""driving the bus"" behind a legal assault against Candace.
The Bombshell Allegations:
•The Legal Plot: Candace reveals that Ben Shapiro is allegedly in cahoots with Erika Kirk and the Alliance Defending Freedom (ADF) to sue her for her investigative reporting.
•The Boardroom Takeover: Evidence shows Daily Wire CEO Caleb Robinson has quietly taken a board seat at the ADF—a massive Christian free-speech org, despite having no legal background. Candace calls it a ""silent seat"" for Shapiro.
•The ""Obsession"": Candace questions the bizarre, high-intensity relationship between Ben and Erika. Why is Ben so ""financially and emotionally invested"" in protecting Erika Kirk and silence investigative journalism?
•Safety Concerns: Candace echoed Megyn Kelly’s sentiments on Mark Levin, stating she feels Shapiro’s obsession has become ""dangerous"" and constitutes non-stop harassment since 2024.
Is this a strategic move to hijack Turning Point USA? Or is it a personal vendetta to bury the truth about Aspen? Project Constitution is following the money and the board seats.
THE SCRIPT IS LEAKING. EXPOSE THE STALKERS. 🕵️‍♂️🏛️

FOLLOW @RealCandaceO, RT and watch her FULL episode linked below 👇"
"'2039488973454856423'","4/1/2026 19:43","Tweet","en","865","635","223","7","0","4","3","🚨SHOCKING: The Romney's Connection To Timpanogos Hospital —Plus The 8 MILLION Dollar DoD Payout🤯

The timeline is matching up. The money is matching up. The military connections are matching up.

Tonight, Candace Owens completely blew the lid off the Charlie Kirk assassination cover-up. If you want to know how the deep state executes a hit and clears an entire emergency room, you have to follow the money, the military, and the Romney family.

Buckle up. We are going deep into the architecture of a state-sponsored hit.

THE CLEARED HOSPITAL LOBBY:
Let’s start with Timpanogos Regional Hospital on September 10th. Reports and observations from that day suggest something highly unusual: the emergency room appeared remarkably empty. Where were the usual patients? Where was the normal, everyday ER traffic?

Is it standard protocol for a regional hospital lobby to be completely cleared out during a high-profile crisis? Who has the authority to lock down an ER in that manner, and why was the FBI allegedly so quick to seize the interior hospital footage while an active manhunt was still underway outside?

THE MANHUNT AND THE O-6 CAPTAIN:
Then there is the timeline of the manhunt itself. We all remember when Kash Patel and the FBI publicly announced they had a suspect in custody—a young man named Zachariah Qureshi—only to release him an hour and a half later with no further explanation. Did this premature public announcement inadvertently halt the police search, providing the real perpetrators an hour-and-a-half window to escape?

But who exactly is Zachariah Qureshi?

Public records show he is the son of Ahmed Qureshi, an active, high-ranking O-6 (Captain) in the United States Navy. Captain Qureshi is also the co-founder of a Dallas-based tech company called Bilt Inc., which specializes in ""3D interactive immersive intelligence"" applications.

THE $8 MILLION JUNE CONTRACTS:
This is where the public financial data gets very interesting. According to USA Spending records highlighted by Baron Coleman, Bilt Inc. had historically operated on relatively small federal contracts for years.

But suddenly, in June 2025—the exact window when many analysts suspect the events of September 10th were being planned—Bilt Inc. received massive payouts from the Department of Defense (specifically the Air Force) totaling nearly $8 MILLION.

Why the sudden, unprecedented influx of DOD cash to this specific company at this specific time?

THE ROMNEY CONNECTION TO TIMPANOGOS:
It gets even more curious. Who did Navy Captain Ahmed Qureshi co-found Bilt Inc. with?

Corporate profiles point to a man named Nathan Henderson. Nathan and his wife, Gina Romney Henderson, are executives at the company. In fact, records suggest the Qureshi and Henderson families even shared the exact same residential address in Keller, Texas, at one point.

And here is the data point that brings it all back to September 10th: Nathan and Gina Romney Henderson have a son named Connor. Connor attended BYU at the same time as Zachariah Qureshi. And according to his own professional LinkedIn profile, Connor was employed as an Emergency Room Scribe during the summer of 2025.

Where was he working? Timpanogos Regional Hospital.

Let's review the documented, public facts:

🔘The DOD awards $8 Million to Bilt Inc. in June 2025.

🔘Bilt Inc. is run by an active Navy Captain and members of the Romney family.

🔘The Navy Captain's son is detained and then quickly released by the FBI during the critical hours of the September 10th manhunt.

🔘The Romney executive's son was employed as a scribe in the exact, remarkably empty emergency room where Charlie Kirk was taken.

Are these simply the most staggering, unrelated coincidences in modern history? How do the Romney family, a Navy Captain, an $8 million DOD payout, and the specific hospital where Charlie Kirk was taken all intersect in one single narrative?

Special Thanks to amazing @Mia_Stretch who's tireless work led to the uncovering the Romney connection to The Qureshi's

The American people deserve transparency. You have the facts. We'll let you draw your own conclusions. 🇺🇸

FOLLOW @RealCandaceO, RT and watch her FULL episode down below. 👇"
"'2044151953664421958'","4/14/2026 16:32","Tweet","en","857","494","82","142","139","3","0","🆘 CREEPY: Video of Erika Kirk at TPUSA HQ “Motivating” A Room Full Of Volunteer Cult Members Oops... I Mean Door-Knockers Last Month (Week of 3/16).😱

The woman is out here doing the most theatrical, crazy-eyed “we’re changing the world you guys!!” performance while the audio is conveniently muted and replaced with some random inspirational track.

Zero authenticity. All cringe.
This is what happens when the widow tries to cosplay the founder. This is giving me hella cult vibes.

Who else feels secondhand embarrassment every time she opens her mouth at TPUSA events? Drop your favorite Erika Kirk cringe moment below 👇"
"'2046758949815247061'","4/21/2026 21:12","Tweet","en","838","596","130","74","38","2","0","According to Trump —"" @LauraLoomer is a fat (liar) and I would NOT have sex with her."" 🤣 #MACA https://t.co/NPBr9OtipA"
"'2044520458754682931'","4/15/2026 16:57","Tweet","en","832","496","121","44","171","4","3","🆘SHOCKING: Erika Kirk’s Best Friend DOESN'T Believe the FED-SLOP Narrative—Victor Marx REJECTS the Tyler Robinson ""Lone Wolf""Story🤯

When even Victor Marx—Erika Kirk’s closest spiritual ""mentor"" and the man who was there to comfort her hours after the assassination—refuses to swallow the fed-slop narrative, you know the ""official story"" is dead.

""Don’t believe for one instance he would be a lone actor. There’s no way."" — Victor Marx 👱‍♂️🤐

In a stunning clip that is sending shockwaves through the movement, Victor Marx—the man we’ve been tracking for his Project Bluebird past and Haiti arms connections—just admitted what we’ve been saying for seven months: Tyler Robinson did not act alone.

The ""Facts"" Over ""Speculation""Marx, who claims to be a master of ""high-risk missions,"" says he bases everything on facts. His factual conclusion? The idea of a lone gunman at UVU is impossible.

If a man with Marx’s counterintelligence pedigree says there’s ""no way"" it was a lone actor, he’s acknowledging the presence of a professional team on the ground.

Wait a minute... if Victor Marx was one of the first people at Erika’s side after the shooting, and he doesn't believe the official story, what has he been telling Erika behind closed doors?

Why is the TPUSA PR team still pushing the ""Lone Nut"" angle when their own inner circle is calling it out as fake?

The ""0.0 Percent"" Rule Strikes AgainIt is statistically impossible for this many people to all agree that the official story is a lie—unless it actually is.

The federal narrative is a house of cards, and the wind is picking up. If Tyler Robinson didn't do it, who did? 

👇 WATCH THE ADMISSION. When the people on the inside start telling you the story is fake, it’s time to stop listening to the feds and start looking at the flight logs."
"'2045818251058221254'","4/19/2026 6:54","Tweet","en","831","565","152","28","86","2","1","THE BLACK SUV: Who Was WATCHING Tyler Robinson? 👁️🚙

We are looking at the final moments before Tyler Robinson (allegedly) turns onto the infamous street where he was captured on the Steele family’s Ring camera (the house owned by @phil_lyman  family).

The Video Evidence:

 As the individual turns the corner, look at the background. A black, government-style SUV pulls up and slows to a crawl the exact moment he makes the turn.

This isn't a neighbor looking for an address. This is textbook low-profile surveillance. The driver is pacing the target, ensuring he reaches the ""kill zone"" or the next checkpoint of the operation.

The Question the FBI Won't Answer: Why hasn't this vehicle been investigated as a co-conspirator? If Tyler was a ""lone wolf"" or a simple person of interest, why was an all black Fed Style SUV shadowing his every move?

Connecting the Dots: We’ve seen these black SUVs at the border. @Justice4Gr8Nate  saw them at Fort Huachuca. Now we see the same ""government-type"" presence on a quiet neighborhood street right before Tyler ""disappears"" into the official record.

We need to identify the plates or the driver of this SUV. The FBI has the high-res footage, yet they’ve let this lead go cold.

Was this a handler ensuring he was on time for the operation?

Was this the FBI themselves?

Why is the federal government protecting the identity of a vehicle that was clearly stalking a primary subject of the Kirk investigation?

They think we’ve stopped looking. They think 7 months is enough for us to forget. They are wrong.

Watch the SUV. Look at the crawl. Tell me what you see in the comments. We are the investigation now. 🇺🇸⚖️

Thank you to @RealTruthJustic For bringing this to my attention. FOLLOW Her please."
"'2045514711400087834'","4/18/2026 10:48","Tweet","en","829","540","43","246","0","4","0","You know this list is BULLSHIT because @RealCandaceO is NOT on it and @MrsErikaKirk is and pretty far up the list at that. https://t.co/SkVaMs8EaZ"
"'2046193060556505186'","4/20/2026 7:43","Tweet","en","825","588","146","64","27","2","0","🚨EXCLUSIVE: Unearthed Video Of Larry Loomer Making Out With Her ""REAL"" Fiance instead of Andrew Jacob Simpson who is the guy she paid to pretend to be her fiance when she got in hot water with Trump over her comments that she polished his knob and @billmaher amplified it. 👀

Also now we know why you love eating dog food so much. 😂

@LauraLoomer @titoamboy You are the only bully. Stop trying to pretend like you didn't start the attacks.🍿"
"'2046710613338911216'","4/21/2026 18:00","Tweet","en","811","619","161","11","20","5","3","Candace Owens Exposes Erika Kirk’s Family ""Gun Business""—Why is Erika Kirk’s Mother Secretly Selling Guns?! 👀

If you thought the TPUSA cover-up couldn't get any darker, buckle up. The panic inside their camp is reaching a fever pitch. Blake Neff is currently having a public meltdown on X, desperately trying to call Candace Owens a ""liar.""

That’s a bold accusation coming from an organization built entirely on deception. Why are they spiraling? Because the leaks are turning into a flood.

Tonight, Candace just revealed they received a STUNNING new tip regarding Erika Kirk’s mother, Lori.

The Tip: Lori is connected to gun sales.

Let that sink in. While the Feds are desperately trying to frame a 22-year-old kid with an inoperable, heavily-modified WWII-era Mauser, we are now learning that the ""victim's"" own mother is quietly involved in the business of firearms?

As Candace perfectly put it: What industry is it that everybody is in? Everyone in this inner circle seems to be tied to moving weapons or deleting evidence (shoutout to Terrell mysteriously scrubbing his footage)—everyone except the actual kid they have locked up in a cage facing the death penalty.

The state's case is a complete sham, and the walls are closing in on the Kirk family syndicate. We are going to keep pulling these threads until the whole sweater unravels.

FOLLOW @RealCandaceO, RT and watch her FULL episode linked below. 👇"
"'2046665214712758374'","4/21/2026 14:59","Tweet","en","811","561","171","51","28","2","0","☢️ THE LOOMER MANIFESTO: THE DRUG-FILLED WRECKING BALL 

Did Loomer beat herself up? 

Is Laura Loomer suicidal? 

Loomer has a documented history of suicide attempts IN HER OWN WORDS

It’s time to stop treating Laura Loomer’s behavior as political commentary and start treating it as a public mental health crisis. 

We are witnessing a documented, self-admitted drug addict in the middle of a permanent, drug-substituted ""adrenaline"" mental  psychosis.

A stone-cold DRUG addict who weaponizes her own instability for a paycheck. 

Laura didn't ""recover""; she just rebranded. She admitted to being a cocaine addict who used the drug to cope with her mental instability.

But the most dangerous part? 

She confessed to three-day benders where she lost her grip on reality and wanted to
KILL HERSELF..

 She admitted she ""substituted"" that DRUG chemical high for the adrenaline of social media conflict. 

Loomer is a danger to herself and to Everyone she is around.. 

@cityofpensacola  @ECSONews
@EcsoticOfficial  
@LoomerUnleashed 
@PressSec @pnj 
If you or someone you know is going through a tough time, please reach out for help. There are people who want to support you.
• National Suicide and Crisis Lifeline: Call or text 988 (available 24/7, free, and confidential)"
"'2045953432305954901'","4/19/2026 15:51","Tweet","en","796","642","144","10","0","5","0","THE WALLS ARE CRUMBLING: TPUSA  Executive Leadership Is Asking For Us To Dig Deeper 🏗️

""We received a phone call on October 10th, 2025, from an extremely senior executive member of Turning Point’s most senior and most trusted executive strata, asking us to personally convey their thanks to @RealCandaceO for investigating this matter..."" — John Mappin (@JohnMappin )

THE MEANING IS CLEAR: WE ARE WINNING. 🏆

This isn't a rumor. This is a bombshell from the very top. One of Charlie Kirk’s closest friends and long-time associates—someone from the absolute inner circle—is reaching out in secret to support the investigation.

Why this changes everything:

Confirmation of the ""Op"": This executive isn't just thanking Candace; they are asking her to ""zero in and dig deeper"" into a specific individual. They know what’s buried, and they want it found.

The October 10th Connection: Notice the date. October 10th is the SAME DAY as the 10th Mountain Division shakeup at the border and the AES facility explosion. The timing isn't a coincidence.

Secret Allies: Even within the ""fed-slop"" apparatus, there are people who can’t live with the lies anymore. They are watching and they are tipping us off from the inside.

If Charlie’s ""closest friends"" are calling for a deeper investigation into their own ranks, the ""official"" narrative is dead. The leadership is fractured. The truth is unavoidable.

This means that we have the support of the people who actually know where the bodies are buried.

Stay tuned. The deeper we dig, the more the insiders step forward. 🇺🇸⚖️"
"'2039781974370287805'","4/2/2026 15:08","Tweet","en","793","478","234","12","69","2","1","🚨BOMBSHELL: CEO Of Salem Media Brad Parscale Registered As Foreign Agent Just 8 Days After Charlie Kirk Was Assassinated Was Charlie Taken Out To Protect Salem Media's $9M Dollar Contract With Israel?😱

There is a rhythm to the way power and money move in the dark and if you closely examine the calendar of September 2025, the music stops exactly where the money begins.

On September 10th, The biggest podcaster in the world and largest America First voice Charlie Kirk was assassinated. The movement was in shock. But behind the scenes at the Salem Media Group, the gears weren't grinding to a halt—they were accelerating.

Eight days.

That is all it took. On September 18th, just 8 days after Charlie was assassinated, while the nation was still mourning, Brad Parscale—the Chief Strategy Officer for the very network that OWNED Charlie’s show—walked into the DOJ and filed FARA Registration #7649.

He wasn't just registering a business. He was registering a foreign AGENT.

Through a firm called Clock Tower X, Parscale entered into a multi-million dollar contract with the Israeli Ministry of Foreign Affairs. The objective? To ""integrate PRO ISRAEL hasbra messaging"" into the Salem Media Network.

Think about that. The largest Christian conservative radio network in the United States—the home of Prager, Gorka, and D’Souza—became a registered pipeline for a foreign government's ""8th Front Propaganda War.""

We’re talking about $9 million specifically earmarked to target Gen Z and manipulate American sentiment using AI-driven analysis (Bots).

But here is the detail that should keep you up tonight: Charlie Kirk was a man of traditional values. He wanted ""America First."" He was a vocal critic of the war-machine that trades in Middle Eastern blood. Most importantly he was in the process of leaving the pro Israel cause. 

Was Charlie Kirk about to walk away from Salem Media? Was he the only thing standing between Salem’s $729 million ""Hasbara"" budget and the ears of the American public?

Consider the motive. If Charlie—the network's crown jewel—was refusing to ""integrate"" this foreign-funded messaging, he wasn't just a dissenting voice; he was a liability to a multi-million dollar international contract. When you have $9 million on the table and a mandate to sway the hearts and minds of Gen Z, a superstar who won't read the script is a $9 million problem. In the cold world of geopolitical influence, men have been erased for far less than obstructing a foreign government's psychological operations on American soil.

The Law, specifically 22 USC § 614(b), says you can't omit material information in a foreign registration. It's a felony. But with the Foreign Malign Influence Center conveniently dissolved, who is left to check the math?

The next time your favorite host tells you why we need another war, don't look at the flag behind them. Look at the registration number on the paperwork.

FARA #7649. The script was written long before the cameras started rolling.

Credit: @GenXGirl1994, @danksterintel, @5149jamesli FOLLOW Them All!"
"'2050014023714849015'","4/30/2026 20:46","Tweet","en","776","554","123","36","63","4","2","‼️BOMBSHELL: Same Law Firm Harpole Uses AGAINST Candace Employs Ben Shapiro’s Brother-in-Law & Is OWNED By Trump DOJ Insider! 👀

The rabbit hole just got a lot deeper. If you were wondering why Brian Harpole’s lawsuit against Candace Owens felt like a coordinated strike, the legal ""family tree"" behind it tells the whole story.

1. The DOJ Connection: Brian Harpole’s lead attorney, Zachary Stoner, works for the Dhillon Law Group. The firm’s founder, Harmeet Dhillon, is currently serving as President Trump’s Assistant Attorney General for Civil Rights at the DOJ. While she is officially on leave from the firm, her influence is everywhere—especially as she advocates for stricter ""Anti-Semitism"" speech laws that many fear will be used to silence journalists like Candace.

2. The Daily Wire Connection: As Candace revealed tonight, this is the EXACT same law firm that represented The Daily Wire during their brutal, two-year arbitration battle against her. They know her, they’ve fought her before, and they are back for more.

3. The ""In-Law"" Bombshell: This is where it gets personal. Dhillon Law Group didn't just stop at representing the Daily Wire—they also hired Jacob Roth (@RothThePatriot).
Who is he? An Orthodox Jewish attorney at Dhillon Law specializing in ""civil rights.""

The Shapiro Tie: He is Ben Shapiro’s brother-in-law, married to Ben’s sister, Abby Shapiro (@ClassicallyAbby).

It looks like a classic ATTACK BY PROXY. 

@benshapiro is her crazy ex-employer who feels more like a Jilted lover and has been relentlessly harassing and stalking her for years—seems to be weaponizing a law firm tied to the highest levels of the DOJ and his own family members to launch a legal offensive against her.

This is nothing more than a desperate attempt to chill free speech and shut down her investigation into the Charlie Kirk case and the ""Epstein class.""

They want to use the legal system to do what they couldn’t do in a debate. But they forgot one thing: Discovery works both ways.

Do you think this is just a regular lawsuit or is it a coordinated effort by Shapiro and the DOJ to silence @RealCandaceO  on behald of our greatest ally? The receipts are starting to pile up. 🍿"
"'2044243826567491990'","4/14/2026 22:38","Tweet","en","773","563","149","18","43","6","2","🆘EXPOSED: Erika Kirk Blames ""Security"" for Disastrously Low Ticket Sales at Gill Coliseum 📉🚩

The footage doesn't lie, but apparently, the TPUSA does. Erika Kirk just pulled out of her high-profile appearance alongside Vice President J.D. Vance tonight at the Gill Coliseum in Corvallis, Oregon.

While the official line is ""security concerns"" due to alleged doxing, the reality is visible to anyone with eyes. 🚩

Take a look at this video from inside the Coliseum. They expected to fill the home of the Beavers; instead, they got an echo chamber. The arena is practically empty. You can’t ""dox"" someone whop has private security, let alone she was well protected speaking at a massive, ticketed political event with the Vice President—She literally would of been protected by the Secret Service. 

@RealCandaceO isn't buying the ""threat"" narrative either, and she just put Erika on absolute blast:

""Stop. This is exhausting. You pulled out because of bad ticket sales... People don’t believe you and don’t line up for you because you struggle to tell the truth about even the most basic facts.""

As Candace pointed out, the Secret Service handles the Vice President's security. If there were a ""viable threat"" to the stage in Corvallis, the Vice President wouldn't have been allowed to step foot in that building. Erika’s private ""security team"" doesn't outrank the literal protectors of the Executive Branch.

Where is the Proof? The public is still waiting for the most basic evidence of her legitimacy:

Where is the video of Charlie supposedly appointing her as CEO weeks before his death?

Why is Turning Point Faith ""rescheduling"" summits and events so quietly?

The truth is, the public is waking up. They don't liek her and see her as completely disingenuous. They see her pattern of lies and the ""grief marketing"" for what it is. 

You can hire the most expensive PR team in the world, but you can’t buy the trust of a public that has finally developed a spirit of discernment.

👇 WATCH THE FOOTAGE. Does that look like a ""security threat"" to you, or just a lot of empty chairs in Oregon tonight?
Video From: @EricSpracklen"
"'2044238181164331041'","4/14/2026 22:15","Tweet","en","772","493","161","21","97","4","0","Did Victor Marx Just Foreshadow What We'e Been Alleging About Erika Kirk's Pattern Of TARGETING Young Vulnerable Girls? 

The texts are disturbing, the pattern is clear, and this needs to be seen by everyone.

Victor Marks lays it out perfectly: ""The sad part is broken women, broken girls... perverts, predators. They know that's who they go after.""

@5149jamesli  presents the alleged text exchanges between a 25-year-old Erika Kirk and a 15-year-old girl named Jill from 2013.

Read these messages for yourself and ask if this is appropriate:

Erika sends a meme that says, ""This Valentine's Day, I'm going to touch your butt.""

Erika writes, ""You have the most stunning features... Your eyes, your lips, your skin, you're absolutely beautiful.""

Erika gives the minor specific instructions on how to prepare her body: ""I forgot to tell you hydrate tonight, no alcohol, and don't eat a lot of salty foods. You don't wanna look bloated.""

This is followed by a bizarre exchange where Erika seems to almost let something slip, referring to the girl's ""age recognition"" before calling herself a ""twat waffle"" and blaming Siri.

James concludes with the most damning assessment: ""I don't wanna just throw out the term grooming haphazardly, but this just... it doesn't look good... I would probably not be sending these kinds of messages to a minor.""

He's right. It doesn't just ""not look good."" It's a textbook example of grooming behavior. It's an adult in a position of influence showering a minor with inappropriate compliments, sexual innuendo, and controlling instructions about her body.

This is the new CEO of TPUSA. This is the woman the syndicate wants you to believe is a grieving widow and a capable leader. These texts paint a very different picture—a picture of someone who allegedly targets and manipulates vulnerable young girls.

The American people deserve to know the truth about who is running the organization Charlie Kirk built.

Be sure to FOLLOW my bro @5149jamesli"
"'2047474943747875164'","4/23/2026 20:37","Tweet","en","760","449","117","44","150","2","0","🚨THE JIGSAW FILES: Exposing Laura Loomer's FULL 623-Page Deposition MELTDOWN Under Oath Part 1 https://t.co/MWczuVH1s5"
"'2044943783914045600'","4/16/2026 20:59","Tweet","en","750","552","184","14","0","1","5","Tyler Robinson's DEFENSE Team Files New Motion For CONTEMPT After Officials Continue To Talk PUBLICLY About The Case—In Violation Of Gag Order ⚖️

We've just obtained a new explosive new 16-page motion filed by Tyler Robinson’s legal team. The defense is officially asking the Court to hold Utah County Attorney Jeffrey S. Gray and Deputy County Attorney Chris Ballard in Contempt of Court.

The establishment is playing a dangerous game with the right to a fair trial, and we have the receipts on their ""contemptuous public relations campaign"".

THE VIOLATIONS: PROSECUTORS AS ""ORACLES""
Despite a strict Pre-Trial Publicity Order issued back in September 2025 (and amended in December), the defense alleges the prosecution has been on a calculated media tour to slant the case.

On March 31, 2026, Chris Ballard spoke to TMZ, claiming the State has ""ample evidence to demonstrate beyond a reasonable doubt that Tyler Robinson committed this murder"".

Ballard then appeared on Fox News, USA Today, and Politifact to ""explain away"" the inconclusive ATF ballistics report.

The motion argues that publicly declaring they have enough evidence for a conviction is the functional equivalent of stating the defendant is ""guilty""—a direct violation of Rule 3.6 of the Rules of Professional Conduct.

THE PRECEDE: THE LEAVITT ROADMAP

The defense is using a ""shockingly similar"" case from Utah County—Leavitt v. Office of Professional Conduct—as a roadmap for sanctions. In that case, an elected prosecutor was disqualified from a capital case for making authoritative, prejudicial statements to the press.

The State tried to ""erect a firewall"" around their communications with the media, objecting to Robinson’s request for their internal emails and call logs. The defense is now asking the Court to COMPEL the production of:

1⃣ All written statements to media entities since March 26, 2026.
2⃣ Internal communications discussing the drafting and approving of these public statements.+1

THE BOTTOM LINE:

The prosecution knows the ATF report was ""inconclusive"" regarding the bullet fragments. Instead of letting the evidence speak in court, they took to the airwaves to poison the jury pool.

If the government can’t follow its own court orders, how can we trust them with the ""integrity of the court system""? Tyler Robinson's team is calling for a ""Show Cause"" hearing to hold these prosecutors accountable.

Special Thanks to @aburkhartlaw for providing the documents."
"'2041988172746518649'","4/8/2026 17:14","Tweet","en","741","505","156","80","0","2","1","🚨MUST WATCH: JD Just Said The STUPIDEST Thing I've EVER Heard— Israel BOMBING Lebanon Was ""Just Israeli Setting America Up For Success""🤡

You cannot make this up. JD Vance just went on camera to claim that Israel bombing Lebanon and sabotaging the ceasefire isn’t a provocation—it’s Israel “setting America up for success.” GTFOH! Since when does escalating a regional war and blowing up a peace deal count as ""helping"" the U.S. President?

🤥 THE ""MISUNDERSTANDING"" SPIN
Vance is trying to tell us that the Iranians just ""misunderstood"" the deal. He’s claiming the ceasefire was never supposed to include Lebanon. (Pakistan says otherwise)

The Reality: You can’t have ""peace"" in the Middle East while bombs are still falling on neighboring countries.

The Excuse: Vance says Israel is actually ""checking themselves"" to make sure our negotiations are successful. Is he serious? Bombing a country isn't ""checking yourself""—it’s lighting the fuse on a global powder keg.

🤡 ""SETTING US UP FOR SUCCESS?""
Vance’s logic is a total insult to our intelligence. He wants us to believe that by continuing offensive strikes, Israel is doing us a favor.

""That's not because that is part of the ceasefire. I think that's the Israelis trying to set up us up for success."" — JD Vance

Success for who? Not for the American service members ""down range."" Not for the American families paying the price for regional instability. Not for the Christians in Lebanon. 

This is the definition of the tail wagging the dog. ### ⚠️ THE REAL AGENDA This ties directly back to what Joe Kent and Candace Owens have been warning us about:

Different Objectives: Israel’s strategic goal is total regional dominance; America’s goal is stability and open trade (the Strait of Hormuz).

The Sabotage: When Vance calls it ""dumb"" for Iran to walk away, he’s ignoring the fact that the deal was sabotaged before the ink was even dry.

🇺🇸 AMERICA FIRST... OR ISRAEL FIRST?

We were told this administration would put America First. But here is the VP-elect acting as a PR spokesperson for a foreign military’s offensive operations. If we have to ""restrain"" our allies to get peace, why is Vance making excuses for their escalation?
The ""ghosts in the machine"" aren't just in the computers—they are in the talking points.

What do you guys think? Is Vance actually this naive, or is he just carrying water for the Deep State? Let us know in the comments. 👇

From: @ShadowofEzra FOLLOW Him!"
"'2049473953727410370'","4/29/2026 9:00","Tweet","en","741","554","127","33","27","2","0","‼️BREAKING: TPUSA'S ""The FUNERAL Tour""—Empty Seats And Low Turnout at Idaho PROVE The Magic is Gone 👀

Take a good look at this footage @AndrewKolvet just posted from the University of Idaho last night. He’s trying to sell you a ""movement,"" but the camera doesn't lie—look at those empty seats. It was an absolute ghost town. 🏚️

This isn't the organization it was when Charlie was at the helm. The reality? TPUSA is dead. They’ve traded actual substance for cheap stunts, and in the process, they have completely dismantled Charlie’s legacy.

Right now, Turning Point is the political equivalent of someone who is brain-dead and on life support. The machines are humming, the heart is technically beating, but the soul is gone. The ""family"" just refuses to pull the plug, and it’s honestly sad to watch. 🏥📉

This isn't a tour; it’s a funeral procession. Watch the tape for yourself. 👇"
"'2039953635375710311'","4/3/2026 2:30","Tweet","en","730","596","110","24","0","5","1","🚨EXPOSED: How Did The ATF ""Match"" Evidence That Wasn't Even at the Scene— Plus Gary Admits Candace was Right All Along😳 

Buckle up, because the ""Official Narrative"" just tripped over its own shoelaces on @infowars. Gary Melton from @paramounttactcl sat down with @RealAlexJones  and managed to drop a bombshell that is as hilarious as it is terrifying.

The Magic Shell Casing 🪄🐚
Gary claims the ATF testing ""positively confirmed"" the spent shell casing found at the scene matched the murder weapon. One teeny, tiny, microscopic problem, Gary: The rifle was  BOLT-ACTION.

The spent casing was found STILL IN THE CHAMBER, not ejected.

THE GUN WASN’T EVEN FOUND AT THE SCENE. 🚫🔫

So, how exactly did they match a ""casing found at the scene"" when there was no casing on the ground and no gun in sight? Is the FBI hiring street magicians now? Or are we just supposed to believe in teleporting brass? 🎩✨

Welcome to the ""Side of Truth,"" Gary! 🤝👀
But wait, it gets better. Gary is finally ditching the ""Fed-slop"" narrative. He now admits he doesn't think Tyler Robinson acted alone and—get this—he says it could ""ABSOLUTELY HAVE FOREIGN TIES""

Wait, what’s that, Gary? Foreign ties? 🌍🛰️ Does that mean you're admitting @RealCandaceO Was Right?

It’s almost like Candace Owens has been saying exactly that for months while YOU and the rest of the ""Shady Bunch"" at TPUSA called her a ""maniac.""

The ""New Gary"" Effect 🔄😂
I have to wonder... does this sudden moment of clarity have anything to do with TPUSA trying to replace him with ""New Gary""? Nothing clears the head quite like getting ghosted and swapped out by the very people you were protecting.  Side note, check out the clip in the post below of New Gary's segment on the Charlie Kirk Show from earlier this week. 🏃‍♂️💨

Gary just accidentally admitted that the ""conspiracy theorists"" were right all along. The forensic math isn't mathing, the casings are imaginary, and the ""Foreign Ties"" are officially on the table.

They are overthinking again. And it is glorious to watch. 🍿🎥"
"'2042253687611867647'","4/9/2026 10:49","Tweet","en","727","546","113","68","0","4","1","🚨 BOMBSHELL: Tracey Martin Just Exposed Why Erika Kirk Will NOT Sue Any Of Us— Plus She Just BLEW UP Erika's ALIBI For Sept 10th.🤯

You need to see this. Tracey Martin just went on the Chicks on the Right podcast to ""spill the tea,"" but in her attempt to defend Erika Kirk, she may have just blown the entire cover story wide open. We have questions, and the math isn't adding up.

🚫 THE ""NO-SUE"" STRATEGY
Tracey finally addressed why Erika hasn't sued for defamation despite the ""mountains of evidence"" we've been presenting. Her excuse?

The Delaware Loophole: She claims Candace Owens is protected by ""No SLAPP"" laws because her businesses are in Delaware.

The ""Moral High Ground"": Tracey claims Erika is just ""too faithful"" to seek revenge.

The Reality: You don't sue when discovery would force you to turn over your phone records and private communications. They are waiting for the Tyler Robinson trial to end so they can see what evidence becomes public first.

👰 THE WEDDING & FUNERAL BAN
Tracey claims Candace Owens was NOT invited to the wedding or the private funeral.  ""There’s a reason for that... if Charlie really wanted Candace there, Erika would have honored that."" — Tracey Martin

Tracey is painting Candace as a ""spiteful, evil, and demonic"" outsider looking for revenge because she was being cut out of Charlie's life. But if Candace was being distanced, why did her and Charlie talk on a reular basis?

💣 THE ALIBI BOMBSHELL: WHERE WAS ERIKA?
This is the biggest slip-up of the interview. For months, the narrative was that Tracey and Erika were together. Tracey just admitted she was NOT with Erika Kirk when the news broke.

The New Story: Tracey says Erika was at a clinic in Scottsdale with her mother.

The ""Primal Scream"": Tracey claims Erika ran out of the clinic, hit her knees, and let out a ""primal scream"" after getting the call about Charlie.

The Witness: Tracey claims an unnamed nurse/employee came out, saw Erika on her knees, and assumed she was crying about her mother’s health.

❓ SEARCHING FOR THE TRUTH
If this story is true, we need a name.

Who is this nurse? * What clinic in Scottsdale was this? * Why hasn't this ""eyewitness"" come forward to verify the timeline?

Tracey says she has ""time-stamped photos,"" if so where are they? Why not release them? If Erika was at a clinic in Scottsdale, how does that square with eye witness reports that she at Hopkins Aircraft?

Tracey Martin says she prefers ""15 years of lived experience"" over ""created content."" Well, we prefer verifiable facts over ""manufactured"" stories.

Is this ""nurse"" real, or just another script written to fix a leaking alibi? Let us know what you think in the comments. 👇"
"'2048273008561647851'","4/26/2026 1:28","Tweet","en","711","510","88","100","13","2","0","Grieving Widow My Ass 😡

Erikia Kirk attended the FOX News VIP cocktail party ahead of the White House Correspondents' Dinner Last Evening. https://t.co/1SZHR0RMOm"
"'2039846959893414353'","4/2/2026 19:26","Tweet","en","700","507","131","4","58","5","5","🚨PART ONE: Aspen Donors BREAK Their Silence on the Allegedly FAKED Audio Of Charlie Wanting Erika Kirk To Be CEO —Charlie Kirk’s Alleged ""Death Wish"" CONTRADICTS His Entire Life’s Work🏔️🚫

Candace Owens just opened the floodgates on the ""Shady Bunch"" at TPUSA, and she’s using a new word of the day: Mythomania. It’s the pathological tendency to lie and overthink until you accidentally incriminate yourself. 

The Aspen ""Transcript"":
When Candace sat down with Erika Kirk on December 15th, she wasn't even questioning the CEO transition. She assumed it was a symbolic move for public morale. But TPUSA overthought it. Without being asked, they shoved a ""transcript"" in her face from an August donor meeting in Aspen, claiming Charlie hand-picked Erika to lead in the event of his death.

The Red Flags:
The 180-Degree Turn: Charlie Kirk built his entire platform on the idea that women should not be corporate CEOs, especially mothers of young children. Are we to believe he suddenly reversed his lifelong worldview just three weeks before he died? 

The ""Single Mother"" Narrative: 
Erika has been curating a story about her mother being a ""blueprint"" for a single-mother CEO—except Candace revealed Erika grew up with a stepfather and a present father. It’s a curated backstory for a pre-planned role.

The AmFest ""Walkout"" Audio:
This is where it gets truly bizarre. At AmFest, TPUSA played audio of Charlie allegedly appointing Erika. But there was no video.

Think about the logic:
If you have 4K video of Charlie Kirk’s final ""vision-casting"" moment where he blesses his wife as his successor, that is the most powerful PR tool in history. Why would you strip the video and only play the audio?

The ""Franken-Audio"" Analysis:
If you listen closely to the clip (which Candace did), the ending is jarring. Charlie talks about the board ""figuring it out,"" and then a clunky, out-of-place edit jumps in: ""I appoint my wife..."" It’s edited. It’s unnatural. It’s Franken-audio. 

Candace spoke to people who were at that Aspen meeting. Their response? Charlie never said that. 🚫

Was the ""CEO"" title a reward for silence? Was the audio fabricated to justify a takeover that Charlie never wanted? The ""unnecessary complexity"" is starting to look like a cover-up. 🏗️⚔️

FOLLOW @RealCandaceO, RT and watch her FULL episode linked below. 👇"
"'2042403958472249532'","4/9/2026 20:47","Tweet","en","697","502","141","54","0","2","1","🚨BREAKING: Trump Is Completely Delusional— Read This Unhinged Long Book He Just Wrote Attacking Candace Owens, Megyn Kelly, Tucker Carlson and Alex Jones.🤡

Wow guys, Donald Trump just released a statement that is so factually illiterate and psychologically unhinged, it makes you wonder who is actually writing his Truth Social posts—or if the old man has finally lost it entirely.

Let’s take a walk through this landscape of lies, shall we?

1. The ""Years of Fighting"" Revisionism 🤥
Donald, let’s be for real. Tucker, Megyn, and Candace didn't ""fight"" you for years. They carried you. They were the intellectual vanguard that convinced the American people that you actually meant what you said about ""America First."" They unfortunetly campaigned for you, and defended you when the mainstream media tried to bury you, and helped mobilized the base that delivered you a landslide. To call them ""troublemakers"" now that we’re asking for accountability on the Iran war? That’s not leadership; that’s a delusional breakdown. 

2. The ""3rd Rate Podcast"" Math 📉
He claims ""nobody is talking about them"" and that their podcasts are ""3rd rate."" That’s hilarious coming from a man whose real approval rating is currently hovering around 30%—the lowest in history.

Fact Check: Candace Owens podcast is number one in the world. Tucker and Megyn are dominating the charts as well, while your ""friends"" at CNN and Fox are bleeding out.

The Irony: If nobody is talking about them, why did you spend 500 words obsessing over them? If they're so irrelevant, why did you call Candace's personal cell phone to beg her to stop talking about Brigitte Macron? You can’t have it both ways, Donald.

3. The ""MAGA"" Hijacking 🏴‍☠️
You say their views are the ""opposite of MAGA."" On that point, I actually agree. Because ""MAGA"" has been hijacked. It’s been sold off to the highest bidder—specifically the Zionist lobby and the war-mongering Neocons who just staged a ""hostile takeover"" of the Republican party. They didn't leave the movement; the movement left them. They are America First. They believe in our borders, our economy, and our sons and daughters not dying in a protracted Middle East war for a foreign interest. You, on the other hand, are carrying the water for Brigitte Macron and Bibi Netanyahu. Who’s the ""traitor"" again?

4. The CNN 100% Approval ""Fed-Slop"" 🤮
I actually laughed out loud at the reference to the CNN poll claiming 100% approval for the Iran war. In a country that can’t agree on the color of the sky, you want us to believe 100% of Americans want to add billions to the national debt and send troops to Tehran? That isn’t a poll; it’s propaganda. It’s ""Fed-Slop"" served on a silver platter, and you’re the only one gullible enough to eat it.

5. The ""Beauty"" and the Lawfare ⚖️
Trump claims Brigitte Macron is ""more beautiful"" than Candace? Donald, your eyesight is failing almost as fast as your foreign policy. 

But more importantly—you applaud the lawfare used to bankrupt Alex Jones, yet you cry ""persecution"" when the Democrats use the same tactics on you? That is the definition of a hypocrite.

The Bottom Line: You call them losers, but you’re the one who fell for the ""Regime Change"" lies that every other president was smart enough to avoid. You’ve traded ""America First"" for ""Israel First,"" and you’re too arrogant to realize the base sees right through it.
You aren't a man of action anymore; you’re a man of transactions. And trust me, your legacy won't be a ""Red Wall""—it will be the ""Shit Stain"" of being the most unhinged, out-of-touch President to ever betray the people who put him in power.

Wake up Donald. Time to stop smelling your own farts. 🥂"
"'2044739706349347158'","4/16/2026 7:28","Tweet","en","691","458","211","22","0","2","3","🆘EXPOSED:  ATF Report Released In New Defense MOTION In Tyler Robinson Case —Proof The FBI is DESPERATE to Destroy their PLANTED Evidence 👀

The ""Magic Bullet"" narrative just took a catastrophic hit, and the Feds are scrambling to literally destroy the evidence before anyone can look closer.

We already know the official timeline is built on manufactured evidence. We caught them with the mathematically impossible 7:57 PM Discord confession. We caught them passing off AI-enhanced stairwell photos. We caught them lying about the 9:00 AM doorbell camera timeline thanks to Baron Coleman’s shadow analysis.

Now, we have obtained a new legal motion from Tyler Robinson’s defense team regarding the alleged bullet fragment pulled from Charlie Kirk’s body, and the level of federal fuckery is breathtaking.

Let’s break down exactly why they are lying to you and why this document actually destroys their entire narrative and how the Feds are scrambling to literally destroy the evidence before anyone can look closer.

1⃣ The State claims Charlie Kirk was killed by a .30-06 round from a Mauser rifle. But the newly revealed ATF lab report from September 17, 2025, destroys that theory entirely. Calling a fragment "".30-caliber class"" is completely generic. 

Calling a fragment "".30-caliber class"" is completely generic. The ATF explicitly wrote: ""Firearms that produce general rifling characteristics similar to those observed on the Exhibit 6A bullet jacket fragment include numerous makes and models.""

It doesn't prove it came from Tyler's rifle. It proves the fragment is a planted prop designed to roughly match the narrative of the gun they are framing the patsy with, without ever providing a definitive ""Source Identification.""

2⃣ The ATF Admits It’s a Bust: The ATF examined the deformed bullet jacket fragment (Exhibit 6A) recovered from the autopsy. Their official conclusion? Inconclusive.

The fragment could not be identified or excluded as having been fired from the Exhibit 1 Mauser rifle.

The rifling characteristics observed on the fragment match ""numerous makes and models"" of firearms.

There was neither sufficient agreement nor sufficient disagreement of individual characteristics to link it to the weapon.

3⃣ Because the ATF report is exculpatory, the State is now moving the fragment to the FBI lab for Virtual Comparison Microscopy (VCM). But here is the insane part: the FBI examiner admitted the fragment is ""fragile"". To scan it, the FBI claims it may be necessary to use pliers or similar gripping tools to fold back portions of the jacket.

The FBI noted that when they received the fragment from the ATF, a small portion was already detached, implying the ATF already bent and altered the evidence.

The FBI admitted that using pliers could leave marks and that it is possible additional pieces of the fragment may inadvertently become detached.

4⃣ Tyler Robinson's defense team naturally asked to have their own expert present for this highly destructive process, or at the very least, to have the FBI videotape the examination. The FBI's response? Absolutely not. Their policies do not allow a defense examiner to be present or for the examination to be videotaped.

The Reality Check 🧨
Why is the FBI so desperate to take a pair of pliers to a fragile piece of evidence behind closed doors without any cameras rolling? Because they know the fragment doesn't match the rifle.

As we have extensively documented, the physics of the wound channel and the lack of a massive exit wound strongly suggest Charlie wasn't hit with a .30-06 bullet at all. The evidence points to a PETN explosive that detonated under his shirt and propelled into his neck.

If Charlie was killed by a planted explosive device, then this ""fragment"" was staged. And now, the FBI is using the guise of ""forensic testing"" to permanently alter and destroy the fragment with pliers before an independent defense expert can examine it.

They are manufacturing the crime scene right in front of us.

👇 SHARE THIS EVERYWHERE. Demand that the FBI drop the pliers and allow independent testing."
"'2042213289690570783'","4/9/2026 8:09","Tweet","en","690","430","242","18","0","4","3","🚨BOMBSHELL: TPUSA is Laundering YOUR Data Through a ""Neutral"" SHELL Company— Here's The PROOF VoteOnline LLC  is a Secret TPUSA Front!😱

If you’re planning on heading to the ""Build the Red Wall"" rally in Phoenix on April 17th to see President Trump and Erika Kirk, you need to read the fine print. Turning Point USA and Tyler Bowyer have launched a new operation designed to suck up your personal data—and they’re using yet another shell company as thefront to do it.

TPUSA is requiring everyone who wants to attend the rally to ""check their voter registration status."" But they aren't sending you to a government site. They are funneling you through a mysterious new nonprofit called VoteOnline LLC

The Disguise: The site is branded in purple and green with zero TPUSA logos. It looks like a non-partisan civic tool.

The Reality: Buried in the privacy policy, the address for VoteOnline is the exact same building as TPUSA headquarters in Phoenix.

The Leadership: The CEO of VoteOnline is Amy Smith, a longtime TPUSA employee.

🕵️‍♂️ THE AUSTIN SMITH CONNECTION
It gets darker. Amy Smith is married to Austin Smith, the former state lawmaker and TPUSA Senior Director who was caught forging signatures for his own election. He pleaded guilty to attempted fraud, yet he’s reportedly back in the TPUSA fold.

As Republican strategist Tyler Montague put it: ""They don’t give a rip about his fraud and cheating."" They are using the same people who got caught rigging petitions to manage your private data.

📊 WHAT ARE THEY STEALING?
When you ""check your status"" on their form, you aren't just giving them your name. You are handing over:

Your physical address and birth date.

Your phone number.

How you plan to vote.

Because VoteOnline is a 501(c)3, they claim they won't share data with ""campaigns,"" but there is nothing stopping them from handing that entire database over to Turning Point Action—the political arm now run by Erika Kirk.

🧊 THE ""HANDLERS"" ARE WATCHING
This is exactly what we’ve been warning you about, they are building a profile on every person in the country. They want to know who is a ""high-propensity"" donor so they can target you for cash and manipulation.

While Erika Kirk talks about ""transactional"" relationships, her organization is treating your data like a commodity. They are using the President’s name to build a massive digital dragnet.

Don't let them harvest your data under the guise of ""patriotism."" Why is TPUSA masquerading as a ""non-partisan"" site? Why are they using fraud-linked directors to run it?

Gemini said
🚨 THE DATA HARVEST: TPUSA’S NEW ""SILENT"" SCAM EXPOSED. 🚨
If you’re planning on heading to the ""Build the Red Wall"" rally in Phoenix on April 17th to see President Trump and Erika Kirk, you need to read the fine print. Turning Point USA and Tyler Bowyer have launched a new operation designed to suck up your personal data—and they’re using a ""neutral"" front to do it.

🕸️ THE VOTE (.) ONLINE TRAP
TPUSA is requiring everyone who wants to attend the rally to ""check their voter registration status."" But they aren't sending you to a government site. They are funneling you through a mysterious new nonprofit called VoteOnline.

The Disguise: The site is branded in purple and green with zero TPUSA logos. It looks like a non-partisan civic tool.

The Suspicious Pivot: In the past, TPUSA tried to boost its voter data machine using branded apps and tools with the organization’s name and logo. It failed because people were suspicious of the partisan branding. They learned their lesson—now they’re hiding behind a ""non-partisan"" mask to trick you into lowering your guard.

The Reality: Buried in the privacy policy, the address for VoteOnline is 4945 E. Wilder Rd, Phoenix, AZ—the exact same building that houses Turning Point USA’s headquarters.

The Leadership: The CEO of VoteOnline is Amy Smith, a longtime TPUSA employee and wife of Austin Smith—the man caught forging signatures on petitions.

The Team: Staffers like Jonah Bodmer and Analise Alexander also appear in the directory—both are former employees of TPUSA and Turning Point Action.

The Data Loophole: How it Works
This is where the ""scam"" comes into play. Because VoteOnline is a (c)(3), it can harvest your most sensitive data under the guise of ""voter registration"" and ""civic duty.""

The Harvesting: By requiring a ""registration check"" for events like the April 17th Phoenix rally, they gather your legal name, address, birth date, phone number, and—most importantly—voter intent (e.g., ""How do you plan to vote this year?"").

⛓️ THE HAND-OFF: SMOKING GUN PROOF
We’ve found the ""legal"" loophole they are using to strip you of your privacy. While (c)(3) nonprofits are supposed to be non-partisan, VoteOnline’s own privacy policy states they share data with ""Partner organizations"" that embed their portal.

The Proof: We have secured the evidence. Turning Point USA’s own student website (tpusastudents(.)com/vote) has the VoteOnline portal embedded directly into their page.

The Connection: This confirms that TPUSA is an official ""Partner Organization."" When you enter your data into VoteOnline, they are handing your profile directly over to Turning Point Action.

The Operatives: Your data is going straight to an organization run by Erika Kirk and Tyler Bowyer.

The Result: Your private info is scrubbed of its ""non-partisan"" label and turned into a weaponized political database used for targeting, fundraising, and manipulation.

🕵️‍♂️ THE PATTERN OF FRAUD
One thing is certain: ethics are obstacle Tyler Bowyer cleared a long time ago. From forged signatures to data dragnets, fraud is the consistent thread in his career. Bowyer and Erika Kirk are the new architects of Turning Point, and they’ve pivoted from Charlie’s original vision to a high-stakes intelligence operation.

This isn’t a leadership change at TPUSA; it’s a hostile takeover. They aren’t protecting the ""Red Wall""—they’re harvesting the people who build it. They have hijacked Charlie’s legacy and are now using it as a cold-blooded cash grab, liquidating your privacy and selling your data to the highest bidder.

The Red Wall is being built on your data. Spread the word before April 17th. 👇"
"'2045983797875720195'","4/19/2026 17:52","Tweet","en","689","537","129","23","0","2","1","If you have any tips on @LauraLoomer's FAKE Finance Andrew Simpson DM me or email me at projectconstitutionvideos@gmail.com"
"'2043868381590499554'","4/13/2026 21:46","Tweet","en","678","444","217","17","0","4","1","🆘EXPOSED: The Frantzve FAMILY Business Model — From 1970s BRIBERY To TPUSA Dark Money🕵️‍♂️💸

Check out this thread on the Frantzve family tree, and it leads straight back to the ""Financial Wild West."" If you want to understand how Lori Frantzve and Erika Kirk operate their labyrinth of LLCs and NGOs, you have to look at the man who started it all: Carl Kenneth Franntzve.

The Blueprint: The American Banknote Company (ABN) Scandal
In the 1970s, Carl Kenneth Frantzve served as VP of Manufacturing at ABN. This wasn't just any printing company—they printed the currency and bonds for foreign nations. According to our research, his tenure overlapped with what the Church Committee revealed to be a global network of systematic corruption.

The ""Grease"" Payments: Before the 1977 Foreign Corrupt Practices Act (FCPA), bribery was a ""normal business expense."" Over 400 US companies admitted to paying more than $300 million in bribes to foreign officials.

Monopoly on Sovereignty: ABN maintained a predatory policy where foreign nations couldn't even own the plates for their own currency—effectively giving a private US corporation capture over their monetary systems.

The Slush Fund Model: Companies perfected the art of inflating contracts to funnel cash into secret accounts for ""consultants"" (intermediaries for foreign ministers).

The Evolution: From Currency to ""Stem Cell"" NGOs
This isn't just history; it's a succession plan. Heres how  these 1970s ""Wild West"" tactics have been modernized.

NGOs as Statecraft: @MikeBenzCyber  posits that NGOs and government contractors act as ""stem cells"" for the national security state—flexible tools used to exert influence where the CIA or State Department cannot.

Plausible Deniability: By using 501(c)(3)s and 501(c)(4)s (like TPUSA and its affiliates), bad actors can perform tasks that would be unconstitutional for the government to do directly.

The Information Nexus: Just as ABN managed foreign IDs and currency, Erika’s foreign NGOs (like the Romanian orphanages) allow for deep embedding in vulnerable populations, gathering intelligence under the guise of humanitarian aid.

Connecting the Dots: The Modern Web
The apple doesn't fall far from the tree. We see the same patterns today:

Systemic Falsification: Using ""slush funds"" and off-the-books accounts to hide payments.

Lobbying & Narrative Control: The nexus between tax-exempt charities and political LLCs.

The ""Censorship Industrial Complex"": Protecting these NGO operations by labeling any whistleblower or investigator (like us!) as ""disinformation.""

THE VERDICT: The practices perfected by Carl Kenneth Frantzve in the 70s—which were so corrupt they forced the passage of the FCPA—are the exact same ""Wild West"" tactics being used to funnel dark money through the Kirk/Frantzve network today.

STAY TUNED. We are following the money and exposing the entire corrupt system.🕵️‍♂️🏛️

From: @SammyTherese FOLLOW Her!"
"'2047508678861812224'","4/23/2026 22:51","Tweet","en","674","423","153","22","76","3","2","🚨EXCLUSIVE: Laura Loomer’s Unhinged Under-Oath Meltdown Exposed—623 Page Deposition In Bill Maher Lawsuit 👀

Here's the FULL unredacted 600+ page deposition of Laura ""Larry"" Loomer from her defamation lawsuit against Bill Maher, and it is absolute INSANITY.

The mainstream media isn't going to show you this. Here are the most explosive, unhinged moments from the Loomer Tapes: 

1️⃣ THE MAR-A-LAGO JOB SABOTAGE: Loomer testifies under oath that Trump hired her ON THE SPOT, but a mole inside the campaign intentionally leaked it to the NYT to destroy the offer. (Page 74)

2️⃣ UNHINGED MELTDOWN ON TAPE: Loomer completely loses her mind on the opposing lawyer, screaming that she represents ""the filthiest f***ing people in our country -- Democrat scumbags"" and explicitly accusing the attorney of hating America. (Page 254)

3️⃣ THE SECRET BOYFRIEND: Loomer refused to name her boyfriend  Andrew Simpson on the record to prevent ""swatting,"" fighting the lawyer until she forced a confidential session just to reveal his first name is ""Andrew."" (Page 103)

4️⃣ THE UBER EJECTION: She testifies that a Muslim Uber driver saw her wearing a yellow Star of David on Rosh Hashanah and literally threw her out of a moving vehicle. (Page 252)

5️⃣ CRASHING THE $25,000 LINE: Loomer tells a wild story of showing up to Trump Doral and getting waved right into a $25,000 donor photo line for free. Trump's reaction to meeting her new boyfriend? ""No man can handle Laura Loomer."" (Page 178)

I am going LIVE tonight on Project Constitution to read the most explosive sections word-for-word. You do not want to miss this breakdown.

Drop a 🔥 in the replies, RT to get this out there, and tune in tonight!

🔗LINK TO FULL DEPO: 👇https://t.co/VwQANZS4fo"
"'2044506833990136097'","4/15/2026 16:03","Tweet","en","669","482","166","21","0","6","5","🆘WEIRD: Andrew Kolvet’s Proximity to Missing Children Exposed—Why Was Andrew Kolvet in Kenya During a Child Abduction Crisis? 🇰🇪🤔

The ""Everyday Heroes"" charity brand isn't the only thing linking Erika Kirk's inner circle to the murky world of international ""child advocacy."" This latest find regarding TPUSA spokesperson Andrew Kolvet is deeply concerning.

We have unearthed Andrew Kolvet’s Facebook timeline, and the dates are too precise to ignore. On April 23, 2019, Kolvet checked into Nairobi, Kenya. 🇰🇪

Just weeks prior, on April 5, 2019, a three-year-old boy named Keanu John was forcibly abducted from the home of his legal guardians, Matt and Daisy Mazzincini, by unidentified assailants and a DCI official.

While the Mazzincinis were fighting to get their son back from what they described as a lawless kidnapping, Andrew Kolvet—the man currently spinning ""security threats"" for Erika Kirk—was on the ground in that very city.

Kolvet even shared a video regarding this specific abduction on his own timeline. Why the intense interest in a Kenyan child custody battle?

How many ""coincidences"" does it take to form a pattern?

Erika Kirk: Built her brand on ""Everyday Heroes,"" a suspicious kids charity in Romania amid trafficking allegations. 🇷🇴

Victor Marx: Claims to ""rescue"" children in high-risk zones while asking for 50,000 rifles for ""orphanages."" 📦🔫

Andrew Kolvet: Check-ins in Nairobi during high-profile child abductions involving ""legal guardians"" and local courts. 🇰🇪

Like the others in Erika’s orbit, the involvement in these international cases is always framed as ""charity"" or ""protection."" But as @RealCandaceO recently pointed out, it is statistically impossible for everyone in this circle to be adjacent to the trafficking and abduction industry ""by accident."" 👱‍♀️⚔️

Was Kolvet in Nairobi to ""witness"" a rescue, or was he part of the logistical machinery that moves children across borders under the guise of medical necessity and guardianship?

The ""0.0 percent"" rule applies here, too. Most people go to Kenya for a safari; Erika's team goes for the ""kids"" 🧿🚩

👇 LOOK AT THE CHECK-IN. Why was the TPUSA PR chief in the middle of a Kenyan kidnapping crisis in 2019?

Credit to @CharlotteLee_88 for bringing this story to my attention. FOLLOW Her!"
"'2040406568420745607'","4/4/2026 8:30","Tweet","en","663","533","86","44","0","2","0","🚨BREAKING: A MEMO Just Wen't Saying Candace Is On Break So Everyone ATTACK Her!

Have you noticed the pattern? As SOON as Candace goes on break, the ""brave"" critics suddenly find their voices and come crawling out of the woodwork. It’s not a coincidence—it’s a calculated move.

They aren't looking for a fair debate; they’re looking for a head start. Here is why they wait for her to go on hiatus to attack.

They know X (Twitter) is a bubble. While she might fire back a post or two, that’s not what they’re afraid of.

The Power of the Platform: They are terrified of her YouTube audience. That is where the real reach is. They know if she’s on air, she’ll dismantle their lies the very next day in front of millions.

The ""Safe"" Window: By attacking while she’s away, they get days (or weeks) to let their false claims circulate without a formal rebuttal on her show.

Fear Masked as Confidence
It’s the ultimate sign of weakness. If your argument is strong, you shouldn't have to wait for your opponent to leave the room before you start talking. They wait because they can’t handle the immediate sunlight she throws on their narratives.

Cowards move in the dark. The truth waits for the mic to turn back on. 🎤🔥

I Can't wait For @RealCandaceO to breath fire on all of you when she comes back."
"'2044384297197379721'","4/15/2026 7:56","Reply","en","658","595","23","40","0","2","2","@NatlyDenise_ so you mock the credible death threat candace had on her life but clutch your pearls when when we do the same to Erika? Right... Totally makes sense🤡"
"'2043820975096053956'","4/13/2026 18:37","Tweet","en","638","558","51","29","0","2","0","🚨 YOU CANNOT MAKE THIS SCRIPT UP: Candace Owens vs. Cabot Phillips at the Playground!
While on hiatus, a ""victim"" (her words!) with a broken foot, @RealCandaceO had a surreal, sitcom-style showdown with Daily Wire’s Cabot Phillips—at a toddler playground of all places. 🏛️🕵️‍♂️
The Highlights:
•The Injury: Candace has been reporting with a broken foot for 4 weeks (Friday the 13th slipper accident!).
•The Encounter: She ran into Cabot Phillips while hobbling through an 85-degree park with 4 kids.
•The ""Lip"" Incident: Cabot allegedly got confrontational, dropping his bottom lip to show her a tattoo while arguing about his paternity—something Candace says she never even questioned!
•The Irony: While the adults had a ""verbal tussle,"" their toddlers almost became best friends.
Is the Daily Wire ""Drama Club"" taking things too far? Candace says her life is a sitcom written by Will Ferrell, and after this story, we believe her.
FOLLOW @RealCandaceO, RT and watch her full episode linked below 👇"
"'2044933751319171416'","4/16/2026 20:19","Tweet","en","635","539","86","10","0","4","3","Candace Owens DEBUNKS The Fed-Slop Lies Regarding The Just Released Inconclusive ATF Report—Plus She Reveals Her Fed ASSET Theory ⚖️🔎

The mainstream media is trying to spin the newly released ATF summary as a ""slam dunk,"" but once you strip away the alarmist headlines, the establishment’s case against Tyler Robinson is full of holes. 

Tonight, Candace Owens exposed the ""funny business"" behind the forensics and pointed the finger at the individual who might actually be holding the smoking gun.

THE ""INCONCLUSIVE"" BOMBSHELL
The media wants you to focus on the gun, but they’re ignoring the most important part of the ATF report: The ballistics don't match.

The Reality: The ATF could NOT conclusively identify the bullet fragments from Charlie Kirk’s autopsy as having been fired from the rifle found on the roof.

The ""Inconclusive"" Dodge: ""Inconclusive"" is federal-speak for ""this doesn't fit our narrative."" If the science was clear, they’d be shouting it from the rooftops. Instead, they’re pivoting to ""microscopic comparison""—a tactic reminiscent of the same FBI ""magic bullet"" theories used to cover up the truth after JFK.

THE CANINE DISCREPANCY: WHERE’S THE RESIDUE?
Here is a fact the prosecution can’t explain away: Bomb dogs and canines did NOT detect recent gun residue on that weapon.

Gunshot residue (GSR) can be detected for days after a weapon is fired.

If that rifle was the murder weapon used on September 10th, the dogs would have alerted. They didn't.

Her Theory: The gun was likely planted. It was Tyler’s gun, it had his prints—but it wasn't fired that day. It was dropped off to frame the narrative.

LANCE TWIGGS: THE FEDERAL ASSET IN THE ROOM?
We have to talk about the roommate. Lance Twiggs. * Twiggs was the one who ""discovered"" the incriminating letter.

Twiggs was the one feeding text messages to the FBI immediately after the shooting.

Twiggs’ behavior is consistent with a federal asset. As the roommate, he had total access to Tyler’s rifle and casings. Was he the one who dropped the ""cold"" gun on that roof to ensure the ""manhunt"" ended with the desired target?

THE BOTTOM LINE: A POLITICAL REMOVAL
Charlie Kirk was more than a commentator; he was a barrier to the war machine and a thorn in the side of the globalist agenda regarding Iran.

The government knows they don't have a case, which is why they’re falling back on ""new"" microscopic tests and media slop. They want to make the evidence fit the suspect because the truth—that this was a coordinated hit with local and foreign involvement—is too dangerous for the public to know.

The cover-up is falling apart. We are watching the watchers.

FOLLOW @RealCandaceO, RT and watch her FULL episode linked below. 👇"
"'2047277246776254780'","4/23/2026 7:31","Tweet","en","618","447","129","16","26","2","0","Laura Loomer CAUGHT LYING AGAIN. Here is her Father Jeffrey Loome in his own words contemplating committing her AGAIN to another Psychiatric institution.

The article below give way more details into her family.👇
Credit @Nero https://t.co/vWmw3vQjvL"
"'2042760763723448335'","4/10/2026 20:24","Tweet","en","618","510","81","27","0","3","1","🚨EPIC: Candace Owens Goes Scorched Earth on Trump’s Truth Social Rant— ""STUNNING BREAK REALITY"" 🏛️ 

The gloves aren't just off—they’ve been incinerated. 📉 After President Trump posted a viral tirade calling Tucker Carlson, Candace Owens, Alex Jones, and Megyn Kelly ""Low IQ"" and ""third-rate podcasters,"" Candace just dropped a response that is shaking the MAGA foundation.

🔍 THE CLIFF NOTES:
The ""Truth"" Factor: Candace points out that Trump’s insults worked in 2015 because they were rooted in truth (Hillary, Rosie, etc.). Now? Calling the most influential voices in independent media ""unsuccessful"" feels like a ""stunning break from reality.""

Cable is Dead: She schools the President on tech—reminding him that Joe Rogan, Tucker, and herself aren't ""failing"" because they aren't on Fox or CNN... they’re winning because they left the dying medium of TV behind.

The ""Elitist"" Trap: In the most viral moment of the clip, Candace calls out Trump for mocking Tucker for ""not finishing college."" She reminds him: ""Your base is comprised of blue-collar workers... the plumbers, the ranchers, the farmers.""

🎙️ THE MIC-DROP MOMENT:
""Tucker Carlson is more powerful than you. Deep down, I think you know that... You are sticking your nose up at the people you want to send to their deaths in the Middle East... Every one of them is infinitely more smart and capable than you right now.""

⚠️ WHY THIS MATTERS:
Candace is drawing a line in the sand. She is framing Trump as an out-of-touch ""Elite"" perched in the White House, mocking the very people (like the late Charlie Kirk) who didn't take the traditional college route but built the movement he's standing on.

WHO IS THE REAL VOICE OF MAGA? 🇺🇸 Is Trump losing touch with the ""Maestros"" who helped him win? Or is he right to distance himself from these independent giants?
👇 VOTE IN THE COMMENTS:1️⃣ TEAM TRUMP - The President is the leader, period. 2️⃣ TEAM INDEPENDENT - Tucker, Candace, and Alex are the real movement.

🚀 5 Viral Titles for the Algorithm:
""CABLE IS DYING"" — Candace Owens explains why Trump doesn't understand the new world. 📺📉

THE ELITIST TRAP: Did Trump just insult his own blue-collar base? Candace thinks so. 🚜⚒️

""INFINTELY SMARTER THAN YOU"" — The moment Candace Owens turned the tables on Trump. 🔥
The College Degree Insult: Why Trump’s attack on Tucker Carlson just backfired. 🎓🚫

THE TRUTH SOCIAL POST DISSECTED: Line by line, Candace Owens exposes the ""irrationality."" 🧐

FOLLOW @RealCandaceO, RT and watch her FULL podcast linked below! 👇"
"'2045845584842506607'","4/19/2026 8:42","Tweet","en","612","370","62","99","81","3","0","A PHOTO of Erika Kirk’s embrace with Trump is going VIRAL as people realize notice her reaction 👀

While the mainstream media might try to spin this as a grieving widow’s nerves, the body language in this clip from the recent TPUSA event tells a completely different story. It wasn’t a handoff; it was a sprint for the exit.

Watch the rigid half-hug Erika offers as President Trump approaches. The discomfort is palpable. As he goes for a peck on the cheek, her face adopts a look of pure, white-knuckle awkwardness.

ook closely at the still shot (or zoom in on the video). Notice the incredibly tight grip he has on her arm. In behavioral analysis, this is a clear power play—a warning sign that she better not crack under the pressure. 

Trump Left Hanging: The most telling part of the interaction is what happened after. Erika didn't just walk off; she practically vanished. President Trump was left standing center stage, seemingly surprised by the briskness of the exit, and was forced to wait for what felt like a full minute before beginning his speech.

This felt less like a supporter greeting a president, and more like a handler who realized she was losing control of the environment and needed to get off-camera immediately.

Watch the footage again. The body language doesn't lie 🇺🇸🆘"
"'2047268445230637418'","4/23/2026 6:56","Reply","en","610","551","27","15","17","5","0","@titoamboy @RealCandaceO @imelizabethlane @LoomerUnleashed @LoomersFanClub BTW i know about your other accounts as well like @LoomeredStrat https://t.co/XVJkCdrfpT"
"'2044417642333638724'","4/15/2026 10:08","Tweet","en","610","426","140","28","16","6","3","🆘ICYMI: The Numbers DON'T Lie— Protesters  OUTNUMBERED Attendees At TPUSA Event In  Athens, GA Last Night📉🪦

It’s official: There was more energy outside the Akins Ford Arena last night than there was in the empty seats inside. I have has confirmed that the number of protesters at the Athens, Georgia event significantly outweighed the actual attendees who showed up to see J.D. Vance and the ""new CEO"" at the TPUSA event.

Erika Kirk claimed she couldn't attend because of ""serious death threats."" But the wide-angle shots tell the real story, Empty Sections, Massive blocks of seating remained completely untouched. 

The real reason she cancelled was low ticket sales

You don’t pull out of a Secret Service-protected arena because you're scared of a ""threat""—you pull out because walking onto that stage would prove your movement is hemorrhaging support. 📉

The crowd outside wasn't just there to protest the Vice President; they were there to reject the manufactured ""victimhood"" of Erika Kirk. People are waking up to the alleged trafficking connections, her many lies, and the fact that Charlie’s legacy is being sold to the highest globalist bidder.

As @RealCandaceO correctly stated last night, this wasn't a security failure—it was a ticket sales failure. People don't line up for leaders who struggle to tell the truth about 9/10, Fort Huachuca, or their own ""charity"" origins.

TPUSA thought they could force a new icon on the American public. Tonight in Athens, the public sent back a very clear message: No Thanks.

👇 WATCH THE FOOTAGE. Look at the lines outside vs. the emptiness inside. Is this a movement, or a fading PR stunt?

From: @LePapillonBlu2"
"'2042281982470602977'","4/9/2026 12:42","Tweet","en","602","418","135","49","0","4","2","🚨SHOCKING: Photo Surfaces of Erika Kirk From 2010 Miss Colorado PAGEANT— What Are the Odds the Future AG and Erika Kirk Shared the SAME Stage?👑💅 

Look at what just surfaced. We’ve unearthed a rare photo from the 2010 Miss Colorado USA Beauty Pageant (held in late 2009), and the faces in this lineup are a ""who’s who"" of players.

Take a close look at the women standing on that stage:

Erika Frantzve (Right, in Blue): Long before she was the Fake ""Grieving Widow"" or the CEO of Turning Point, she was an aspiring actress and pageant contestant. 

Remember her own words in the Calvary Confessions tapes? She called marrying Charlie an ""upgrade."" This photo shows exactly what she was upgrading from—a life spent chasing the ""silver screen"" spotlight.

Lindsey Halligan (Left, in White/Gold): Standing just feet away from Erika is none other than the current Attorney General for the Eastern District of Virginia. In a twist of fate, Halligan actually beat Erika in this pageant, placing fourth while Erika trailed behind her.

🎰 COINCIDENCE OR CAREER PLANNING?
What are the odds that two women competing for a crown in Colorado in 2009 would end up in politics at the same time?

One became the ""Neck"" that moved the ""Head"" of the TPUSA empire.

The other became a top-tier legal powerhouse in the state of Virgina.

Erika Kirk’s demeanor has always felt like a performance. This photo is a reminder that she is a trained competitor who knows how to work a stage, wear a mask, and play for the win.

When she says her relationships in LA were about ""what you can do for me,"" she isn't kidding. She’s been in the game of social climbing and public image since at least 2009.

The Trad Wife ""Illusion"" is unraveling. Was this pageant the training ground for the ultimate ""hostile takeover""? Let us know what you think of this blast from the past in the comments. 👇"
"'2048839849399009792'","4/27/2026 15:01","Tweet","en","599","431","109","9","50","5","5","‼️EXPOSED: Why Turning Point 2.0 is a TOTAL Hijacking of Charlie’s Legacy—TPUSA Insider Tells ALL👀

Mason Lemme just resigned from his TPUSA chapter, and he’s telling us WHY. The ""Turning Point 2.0"" transition is a total fraud, Exposes the ""diabolical"" tactics used to silence TPUSA staff after Charlie Kirk’s death. From fake Uber stories to decoy children photos, the ""Turning Point 2.0"" leadership is desperate to keep the lid on the truth.

The Highlights:

📍 The Aubrey Purging: @AubreyLaitsch  was terminated for one reason: she questioned the ""totally bogus"" Uber story and the suspicious circumstances of Charlie Kirk’s assassination. 

🚩 📍 Guilt vs. Grief: Watch the clip—Andrew Kolvet caught in a ""Freudian slip"" on Megyn Kelly, talking about ""guilt"" instead of ""grief."" Mason calls it out: ""This is all a script."" 

📍 The Fake Kids: Mason did the math. The kids in the photos Erika sent to Kolvet don't match Charlie’s actual children. Why the decoys? Why the secrecy? 

""You can’t work at Turning Point and challenge the narrative."" 

Watch the full INTERVIEW linked below and FOLLOW @LemmeReact and lets show him our support!"
"'2039816727949947341'","4/2/2026 17:26","Tweet","en","597","430","141","26","0","4","4","🚨 EXPOSED: How TPUSA Is VIOLATING The Judge's GAG Order In The Tyler Robinson Case— The Only People Tainting the JURY Work for TPUSA. 🪞🧐

It is truly remarkable to watch the level of emotional hysteria coming from the TPUSA camp lately. They love to point the finger at independent researchers—the ""conspiracy theorists,"" as they call us—accusing us of ""contaminating the jury pool."" But as @baroncoleman  just forensically demonstrated, the only people ACTUALLY violating the GAG ORDER and the law are TPUSA.

Let’s look at the Gag Order that Erika Kirk and Blake Neff seem to think doesn't apply to them:

The Legal Reality ⚖️
Baron pulled the receipts. Publicity Notice F-2025-012 identifies Erika Kirk and Blake Neff as witnesses. Under Rule 3.6, witnesses are strictly prohibited from making extrajudicial statements regarding the guilt of the accused.

Yet, what do we see?

Blake Neff is all over X and national radio, definitively declaring Tyler Robinson’s ""guilt,"" citing DNA, and claiming ""confessions.""

Both @MrsErikaKirk and @BlakeSNeff have recieved direct notices from the court, yet the @TPUSA PR machine continues to churn.

The Real Danger 🏗️⚔️
Here is the part they don't want you to understand: By flagrantly disregarding a judge’s order to campaign for a conviction in the court of public opinion, they are creating a massive legal liability. If the jury pool is sufficiently ""tainted"" by the prosecution’s own witnesses, a judge could—and SHOULD—throw the entire case out. 📉

Is their obsession with the ""official"" story so deep that they’d rather risk Tyler Robinson walking free than allow a real investigation into the PETN explosive and the EGYPTIAN flight patterns? ✈️📑

The ""Maniac"" Mirror 🪞
Blake calls us ""maniacs,"" but WE aren't the ones under a court order. We aren't witnesses. We are private citizens exercising our First Amendment rights to ask why the 4K footage shows an explosion under a shirt, not a bullet from a 30.06 rifle. 🧐

Stop pointing the finger at the ""us"" and look in the mirror. If Tyler Robinson walks, it won't be because of a ""conspiracy theory""—it will be because TPUSA couldn't keep their mouths shut. 🤐

Special thanks to @NihiloX for putting together this clip and to @baroncoleman for pointing out the glaringly obvious. FOLLOW both these awesome journalist."
"'2049603182167568808'","4/29/2026 17:34","Tweet","en","584","473","92","8","11","4","0","‼️Candace Is BACK From Italy—And She’s Bringing The HEAT For Her Birthday. 🎂🔥

Candace returns from Italy to find out she’s been labeled ""Most Vile Person of the Year,"" but the real ""vile"" behavior is coming from the people living in glass houses. 🏆 From the whiplash of the administration’s rhetoric to the scripted lies being told in her name, she isn't letting anyone slide today.

The receipts she’s pulling:

The Hypocrisy: Calling out the double standards between Trump’s Truth Social posts and the sudden pearl-clutching over ""hateful rhetoric."" ✋

The ""Rhythm Nation"" Fail: Erica Kirk tried to channel Janet Jackson, but all we got was a scripted routine of lies. Shame on her for doing it on Candace’s birthday. 💀

The Unfiltered Reality: Reframing ""The Incident"" and standing her ground against the establishment.

Candace is doing what she does best: refusing to be scripted and refusing to be silenced. Welcome back to the only monologue that actually tells it like it is.

The truth doesn't care about your feelings—and neither does Candace. 🗣️💯

FOLLOW @RealCandaceO, RT and watch her FULL episode linked below. 👇"
"'2042779062528069774'","4/10/2026 21:37","Tweet","en","578","433","131","14","0","5","3","🚨BOMBSHELL: Candace Revealed Trump's SECRET Plan To ""Screw Over"" Miriam Adelson's $100M Devil's Deal.""— Was That The CATALYST For The Butler ASSASSINATION Attempt?🤔🎯

This is the ""Black Swan"" event for the MAGA movement. Candace Owens has just released a clip that doesn't just criticize President Trump—it alleges a high-level conspiracy involving $100 million deals, blackmail, and the real reason behind the shift in Trump’s personality since the Butler, Pennsylvania assassination attempt.

From the ""Miriam Adelson Deal"" to the role of Laura Loomer, Candace is pulling back the curtain on what she calls a ""sinking ship.""

In her most shocking reveal yet, Candace Owens shares a story told to her by the late Charlie Kirk regarding a meeting between Donald Trump and Miriam Adelson. 📉💰

🛡️ THE EXPLOSIVE ALLEGATIONS:
The $100 Million Trade: Candace alleges that Adelson offered Trump $100M in exchange for the annexation of the West Bank.

The ""F-Her Over"" Comment: According to Candace, Charlie Kirk witnessed Trump adjusting his tie in a mirror, saying he would take the money and then ""screw her over.""

The Butler Attempt: Candace questions why Trump was so quick to ""close the book"" on the Butler assassination attempt. She asks: Did the wrong people find out Trump was planning to double-cross them? 🧐🚩

The Blackmail Letter: She reads a letter from Tucker Carlson suggesting the Israeli government has a ""storied history"" of blackmailing US Presidents (citing the Clinton/Lewinsky phone sex tapes) to explain why Trump is suddenly ""morphing"" into a war-hawk.

🎙️ THE ""CERTIFIABLE LUNATIC"" ADVISOR:
Candace takes aim at Laura Loomer, calling her a ""certifiable lunatic"" and a ""fraud"" who isn't even Jewish but ""plays the part"" to manipulate policy. She plays a clip of Loomer bragging about ""knifing"" Tucker Carlson from the front.

🕯️ THE TRIBUTE TO KIRK:
""Charlie Kirk died free. You will most certainly die a slave... You sold your soul for what? Another gilded ballroom?""

THE MOVEMENT HAS SHIFTED. 🇺🇸 Candace is effectively arguing that Trump is no longer in control. She claims he is sitting at the side of the table in his own Situation Room while Bibi Netanyahu sits at the head.
WHICH SIDE OF HISTORY ARE YOU ON? Is the President being blackmailed and manipulated, or has he simply lost his mind?

👇 SOUND OFF IN THE COMMENTS.
""I'll F-Her Over"" — The secret $100M meeting Trump didn't want you to know about. 💰🤫
The Butler Conspiracy: Why was Trump so quick to hush up the assassination attempt? 🎯🕵️

""Bibi is the Master"": Megan Kelly and Candace expose the power struggle in the Situation Room. 🏛️
THE BLACKMAIL THEORY: Tucker Carlson’s warning about why Trump is ""going mad."" 📉🤐

Laura Loomer Exposed: Candace calls out the ""advisor"" she says is a ""certifiable lunatic."" 🤡🚩

""The West Bank Deal"": What Miriam Adelson allegedly bought for $100 million. 🇮🇱💸

The Death of a Legend: How Charlie Kirk’s final stories are haunting the White House. 🕊️

""He’s Not Sitting at the Head of the Table"": The image of Trump that has MAGA reeling. 📉

FROM JFK TO TRUMP: Candace warns about what happens when you tell ""that little country"" NO. 🛡️

THE REAL DEATH CULT: Candace Owens’ final, chilling words on the current war. 🕯️🔥

FOLLOW @RealCandaceO, RT and watch her FULL episode linked below."
"'2040529761869394112'","4/4/2026 16:39","Tweet","en","573","397","155","21","0","2","0","🚨 SAME SCRIPT, DIFFERENT HANDLES: Trump Admin Pro Iran Propaganda Wave Just Hit - They ALL Got The Call🦜📢

This is NOT organic. 

The message went out and these accounts got their marching orders to post the exact same scripted narrative on behalf of Trump.

It’s so easy to spot when they’re too lazy to even write their own messages — they just copy-paste the same “U.S. military thrives in darkness over Iran” talking points with the identical F-15E Strike Eagle FOX News graphic.

This is a textbook Psyop, people. Don’t fall for it.

This is the exact same coordinated playbook they’ve been running against Candace Owens and others like myself since we started investigating the Charlie Kirk case.Remember when literally everyone and their mother on that side suddenly started calling Candace “EVIL” and “demonic” in perfect unison?

Now they’re ALL repeating the exact same B.S. line about the ATF “NOT being able to match the fragment to the gun” — arguing semantics, taking issue with how it’s worded, and posting the identical “no it’s inconclusive” script. Lol.

Here's a list of the accounts all pushing the exact same Iran “darkness” script:

• @AndrewKolvet
• @EricLDaugh
• @RichSementa
• @KMGGaryde 
• @AndrewKolvet
• @GuntherEagleman
• @DrCharlieWar_Q1
• @fk_kennedy78364
• @Mayra_FloresTx
• @majorbrainpain
• @realmagaJohnQ
• @LibertyAngelUSA
• @kikolara23
@RichSementa

When they flood the timeline with the same exact message at the same time, it’s not a coincidence — it’s coordination.
Wake up. Think for yourself. Don’t get played
@elonmusk @nikitabier"
"'2041452650311438700'","4/7/2026 5:46","Tweet","en","572","388","172","12","0","2","1","🚨CALVARY CONFESSIONS PART 1: The DELETED Video Erika Kirk Desperately Tried to Hide— FIVE Bombshell Clips The Expose Erika Is A Fraud. (MEGA THREAD🧵)

The Erika Kirk illusion is completely unraveling. We just secured an hour-long  previously deleted video of Erika Kirk speaking at the 2021 Good Things Women's Conference In CA, and she ACCIDENTALLY exposed the entire operation.

From admitting she manipulates MEN to inappropriate fixations with MINORS, here are the 5 smoking gun clips she tried to hide. 🧵👇

Massive Shoutout to @SarcasticBalkan For Hooking me up with this deleted video. Everyone should definitely FOLLOW her and go check out her awesome YT channel ""Nihilist With A Twist"" Linked in the comments below."
"'2046369436307714295'","4/20/2026 19:24","Tweet","en","547","427","63","14","43","6","6","🤯BUSTED AGAIN: Erika Kirk Caught In ANOTHER Lie—Cites FAKE ""Death Threats"" to Cover Up a Humiliating High School Revolt 👀

The PR machine is completely falling apart. If you want to see what a collapsing narrative looks like in real-time, Candace Owens just brought the receipts on exactly how Erika Kirk is trying to cover up her massive unpopularity.

Here is the timeline of the latest TPUSA deception:

❌ THE LIE: On Friday, Turning Point USA abruptly canceled Erika Kirk's scheduled appearance at Pinnacle High School in Arizona. The official email sent out claimed it was due to ""serious death threats"" and that they had to prioritize her safety.

❌ THE HYPOCRISY: On that exact same day, in that exact same city, Erika miraculously felt perfectly safe to walk out on stage and open for the President at a rally. She used his crowd to pretend she had a massive following, completely abandoning the ""safety"" excuse when there was a camera and a VIP stage involved.

✅ THE TRUTH: Candace just laid out the undeniable reality. Erika didn't cancel the high school event because of threats. She canceled it because the local community completely rejected her.

Just look at the actual local and national headlines that TPUSA is trying to hide from you: 
📰 Newsweek: ""Erika Kirk's High School talk Sparks furious backlash from parents."" 

📰 Daily Beast: ""High school moves Erika Kirk event off campus after students revolt."" 

📰 Arizona Republic: ""Parents are not happy.""

The bottom line: Parents, teachers, and students organized a massive boycott and threatened legal action because they do not want her there. She does not have the authenticity or the grassroots connection that Charlie built. Instead of admitting the public is rejecting her elitist rebrand of the organization, they are fabricating ""death threats"" to play the victim.

You can't hide behind the President's rallies forever. The grassroots are waking up.

FOLLOW @RealCandaceO, RT and watch her FULL episode lined below. 👇"
"'2044930194901770632'","4/16/2026 20:05","Tweet","en","542","405","132","5","0","6","2","ICYMI: Ghislaine Maxwell's Father Robert Maxwell FUNDED Mitt Romney’s Bain Capital In 1984—People Around Erika Kirk ALWAYS Lead Back to the Epstein.🤯

The investigation into the events of September 10th has just collided with the darkest corners of modern history. 

We’ve been tracking the ""one-degree of separation"" for months, but tonight, Candace Owens dropped a bombshell that links the money behind American politics directly to the Maxwell-Epstein intelligence apparatus.

We are no longer just looking at a simple murder; we are looking at a Tangled Web of legacy intelligence and arms trafficking.

THE SEED MONEY: BAIN CAPITAL & ROBERT MAXWELL
Before Ghislaine Maxwell was a household name, her father—suspected Mossad asset Robert Maxwell—was pulling the strings of global finance.

The Receipt: In 1984, Mitt Romney was struggling to raise the initial $37 million for Bain Capital.

The Investor: Robert Maxwell stepped in as an early seed investor, dropping $2 million into the fund.

The Connection: Romney and Benjamin Netanyahu were colleagues at Boston Consulting Group. The ties between the Maxwell family, Israeli interests, and American private equity run deep and decades-long.

FROM ARMS TRAFFICKING TO BLACKMAIL
Why does this matter for the Charlie Kirk investigation? Because the players change, but the infrastructure remains the same.

The Origin Story: According to intelligence insiders (like Victor Ostrovsky) and former associates, Jeffrey Epstein didn't start with a ""massage"" ring. He was brought in via the Maxwells for arms trafficking during the Iran-Contra era.

The Pivot: When the intelligence community realized Epstein was more useful as a leverage tool, the arms trafficking operation evolved into the blackmail ring we know today.

THE RECURRING THEME: ONE DEGREE OF SEPARATION
Project Constitution is now officially adding an ""Epstein/Maxwell Column"" to our master spreadsheet.

We see the same names.

We see the same foreign intelligence ties.

We see the same ""coincidental"" timing.

From the IDF-linked arms deals we exposed with Victor Marx to the seed money behind the political establishment, the signal is clear: This is a protected network.

THE BOTTOM LINE:
You cannot understand the New era of Turning Point—or the mysterious circumstances of September 10th—without looking at the hands that built the machine. If the people surrounding Erika and Charlie Kirk are one degree away from the Maxwell blackmail apparatus, we aren't just looking at a ""sitcom""—we're looking at a National Security Crisis.

We are following the money. We are following the ghosts. We are finding the truth.

FOLLOW @RealCandaceO,RT and watch her FULL episode linked below."
"'2041214135996744160'","4/6/2026 13:59","Reply","en","536","497","31","8","0","0","2","@realstewpeters War criminals gotta war crime. Him and Bibi are both war criminals and deserve to court martialed"
"'2044924319537484109'","4/16/2026 19:42","Tweet","en","533","372","111","16","34","5","1","WE NEED YOUR HELP: Did Amir Tsarfati Announce The Death Of Charlie Kirk Before 1:13 PM Utah Time?  🕵️‍♂️💻

Candace is following a new lead, and we need the community’s eyes on this immediately. A tip just surfaced suggesting that Victor Marx may not have been the only one with early ""inside"" information on September 10th.

Reports are coming in that (@beholdisrael) Amir Tsarfati may have been among the very first to break the news of Charlie Kirk's passing—potentially even earlier than the 1:13 PM timestamp we just established for Victor Marx.

If you’ve been following our investigation, you know we are tracking a pattern of ""premature announcements."" From Bibi Netanyahu’s early comments to Victor Marx’s 50-minute confirmation, the circle of people who ""knew"" before the American public is increasingly tied to specific international and military circles.

THE IDF LINK: Amir Tsarfati has well-documented ties to the IDF and Israeli intelligence communities. He is also deeply embedded in the same pastoral and church networks as Victor Marx and Erika Kirk.

If he posted before the official White House announcement, we need to know the exact second that digital footprint was created.

WE NEED YOUR RECEIPTS:
We are looking for screenshots, archive links, or screen recordings of any posts, telegram messages, or livestreams from Amir Tsarfati on September 10th. What to look for:
If you have any information you can DM me or Email: projectconstitutionvideos@gmail.com or reach out to Candace Owens Tipline: tips@candaceowens.com

The establishment thinks they can delete the evidence of their coordination, but they forgot about the power of a decentralized investigation. If Amir Tsarfati had the intel before the President of the United States, we are going to find out who gave it to him.

Plot the timeline. Find the signal. Expose the truth.

FOLLOW @RealCandaceO, RT and watch her FULL episode linked below. 👇"
"'2047239681629102449'","4/23/2026 5:02","Reply","qme","529","436","77","9","7","2","0","@RealCandaceO https://t.co/27eYGg7BS2"
"'2042822555724058675'","4/11/2026 0:30","Tweet","en","528","349","95","84","0","3","4","🚨EXPOSED: Erika Kirk And Her Proxy PRAY For God To ""BREAK OUR TEETH AND OUR MOUTH""—They're WEAPONIZING The Bible To Call For VIOLENCE Against Their Critics😱

This clip is the definition of ""mask off"" for Erika Kirk and Turning Point Faith leadership. Under the guise of ""forgiveness"" and ""kingdom business,"" Erika Kirk and her proxies just issued a chilling message to anyone investigating the truth behind Charlie Kirk’s death and the organization's finances.

Watch this and tell me it isn't a direct threat.  

Erika Kirk and her ""pastor"" proxies just took spiritual gaslighting to a dangerous new level. While preaching about ""forgiveness,"" they just subliminally green-lit their followers to attack investigators.

🔍 THE BREAKDOWN:
""Demonic Acclamation"": Pastor James Kaddis claims that if you find anything ""suspect"" about Erika’s narrative, you aren't an investigator—you have a ""demonic acclamation."" It’s the ultimate way to dehumanize critics. 📁👹

The Low-Key Call for Violence: Kaddis openly admits he prays for God to ""BREAK THEIR TEETH AND THEIR MOUTH."" Erika’s response? A firm ""Amen."" They are literally asking for physical harm to come to those asking for transparency. 🦷💥

Subliminal Targeting: By labeling truth-seekers as ""evil"" and ""inspired by the Father of Lies,"" they are telling their followers that attacking us is a ""spiritual duty."" This is how you weaponize a fan base.

The ""Ignore the Noise"" Shield: Erika claims her energy only goes to her ""business"" and her kids, yet she spent the entire segment obsessing over the ""horrible things being said."" If it's just ""noise,"" why are they praying for our dental work to be destroyed? 

🎙️ THE CRINGE MOMENT:
""I don’t think there’s anything wrong with praying the prayer... God break their teeth in their mouth. I’m praying that prayer for a lot of people."" — Pastor James Kaddis

⚠️ THE REALITY:
They are terrified. They are calling for ""perfect justice"" because they know the human justice system—and the investigative receipts—are closing in. When you can’t answer the fraud allegations, you start praying for the investigator’s mouth to be shut. Literally.

WHO IS THE REAL ""DEATH CULT""? 🏛️💀 They claim we are drinking poison, but they are the ones praying for violence in the name of the ""Prince of Peace.""

SOUND OFF: Is this a prayer meeting or a mob hit disguised as a sermon?"
"'2039474440669417957'","4/1/2026 18:46","Tweet","en","527","359","164","4","0","4","3","🚨 EXPOSED: The 50-YEAR PACT Between BiBi Netanyahu And Mitt Romeny The Establishment's ""RIDE OR DIE"" Syndicate 🧐

The media wants you looking in every direction except up. They want you focused on patsys, fabricated text messages, and lone gunmen. But if you want to understand the true architecture behind the Charlie Kirk assassination and the broader deep state cover-up, you have to look at the people pulling the strings.

Tonight on the podcast, Candace Owens just blew the lid off one of the most powerful, unspoken alliances in global politics.

We need to talk about a friendship. Not a casual political acquaintance—a 50-year, blood-oath alliance.

THE 1976 BOSTON CONNECTION:
Let’s take a trip back to 1976. Long before the public knew their names, two young corporate advisors were recruited to work together on the 16th floor of the Boston Consulting Group.

Those two men? Mitt Romney and Benjamin ""Bibi"" Netanyahu.

For nearly half a century, these two have operated in lockstep. The New York Times even bragged back in 2012 that they ""speak in shorthand"" and share a ""profoundly analytical view of the world."" They are the definition of ""ride or die.""

But as Candace chillingly pointed out tonight: When it comes to this specific syndicate, you need to put a heavy emphasis on the word DIE.

TYING IT TO THE TIMELINE
Why does this 50-year bromance matter right now? Let’s connect the dots the establishment is praying you ignore.

Remember July 13th? The day Tucker Carlson stood on stage and publicly questioned Benjamin Netanyahu, the Epstein financial files, and the origins of establishment money. It was the moment the populist right officially declared war on the untouchable uniparty syndicate.

We already know that in the immediate aftermath of that speech, the decision was made to eliminate Charlie Kirk.

Is it just a coincidence that Mitt Romney—the ultimate establishment GOP insider—is lifelong best friends with the very foreign leader who was in the crosshairs of the America First movement right before Charlie was taken out?

THE UNIPARTY ARCHITECTURE:
You cannot separate domestic cover-ups from foreign nexuses. When the FBI refuses to investigate the foreign ties to Charlie’s assassination, and Kash Patel shuts down inquiries into a foreign hit squad, you have to look at who is protecting who.

Romney and Netanyahu represent the exact same establishment machine. They are the old guard. They are the money. They are the power structure that Charlie Kirk was actively dismantling by mobilizing a new generation of conservative voters who refuse to bow to the military-industrial complex and the foreign war machine.

The puzzle pieces are snapping together. The same people who colluded to hijack the country in the 1970s are the same people trying to bury the truth about September 10th.

They thought they could sweep this under the rug. They thought you wouldn't notice. They were wrong. Share this everywhere. 🇺🇸

FOLLOW @RealCandaceO, RT and watch her FULL episode linked below. 👇"
"'2047744271021682917'","4/24/2026 14:27","Tweet","en","524","361","61","31","71","5","2","Drag Queens Raise $20,000 for ACLU While Absolutely Destroying Erika Kirk & TPUSA — It Was Savage 👀

You guys have to see this clip. A parody DRAG event in Brooklyn just raised $20,000 for the ACLU, and they spent the entire night absolutely torching Erika Kirk, Melania, and the rest of the out-of-touch establishment.

Honestly? It is hilarious.

They had a performer named Lauren Bacall step out as the ""chief executive of Turning Point USA"" and do a completely exaggerated dramatization of Erika Kirk’s speaking style. They nailed it. They brought out a Candace Owens impersonator to add to the absolute chaos of the circus. And the Melania lip-sync about Santa's night vision goggles? Absolute gold. The crowd went wild.

While the TPUSA establishment is busy flying around on $100,000 Gulfstream private jets, hiding behind fake security threats, and spending millions of dark money to buy the YouTube algorithm, they are getting relentlessly mocked and parodied by drag queens in New York.

These pseudo-royalty elites think they are completely untouchable, but the reality is they are becoming a total laughingstock.

Watch the clip. Say what you want about the event or the ACLU, but watching these grifters and elitists get publicly roasted like this is exactly the kind of humbling they deserve. Even the C.O bit was pretty funny. 

Drop a 😂 in the replies if you are loving this as much as I am, and RT to make sure the TPUSA sees exactly what the public actually thinks of them!"
"'2049651608582037669'","4/29/2026 20:46","Tweet","en","522","437","53","22","10","3","0","Is Kash Patel’s HONEYPOT girlfriend—the one who just got caught cheating on Kash, hiding in a room holding hands with another man at the White House Correspondents’ Dinner—Are you really trying to call out @RealCandaceO? 
The audacity is unreal. 🤡🍯

@AlexisWilkins"
"'2049862145915916600'","4/30/2026 10:43","Tweet","en","519","370","96","15","38","4","2","😱SHOCKING: TPUSA’s “HYPE SQUAD” Scandal —Partitioning Venues, Staged Questions & Paying Kids To REACT 👀

Turning Point is officially dead, and the receipts are coming in fast. They’ve moved from organic movements to ""Hype Squads""—paid recruits who are essentially the ""laugh track"" at their events

They are now recruiting and paying people to join the ""official hype squad,"" loading them up with free swag and jerseys just to show up. 

If you’ve ever been to a live studio taping of a sitcom or a late-night show, you know they have people who prompt the crowd to laugh, clap, or cheer at specific moments. This is exactly what Turning Point is paying for.

🔘Designated Reactions: These paid recruits are strategically placed to clap, yell, and laugh at designated points to make it look like the speakers have public backing.

🔘Staged Questions: It’s not just the applause that’s fake. If you go back through the footage of their last few events (like in Georgia), the people ""randomly"" asking questions are actually their own paid Hype Squad members. The ""public engagement"" is a scripted performance. 

🔘Loading Up on Swag: They are recruiting people, loading them up with jerseys, hats, and pins, and paying them to attend just to make it look like they can draw a crowd. 

🔘The Partition Trick: They are literally partitioning off sections of venues to make the rooms look smaller so they can claim a ""packed stadium."" If you have to hide the empty seats to hide the failure, you’ve already lost. 

🔘The Attendance Lie: In Idaho, they claimed a ""massive crowd"" of 400 people. You’re at a university with 10,000 students and you can't even get 400 of them to show up organically? That is a disaster. 🏟️🚫

Charlie Kirk never had to pay people to show up. He had real support. Now, Erika Kirk is delivering nothing but a ""Big Fat L."" 

The only thing they are saving is appearances, while the movement crumbles behind the scenes. 

Don’t fall for the psyop. The crowds are fake, the questions are staged, and the ""hype"" is bought and paid for.

From: @Ryanmatta FOLLOW Him!"
"'2046727286896926752'","4/21/2026 19:06","Tweet","en","516","407","78","8","23","6","2","😱Liars Like Blake Neff Need REALLY GOOD Memories—Candace Owens vs. Blake Neff 👀

Tonight, Candace Owens dismantled the latest attempt by Blake Neff to gaslight the public. In a masterclass of ""receipt-keeping,"" Candace exposed how Turning Point and the FBI are struggling to keep their stories straight as the crowd-sourced investigation closes in.

1. The ""Gun"" Lie Exposed 
Blake Neff tried to call Candace ""dishonest"" for saying the media claimed Tyler Robinson’s parents recognized a family heirloom gun on the news.

Candace pulled the receipts—Daily Mail and MSN headlines explicitly stated the father recognized a family heirloom in media reports.

These reports came directly from the ""sloppy"" federal charging documents and text messages where Tyler says, ""My dad wants photos of the rifle... Grandpa wants to know who has what."" * The Reality: Blake and the feds are tripping over their own narrative. As Candace says, “If you’re going to be a liar, you better have a good memory.”

2. The ""Aspen Audio"" Silence 
While Blake is busy nitpicking headlines, he is suspiciously silent on the bombshell allegation Candace dropped last week:

Multiple TPUSA donors who were at the Aspen event tell Candace that Charlie NEVER said he appointed Erica as CEO on stage or at the private dinners.

Donors believe the audio released by TPUSA is AI-generated.

The Missing Video: If this happened at a massive event, where is the video? Why wouldn't TPUSA show the footage of Charlie's ""final wish"" to honor him?

3. Boiling the Point 
Instead of providing proof, Blake resorted to calling Candace a ""psychopath with a knife on a subway.""

""You don't need to share the video with me, Blake... share it with the world. You put up a recreation of the tent Charlie died under for selfies—if you had this video, you would have shown it.""

The Bottom Line 
The narrative is crumbling. If the ""succession audio"" is fake, the entire leadership structure at Turning Point is built on a lie.

Blake, the world is waiting: Do you have the video, or was the AI just that good?

FOLLOW @RealCandaceO, RT and watch her FULL episode linked below. 👇"
"'2043153996530020664'","4/11/2026 22:27","Tweet","en","513","347","69","97","0","2","1","CRINGE: Newly Resurfaced Video Shows Erika Kirk Playing Dress Up As A Fireman In A Scottsdale Firehouse.🚒👩‍🚒

In 2019, Erika and Tracey Martin headed down to a Scottsdale fire station on Christmas Day. The narrative? A saintly sister bringing Christmas to her ""hero"" stepbrother on duty. The photos show the whole squad: Erika, her mother, her stepfather, her stepbrother, and Tracey.

Erik Kirk can then be seen trying on her step brothers turn out gear. 

For Those of us investigating her past and the Charlie Kirk's death, this is another plot point on the Erika Kirk timeline. 

The more we uncover and track her past, the easier it becomes to unwind her lies. 

Credit: @Desiree661 FOLLOW Her!"
"'2049649165240516880'","4/29/2026 20:36","Reply","en","508","450","20","35","3","3","0","Side Note: Since you claim you went to the White House Correspondents  Dinner To Face Your Detractors, Why don't you face me directly? 

Don't you want me to try to humanize you? 

I would love sit down with you and talk either virtual or in person and have a back and forth. I promise I will be polite and respectful. I just want to ask some questions about my reporting and get some clarification. 

If you really want the reporting to stop then yoiu would say YES. 

@MrsErikaKirk"
"'2044906179378188564'","4/16/2026 18:30","Tweet","en","505","378","95","7","25","4","2","🆘EXPOSED: The Secret Service JUST Debunked Erika Kirk's LIES There Was No Credible Threat. 🤥
 
The establishment is scrambling, and the narrative is crumbling in real-time. Candace Owens just dropped a truth bomb that exposes exactly how deep the deception goes. If you aren't paying attention to the ""secret threats"" being manufactured by the mainstream, you’re missing the forest for the trees.

The Secret Service didn't just disagree; they effectively called her a liar. When the most elite security detail in the world issues a public statement to shut down a narrative, you know the ""threats"" being sold to the public are nothing but smoke and mirrors.

THE VICTOR MARX CONNECTION: Why was Marx the first person to announce Charlie Kirk’s ""death"" (a post he later deleted)? And more importantly, why do allegations of ties to foreign intelligence keep surfacing? The timing isn't a coincidence—it's a calculated tactic.

THE ATF NOTHING BURGER: After all the buildup, the ATF ""summary"" is a total dud. They want you distracted by the noise so you don't look at the signal.

THE BOTTOM LINE:
We are being fed a diet of manufactured crises. When the official reports come back empty and the ""whistleblowers"" get debunked by their own agencies, you have to ask: Who benefits from this chaos?

The truth doesn't need a ""secret"" label to be real. It just needs to be told.

FOLLOW @RealCandaceO, RT and watch her FULL episode linked below. 👇"
"'2049529785450139781'","4/29/2026 12:42","Tweet","en","493","332","68","77","16","4","0","‼️BREAKING: The Real Reason Erika Kirk ATTENDED The White House Dinner She Wanted To Confront Her ENIMIES Face To Face  🗣️👀

Erika Kirk is out here trying to sell a narrative that she walked into the White House Correspondents' Dinner like a gladiator entering the arena. She claims she went there to ""look everybody who hates her in the face"" because they ""dehumanized"" her.

Let’s get real for a second:

The ""Elite"" Co-Mingling: She spent the night ""elbow to elbow"" with the very people she claims are destroying the country. She wasn't there to fight; she was there to feast. You don't ""face down"" dehumanizers by sharing 10 bottles of wine per table in a fancy ballroom.

This is classic emotional manipulation. By framing a high-society dinner as a courageous act of defiance, she’s trying to distract you from the fact that TPUSA is now fully integrated into the very ""swamp"" Charlie used to rail against.

If these journalists are as ""evil"" and ""unhinged"" as she says, why is she seeking their validation in a ballroom? It’s not about courage; it’s about proximity to power.

Erika wants you to believe she’s a warrior, but the footage tells a different story. It was a cocktail party, not a confrontation. She’s using ""dehumanization"" as a buzzword to shield herself from the legitimate questions we are asking here at Project Constitution. 

The propaganda is thick, guys. Don't buy the ""bravery"" act. 👇"
"'2038264874522796252'","3/29/2026 10:39","Tweet","en","483","399","38","46","0","2","1","Whoever is making this FAKE tweets by Erika Please STOP!

There's enough real stuff Erika Kirk does that we can criticize, we don't need to make up anything. These fake tweets are only helping their side cry harassment. https://t.co/kHVrUxFs4a"
"'2046682050804228350'","4/21/2026 16:06","Tweet","en","479","356","95","20","8","2","0","Andrew Jacob Simpson: Call 911. Call for help. Blink twice. 

Laura Loomer is desperate and suspiciously trying to hide who her SECRET fiancé is. Hmm 🤔 

The truth is Loomer isn't even JEWISH…. Loomer is a mentally unhinged drug addict projecting your own instability and insecurity onto the world. 

Between the cocaine, your own words about trying to commit suicide multiple times, and the obvious body dysmorphia, you’ve lost the plot. 
 
The receipts are public and the world is finally watching you crumble under the weight of your own hypocrisy. 

ANDREW JACOB SIMPSON
How was Indiana?"
"'2039497552949592245'","4/1/2026 20:18","Tweet","en","466","340","118","8","0","3","2","🚨BOMBSHELL: Candace Owens Exposes BYU's Direct Ties to the CIA Was The CEO Of Timpanogos Hospital Andrew Zenger RECRUITED By The CIA?!😱

On her podcast tonight Candace just dropped a huge CIA bombshell. This isn't speculation; she says she knows it for a fact. The investigation into Charlie Kirk's death has just uncovered a deep-state rabbit hole leading directly to BYU, the CIA, and the Romney clan.

Candace reveals that BYU has direct ties to the CIA and is a key recruiting ground. This isn't a conspiracy theory; she states it with 100% certainty.

But it gets even more specific. The CIA doesn't just recruit from any part of BYU. They recruit specifically from the BYU Jerusalem Center in Israel. Why? Because it's where the ""elite of the Mormon culture"" are introduced to one another and, crucially, to the Israeli Knesset.

And who just so happens to be a graduate of BYU Jerusalem? Andrew Zenger, the brand new CEO of Timpanogos Hospital, who was mysteriously appointed right after the September 10th assassination attempt.

Candace even names the front company the CIA allegedly uses for this recruitment: Metro One Talent.

The connections don't stop there. Andrew Zenger's roommate from Jerusalem, Michael Sean Covy, went on to do contract work for the CIA's Department of Education. Was Zenger recruited, too? Candace says it's a fair question.

Then she circles back to a figure from the very beginning of the investigation: Robbie Hild, the nephew/cousin of Utah politician Phil Lyman, who was bizarrely on-site after the shooting, pointing out ""the footprint"" and guiding people. Hild also went to BYU, and his family is allegedly married into the powerful Romney family.

The pattern is undeniable. A web of interconnected figures—all tied to BYU, the Romney dynasty, and now, the CIA. The new hospital CEO, the on-site guide, the political power brokers. They all emerge from the same, secretive pipeline.

This isn't just about a random act of violence anymore. This is about a powerful, clandestine network operating in the shadows of Utah.

FOLLOW @RealCandaceO, RT and watch her FULL episode linked below. 👇"
"'2044203863343841414'","4/14/2026 19:59","Tweet","en","460","332","107","21","0","6","4","🆘PART ONE: Candace Owens Exposes The DARK Past Of TPUSA Faith Pastor Victor Marx—The Family Of Traffickers and Murderers.🤯

""Turning Point Faith was the infiltration."" — Candace Owens

Candace just dropped Part 1 of her most explosive investigation yet, and the details surrounding Pastor Victor Marx—a key Erika Kirk ally—are nothing short of demonic. 🎭🔥

The ""Grief Marketing"" Campaign:Candace calls out the ""impersonal"" memorial for Charlie Kirk, revealing that Erika allegedly didn't even write her own eulogy (Blake Neff did). But more disturbing is the footage of Erika being ""comforted"" by Victor Marx and his wife, Eileen, less than 48 hours after the assassination.
The Camera Roll: Why were professional cameras rolling for an ""intimate"" moment of grief?

The Phone: Erika was caught holding the very phone she claimed she didn't turn on for weeks.

Who is Victor Marx? (The ""Kennedy"" Files):Victor Marx (born von Victor Kennedy) presents himself as a ""man of God,"" but his family tree is a horror movie:

The Stepfather: Gloyce Dean Kennedy ran an international drug smuggling ring out of Jamaica and was convicted in '87.
The Bloodline: Victor’s biological father was a pimp and drug dealer with ""homicidal tendencies."" His grandfather killed his grandmother in a murder-suicide.

The ""First Kill"": Victor openly tells a story of being forced by his stepfather to shoot and kill a man at age seven. The Patterns of Trafficking:Candace has been tracking ""Egyptian Planes"" that mirror Charlie Kirk’s travel schedule and Turning Point Faith events. Now, a whistleblower named Corby Hall (owner of FoldAR) has come forward.

The Interest: Victor Marx was allegedly interested in Corby’s company—which makes rifles that fold into backpacks—specifically for moving arms into Haiti.

The Mirror: Did Victor learn the ""family business"" of moving illegal products across borders from his drug-smuggling stepfather?
The Skin-Crawl Factor:Candace admits that hearing Erika discuss ""the Lord"" makes her skin crawl, noting that Erika rarely uses the name of Jesus Christ unless it’s in a script written by others.

Is Turning Point Faith a spiritual movement, or is it a logistical cover for something much darker? Victor Marx is currently running for Governor of Colorado—announced at a Charlie Kirk memorial.

👇 WATCH PART 1. The ""Egyptian Plane"" puzzle is finally coming together. Are we looking at a political organization, or a trafficking hub?

FOLLOW @RealCandaceO, RT and watch her FULL episode linked below. 👇"
"'2046352062821117988'","4/20/2026 18:15","Tweet","en","458","327","100","7","24","4","3","THEY LIED TO US FROM DAY ONE: Candace Owens Exposes the ""Hospital Cover-Up"" in the Charlie Kirk Case 😳

Remember when the official narrative first dropped? We were all told by ""insiders"" that the .30-06 sniper round caused catastrophic damage. We were told Charlie's neck was essentially obliterated.

It was a MASSIVE LIE.

On her podcast tonight, Candace Owens just dropped another nuke. She confirmed that people making calls from inside the hospital on the day of the assassination were intentionally spreading false information to her and others. They claimed Charlie ""basically had no neck left.""

The truth? Outside of the specific wound itself, his neck was entirely intact and in very good shape.

Why would they lie about the injuries from the very beginning? Because the real physical damage didn't match the story they needed to tell. As Tyler Robinson’s own grandfather pointed out: That is NOT what a .30-06 does. A high-powered rifle round like that causes devastating, undeniable exit-wound trauma. What Charlie suffered does not align with the state's ballistics narrative—it aligns with the localized explosive device theory we've been tracking from the start.

Now, the entire state case is freezing up. The prosecution is desperately trying to stall the upcoming probable cause hearing set for May because they refuse to hand over the necessary evidence to the defense.

They can't hand over the evidence because the evidence contradicts their carefully planted lies. The cover-up started in the hospital room, and it's falling apart in the courtroom.

FOLLOW @RealCandaceO, RT and Watch her full episode linked below. 👇"
"'2039546395443564907'","4/1/2026 23:32","Tweet","en","441","372","40","29","0","3","0","Oh Look @TPUSA and @AndrewKolvet are Platforming yet ANOTHER Deranged Candace Hater on Charlie's Show Tomorrow. 

This retard is best known for calling @RealCandaceO a ""White Racist""🤡

It's sad to watch how much they have destroyed Charlie's legacy. https://t.co/H72zfylVHv"
"'2044215018057609382'","4/14/2026 20:43","Tweet","en","433","315","105","13","0","4","2","🆘SHOCKING: Was Victor Marx PROGRAMMED by the Precursor to MK ULTRA—Project Bluebird To Turning Point: The MK Ultra Connection You WEREN'T Supposed to Find.🧠🧬

We have just confirmed a terrifying detail about the upbringing of Turning Point Faith’s Victor Marx (born Vaughn Victor Kennedy). The man who raised him, his stepfather Gloyce Dean Kennedy, wasn't just in ""counterintelligence.""

Victor himself admits that his step father Gloyce was specially trained as part of PROJECT BLUEBIRD.

For the uninitiated: Project Bluebird was the precursor to Project Artichoke, which eventually evolved into the infamous MK ULTRA.

These programs were designed to create ""unwitting assets"" through extreme trauma, drug-induced states, and behavioral modification.

Dissociation & The ""First Kill"": Victor’s own accounts of his childhood under ""Mr. K"" read like a manual for creating a sleeper cell. He describes being forced to watch horrific acts and even being forced to pull the trigger on a stranger at age seven.

He learned how to completely dissociate—to split his mind—during these episodes of torture.

The Ultimate Question:How does a man who was an unofficial participant in the most notorious mind-control program in human history become the ""spiritual mentor"" tasked with welcoming the new widow, Erika Kirk, home just 48 hours after Charlie’s assassination?

Is Victor Marx a ""reformed"" man of God, or is he a high-level MK Ultra asset managing the optics of a political tragedy who is now connected to Erika Kirk and TPUSA—and did i mention he's also running for governor? 

When you understand the ""Bluebird"" history, the ""grief marketing"" and the ""retooling prayers"" take on a much more sinister meaning.

The infiltration isn't just in the pews—it’s in the programming. 🕊️🎭

MORE TO COME. We are just scratching the surface.

CREDIT: @imperfectgracej FOLLOW Her!"
"'2044536346530787718'","4/15/2026 18:00","Tweet","en","430","323","69","10","28","7","4","🆘EXPOSED: Candace Owens Exposes the FAKE ""Threat"" Narrative—Proof Turning Point LIED About the Erika Kirk No-Show 📄

The Turning Point PR machine is officially in a tailspin, and Candace Owens is bringing the receipts to prove that the ""security threat"" used to explain Erika Kirk’s Athens no-show is a total work of fiction. 

""I’m just getting whiplash... What changed seven months later?"" — Candace Owens 

Candace just dismantled the narrative surrounding the Akins Ford Arena no-show, and the timeline makes the Turning Point leadership look like they are making it up as they go.

The 50-Minute Gap: TPUSA field reps were posting ""sweet and happy"" promotional videos just 50 minutes before doors opened, promising Erika Kirk would be there.
The Logic: If there was a ""serious threat,"" why were the event planners and campus leaders kept in the dark until the very last second?

The Truth: Decision-makers knew she wasn't coming long before that—because she wasn't even in Georgia. This wasn't a ""security pull-out""; it was a ""no-ticket-sales"" bailout. 

The ""Fearless"" Inversion: Remember Erika’s interview with Jesse Watters? She claimed a supernatural fearlessness: ""What are they gonna threaten me with? Going to heaven sooner to be with my husband."" * The Question: Why was Erika ""on fire for the Lord"" and fearless 21,000-person crowds right after the assassination, but suddenly terrified 7 months later at an event with the Vice President?

The Secret Service Factor: Are we really supposed to believe that the United States Secret Service—the team currently protecting the sitting VP—couldn't ""guarantee the safety"" of a non-profit CEO? 

The Gaslighting Shift: Andrew Kolvet is now on Fox News trying to pivot the blame onto ""attacks from surprising places"". They are trying to equate investigative journalism with ""death threats"" to justify her absence from an empty arena.

This is classic Hasbra—coordinated spin to protect an asset. They are using the ""poor widow"" card to tug at heartstrings because they can't explain the empty seats or the lack of public interest.

Erika isn't a victim of ""attacks""; she's a victim of her own crumbling credibility. If she’s not afraid to die to be with Charlie, why is she ghosting the Vice President of the United States?

The whiplash is real. Are you going to believe the PR team, or your own common sense?

FOLLOW @RealCandaceO, RT and watch her FULL episode linked below.👇"
"'2044565840331218966'","4/15/2026 19:57","Tweet","en","428","282","129","17","0","7","6","🆘CONNECTING THE DOTS: Candace Owens Releases New Master Chart That Maps Out The Terrifying Web Of Infiltration At TPUSA🧐

Candace Owens just released a massive investigative chart—the ""Connecting Themes"" spreadsheet—that maps out a terrifying web of Eastern European trafficking, military psychological operations, and deep-state infiltration at the highest levels of Turning Point USA.

The public has been asking for a timeline, and Candace just delivered a spreadsheet that connects Erika Kirk, Victor Marx, and the September 10th tragedy to some of the darkest corners of international ""charity"" work.

1. THE EASTERN EUROPEAN PIPELINE 🇷🇴🇺🇦
The chart highlights a recurring theme: Romania.

Erika Kirk: Started the ""Romanian Angels"" project in 2012.

Tyler Bowyer: Was in Romania working with the government in 2011; he is fluent in Russian and holds a degree in Russian studies.

Harvest Church: Currently accused of trafficking children from Romania—the same church Erika just toured with.

The Military Link: Col. Otto Busher was accused of running a brothel with Romanian children at a military base; he worked with Romanian Angels during this time.

2. THE MILITARY & PSYOP OVERLAP 🪖🧠
Why are so many TPUSA advisors linked to the intelligence community?

Gen. Paul Vallely: TPUSA Advisor and retired Army General who ran psyops and co-wrote a book with Michael Aquino (Satanist founder of the Temple of Set).

Rob McCoy: His father ran psychological operations for Naval Intelligence to shape public perception.

Fort Huachuca: A civilian commander at this base was charged with running a child sex abuse ring.

HADES: The military plane that flew an inexplicable route near UVU on the day Charlie Kirk was assassinated.

3. THE ""CHARITY"" COVER STORIES 📦🎭
The spreadsheet lists a staggering number of people in Erika’s orbit involved in ""trafficking charities"":

Victor Marx: Runs a charity for child sex abuse; allegedly announced Charlie’s death first.

Nelda Buckman: TPUSA’s #1 donor, extensively involved in ""rescuing"" children through various ""Angels"" organizations.

Marcus Wada: TPUSA Productions Director who allegedly tells employees he was formerly involved in trafficking arms in Poland.

Derek & Shelaine Maxfield: Owners of the plane (N888KG) that left for Page, Arizona on 9/10; they run Saprea, a child abuse charity.

4. THE LIBERTY UNIVERSITY CLIQUE 🎓🏛️
The chart tracks the ""Liberty University to TPUSA"" pipeline, linking Tyler Bowyer, Erika Kirk, Cabot Phillips, and Andrew Kolvet. This is the core group that took over the organization following Charlie's death.

When you put it all on one page, the ""coincidences"" vanish. We see a network of assets with high-level military backgrounds and proximity to international trafficking hubs all converging on one man: Charlie Kirk.

This is why they won't sue. This is why they manufacture ""threats"" in Athens. They are terrified of Discovery because this spreadsheet is just the beginning.

👇 STUDY THE CHART. Why does every road lead back to Romania, psyops, and private planes?

FOLLOW @RealCandaceO, RT and watch her FULL episode linked below. 👇"
"'2044041690579636340'","4/14/2026 9:14","Tweet","en","424","323","65","36","0","2","0","🆘UNEARTHED: The Sash That WON'T Die—Erika Kirk's PATHETIC Attempt to Use Her TITLE to Sell Sandwiches 🥪👑

Before the tragedy, before the headlines, and long before she was ""Erika Kirk,"" she was Erika Frantzve—struggling to maintain relevance in a way that is frankly painful to watch.

I've obtained footage from February 2012, showing Erika filming a low-budget promotional video for ""The Premiere Cafe"" in NYC.

The Breakdown:

The Sash: Despite her pageant days being in the rearview, Erika is seen sporting her ""Miss Arizona"" sash while promoting a deli. It’s a desperate cling to the only title she had before her association with Charlie.

The Struggle: Watch as she fumbles through basic Spanish phrases like ""encantado de conocerte,"" trying to play the part of a global personality while clearly being out of her depth.

The ""Ick"": The video ends with a forced ""Gracias, Amigos""—a ""Premiere Cafe ick"" that perfectly captures the curated, shallow persona that has come to define this entire circle.

Why This Matters: This isn't just a ""cringe"" video. It shows the roots of an obsession with status and image over substance. While Charlie was warning about the destruction of our country and the dangers of foreign wars, those closest to him were busy chasing sashes and cafe promos.

Is this the ""glamour"" that the establishment wants us to look up to? Or is it just another layer of the mask that’s finally slipping?

👇 WATCH THE FULL CLIP. Tell us in the comments: Is the ""Miss Arizona"" sash in a NYC deli the ultimate 🚩?"
"'2043838686048166371'","4/13/2026 19:48","Tweet","en","419","323","90","6","0","4","3","🚨 FBI TIMELINE COLLAPSES: Candace Owens Exposes Massive Hole in the Official Charlie Kirk Story!
In a blockbuster investigation, @RealCandaceO just shredded the FBI's narrative on the Tyler Robinson arrest. The Feds claimed it took ""33 hours"" to book him, but explosive new documents reveal the truth.
The Smoking Gun:
•The Interrogation Time Stamp: Tyler's own defense filings prove he was already Mirandized and sitting in an interview at 6:25 PM on September 11th.
•The Federal Lie: But at 8:00 PM that same night, Governor Cox and the FBI held a press conference claiming the suspect was ""at large"" and pleading for public help. They already had him!
•The Roommate/Informant: Why is the prosecution refusing to use forensic text evidence, relying only on photos of the roommate’s phone? Candace exposes Lance Twigs as a likely Federal asset used to set Tyler up.
""It's a setup... They're just gonna put on a show trial.""
The 33-hour victory lap was FAKE. The ""Charlie GPT"" takeover plot is real. The script is leaking, and we have the timeline to prove it.

This is how you dismantle a Federal cover-up. 🏛️🕵️‍♂️

FOLLOW @RealCandaceO, RT and watch her FULL episode linked below 👇"
"'2046657748629360886'","4/21/2026 14:30","Reply","en","418","329","51","26","12","2","1","Laura psychopath Loomer is a druggy addicted to cocaine 

Larry is mentally deranged 
she’s a self-admitted drug addict who traded the powder for the post button. 

Loomer is so pathetic hiding her SECRET fake Fiancé 😱

ANDREW JACOB SIMPSON 

@LoomerUnleashed
 
@LoomersFanClub
 
@LauraLoomer"
"'2039880279553134603'","4/2/2026 21:38","Reply","en","416","378","25","13","0","2","0","@RealCandaceO Lawfare does NOT scare any of us when the truth is on our side. https://t.co/rY9wuUUnV9"
"'2042798985505583346'","4/10/2026 22:56","Tweet","en","411","271","53","87","0","3","4","SHOCKING: Pastor James Kaddis Claims Investigating Erika Kirk Is A DEMONIC Act. —Watch Erika’s Proxy Try to Claim Were All Just JEALOUS🤡

LMAO. According to Pastor James Kaddis, if you’re asking where the TPUSA money went or why the ""official story"" of Charlie Kirk’s death keeps changing, you aren’t a seeker of truth—you’re just ""jealous."" 🤡

This clip is a goldmine because it shows exactly how the TPUSA/Biblein365 leadership uses ""spiritual gaslighting"" to avoid financial and moral accountability. By framing a legitimate investigation into murder, fraud and contradictory statements as ""demonic jealousy,"" they are attempting to insulate Erika from the consequences of her own paper trail.

Kaddis goes full proxy for Erika Kirk, claiming the investigation into her ""pathological lies"" is actually a demonic attack because she’s a ""Daughter of the King.""

THE REALITY CHECK:
The ""Jealousy"" Card: They want you to believe we hate her for ""what she has."" NO. We call her out for what she LACKS: Authenticity and Honesty. 

Lawfare & Proxies: Instead of answering the hard questions about the TPUSA fraud, Erika hides behind pastors who use the pulpit to threaten investigators with ""spiritual warfare.""

Notice how they frame a forensic investigation into their public records as being ""inspired by the Father of Lies."" It’s the ultimate shield for a pathological liar.

Erika Kirk isn’t being ""persecuted"" for her faith; she’s being EXPOSED for her inauthenticity. The ""King’s Daughter"" shouldn't need a team of proxies and lawfare threats to cover her tracks.

SOUND OFF: Is this ""spiritual discernment"" or just a desperate attempt to protect a sinking ship? 🚢⚓️"
"'2038770797800567142'","3/30/2026 20:10","Tweet","en","411","340","64","7","0","2","1","🚨 Candace Owens Reacts To Lindsey Graham's Solo Disney World Trip: ""Lindsay Graham In General Is DISGUSTING—I Don't Want Him ANYWHERE Near Children.""😱

On her podcast tonight, Candace Owens got the Ick while reacting to the trending news stroy about Senator Lindsey Graham, and she is saying what absolutely everybody is thinking. This man is treacherous, he is a traitor, and his latest solo trip to Disney World is giving everyone the ultimate ick.

TMZ just caught him spending three full days wandering around the Magic Kingdom solo. He tried to lie and spin it as a ""quick pit stop"" after meeting with President Trump's administration officials in Florida, but the photos don't lie. He was literally caught strolling around the park completely alone holding a child's bubble wand and eating by himself at Chef Mickey's.

If you have any spiritual intuition at all, your alarms should be ringing. Candace is exactly right to bring up the dark history of Disney. Walt Disney was a high-level Freemason. We all know the rumors about the elite, hyper-exclusive ""Club 33"" and the underground tunnel system beneath the parks. What exactly is a 70-year-old unmarried politician doing wandering around a children's theme park for a three-day weekend? You have to wonder exactly what is sitting in this man's blackmail file.

The hypocrisy is absolutely sickening. When Lindsey Graham is in Washington DC, his only interest in children is making sure they get blown up in endless foreign wars to feed the military-industrial complex. But suddenly, he wants to hang out in the Magic Kingdom holding bubble toys?

Keep this man away from children, keep him away from Club 33, and get him the hell out of the Senate. 🚫👨‍👧‍👦

FOLLOW @RealCandaceO, RT and watch her FULL episode down below. 👇"
"'2042511173757669458'","4/10/2026 3:53","Tweet","en","408","260","125","23","0","0","3","🚨 THE WHITE HOUSE PANIC: WHAT IS MELANIA TRYING TO BURY? 🕵️‍♀️
The internet is exploding after Yesterday's high-stakes, on-camera denial from First Lady Melania Trump at the White House regarding any connection to Jeffrey Epstein.

She called the ongoing claims “lies” that “need to end today.” But the timing is raising massive questions. Why is the East Wing suddenly in a state of high alert over a story they claim is ancient history?

📚 THE SCRUBBED MANUSCRIPT
The answer may lie in the legal firestorm surrounding the book Entitled: The Rise and Fall of the House of York by Andrew Lownie. Reports confirm that the initial 2025 hardcover print run contained a nuclear-level quote attributed to a 2007 interview with Jeffrey Epstein:

“The first time Donald had sex with Melania was on my plane. Little did he know I beat him to the punch a year before... things got wild... I ended up almost naked in the back of a limo, going at it with Melania.”

⚖️ THE SILENCE OF THE LAMBS
As soon as those first 60,000 copies hit the shelves, Melania’s legal team descended.

The Recall: HarperCollins UK was forced to recall the book and scrub the passage from all future printings, e-books, and audiobooks.

The Apology: The publisher issued a public apology, attempting to bury the claim entirely.

The Missing Tapes: While Michael Wolff’s 2017 tapes (containing a different claim about the couple) are public, the raw audio or full transcript of this specific 2007 interview has never surfaced.

❓ THE PREEMPTIVE STRIKE
Is Melania’s White House address a genuine defense of her character, or a preemptive strike against something else about to break?

The book was scrubbed. The alleged 2007 interview tape is still missing. And now—just months later—the First Lady is using the White House podium to declare the Epstein talk must end.

Why was the legal response to this specific book so aggressive?

Why did she wait until April 2026 to make this specific on-camera denial?

If the story is ""defamatory and false,"" why the sudden five-alarm fire drill in the West Wing?

🧊 THE BIG PICTURE
The Epstein shadow continues to loom over the administration, and this level of damage control suggests the ""official narrative"" is under serious pressure.

Melania says the talk needs to ""end today,"" but without the release of the unedited 2007 interview transcripts, the questions will only grow.

Is this the final cover-up of the Epstein era, or the crack in the armor that brings the whole house of cards down? Share this before the ""Handlers"" scrub it again. 🕊️

Video from: @RT_com"
"'2044557657109909728'","4/15/2026 19:25","Tweet","en","395","315","75","5","0","4","3","🆘ON THE HOOK: CANDACE Reels In Victor Marx Like a Trophy Bass On The Line—Plus Why Did Victor Marx Announce Charlie’s Death First? 🤔

The Victor Marx saga just leveled up, and Candace Owens is just reeling him in—the fact that Marx allegedly announced Charlie Kirk's death before anyone else and then deleted it is the red flag of the century. 

""I want to reel him in... it feels to me like a whole military operation."" — Candace Owens 🎙️🎣

Candace just dropped Part 3 of the Victor Marx exposé,  focused squarely on the inconsistencies in his ""pastor"" persona.

After Victor Marx posted a ""weird"" video removing his glasses and telling Candace he was ""praying for her,"" Candace didn't just accept the invite—she set the terms.

Candace has officially invited Corby Hall of FoldAR to join the debate. Corby is 100% game to face Marx and present the evidence of the Haiti arms request and the cult-like ""retooling"" prayers.

Despite Marx publicly asking to come on the show, Candace revealed that her private messages to set a date have gone unanswered. Is the ""tough Marine"" suddenly ducking the manufacturer who has the receipts? 

Candace highlighted a chilling detail that our community has been tracking: Victor Marx was allegedly the first person to announce Charlie Kirk’s death on September 10th. * Why did he have that information first?

Why did he delete the post immediately after?

Candace isn't buying the ""pastor"" label, noting that Marx doesn't even appear to have a church. She questioned the proximity of his operations to military bases and the problematic history of Calvary Chapel.

""It feels to me like a whole military operation... we have done our due diligence on Calvary Chapel as a whole."" 

Between the ""sex trafficking supplements"" and the daughter’s retracted abuse allegations, Candace says the Spidey sense is screaming. She’s ready to reel him in and get the truth about his relationship with Turning Point USA and the September 10th timeline.

The ball is in Victor's court. Will he show up to face Corby Hall, or will he stay in the ""Alrighty Then"" shadows? Does Victor Marx sound like a man of God, or a managed asset with a ""checkered background""?

FOLLOW @RealCandaceO, RT and watch her FULL episode linked below. 👇"
"'2049440414621430127'","4/29/2026 6:47","Tweet","en","388","291","66","14","17","5","0","‼️EXPOSED: Andrew Kolvet Promised a Debate—Now He’s Running Scared! 👀

Let’s be very clear about what is happening here. Andrew Kolvet stood outside his own headquarters, looked Zee and the Unf*ck America crew in the eye, and promised a debate. He looked into the camera and said, ""I think it would be fun.""

Well, Andrew, where is the fun? Where is the date? 🔎

We are watching the absolute collapse of an organization in real-time. Andrew is currently playing the ""busy"" card, pretending he can’t find a single window in his schedule, while we all know the truth: They are terrified of an unscripted moment. They are terrified of facing real people with real questions—questions their own base is screaming in the comments section every single day.

It is frankly pathetic.

Charlie Kirk—regardless of what you thought of him—was a man of conviction when it came to the arena of ideas. He didn’t hide. He went to UVU, he stood on those campuses, and he debated the people who hated him most. He believed in free speech enough to die for it.

And now? The people left in charge have turned his legacy into a scripted, curated, propaganda machine that is carrying water for the establishment while the republic burns. They’ve abandoned the mission, and they’ve abandoned the base. 

Andrew, nut up. Stop the gaslighting. You were given an open invitation: any time, any place, any location. If you won't step on that stage, you are admitting that TPUSA is officially dead.

🔥 THE STORM IS COMING: If you aren't following @ZeeToTheHill  on X, you are missing the full picture. She has information coming out in the next 48 hours that is going to shake Turning Point to its core. 💣

NUT UP! @AndrewKolvet 

Watch the receipts BELOW."
"'2048018390569103661'","4/25/2026 8:36","Reply","en","386","362","14","9","1","4","0","@CarriePrejean1 @RealCandaceO She should be person of the year. That 's for sure. Trump is pathetic for what he posted. We all know Larry Loomer was probably the one that actually posted it though."
"'2042771624638722106'","4/10/2026 21:08","Tweet","en","385","269","89","13","14","3","2","🚨SHOCKING: Candace Owens invokes Plato’s Cave to describe Trump— This Is Trump's BASKET OF DEPLORABLES MOMENT 📉😱

In her most explosive podcast to date, Candace Owens responds to President Trump’s recent attacks by painting a haunting picture of a leader who has lost his soul for ""another gilded ballroom."" 📉⛓️

🗝️ THE ""ALLEGORY OF THE CAVE"" BREAKDOWN:
The Prisoners: Candace says Trump is currently ""chained inside a cave,"" mistaking shadows (propaganda) for reality.

The Master: She claims Bibi Netanyahu and Miriam Adelson are the ones lighting the fire and casting the shadows, while Trump sits ""on the side"" in his own Situation Room.

The Escape: She argues that the people—led by voices like Tucker Carlson, Alex Jones, and the late Charlie Kirk—have made it into the ""true daylight,"" and Trump is attacking them because he can no longer see the truth.

🎙️ THE MOST BRUTAL MOMENTS:
""Charlie Kirk died free. You will most certainly die a slave... You sold your soul for what? Another gilded ballroom?""

""You’ve lived long enough to become everything you once claimed Hillary Clinton was.""

📁 THE ""EPSTEIN CLASS"" ACCUSATION:
In a chilling escalation, Candace directly links Trump’s legacy to the ""Epstein Class,"" suggesting that his name on buildings (like the ""Trump Gaza Hotel"") comes at the cost of protecting a global elite that ""harms children."" She essentially tells the President: The crowd has moved on, and you aren't the leader anymore.

THE 25th AMENDMENT? 🚩 Candace isn't alone. She read dozens of comments from Truth Social—Trump's own platform—where ""Day One"" supporters are now calling for him to resign or face the 25th Amendment for being ""mentally and emotionally unfit.""
IS MAGA OVER? 🇺🇸 Is this the moment the movement officially splits from the man? Or is Trump still the ""Maestro""?

TYPE ""FREEDOM"" if you stand with Candace, Tucker, and the Independent Media. 💬

FOLLOW @RealCandaceO, RT and watch her FULL episode linked below. 👇"
"'2044952169531535651'","4/16/2026 21:32","Reply","en","381","319","29","33","0","2","0","@RealCandaceO Yet another one. And supposedly it happened on Air Force One https://t.co/q6H94qdb2U"
"'2048016254225526873'","4/25/2026 8:28","Tweet","en","380","257","59","25","39","2","1","Trial Update: Erika Kirk TRICKED The Judge From: @FinanceWolves FOLLOW Them!
https://t.co/IWXjjLZgJb"
"'2044302616507588994'","4/15/2026 2:31","Reply","en","378","348","19","11","0","2","0","@BlakeSNeff @RealCandaceO I told you i would bring the receipts!!! https://t.co/N3wwCJf2Ib"
"'2041862486035488862'","4/8/2026 8:55","Tweet","en","374","279","89","6","0","2","0","🚨MUST WATCH: Candace Owens And Tim Dillon Predict The War In Iran A Year Before It Happened— The Truth About Why We Are in the Middle East.🪄🗺️

A year before the first missiles flew, Candace Owens and Tim Dillon sat down and called it exactly. They didn't have classified briefings. They just had the ""receipts"" of history and a refusal to accept the mainstream narrative.

🎬 THE MOVIE WE’VE SEEN BEFORE
Candace and Tim didn't just predict the conflict; they predicted the playbook. *  Iran has been the ""boogeyman"" for decades.

The Goal: Decapitate leadership, install a new government, and expand regional power.

The Manipulation: They highlighted how foreign interests view America as something ""easily manipulated"" to fight wars that don't serve American families.

""War with Iran has already been decided upon. They just need to justify it... they need the public to get on their side."" — Candace Owens

🕵️‍♂️ THE DEEP STATE CONNECTION
This wasn't just a talk about foreign policy; it was a deep dive into the unhealthy attachment between the CIA and the Mossad. Candace breaks down the history the schools won't touch:

The JFK Factor: Why was Kennedy arguing with Israel about nuclear weapons right before he ""mysteriously"" got shot?

The LBJ 180: Why did the entire U.S. stance shift the moment Johnson took over?

The 9/11 Disconnect: Why did we go to Iraq when the ""hijackers"" were from elsewhere?

🐻 THE MAMA BEAR ULTIMATUM
The most powerful moment? When the politics stop and the parenting begins. Candace’s message to the establishment is the rally cry for 2026:

""My sons are not going to grow up and fight in your little war... you’re not going to mess with the mama bear.""

The ""truth seekers"" were right again. The question is, are we going to keep letting them ""decide"" our future, or is it time to stop the cycle?

Watch the clip. Share the truth. Sound off below. 👇

From: @TheMumMuslim"
"'2042766042338861353'","4/10/2026 20:45","Tweet","en","374","285","55","12","22","3","4","🚨MUST WATCH: Candace Owens WARNS Trump About How History Will Remember Him— ""The Epstein Class Legacy""📁⚠️

The gloves aren't just off—they’ve been incinerated. Candace Owens just dropped the second half of her response to President Trump’s Truth Social manifesto, and it is arguably the most brutal internal rift the MAGA movement has ever seen. 📉🛡️

Candace didn't just defend herself; she went straight for the jugular on issues that hit at the very heart of the ""America First"" base: Brigitte Macron, the Epstein files, and the reality of war.

🛑 THE ROUND-BY-ROUND BREAKDOWN:
The ""Brigitte"" Obsession: Trump defended the First Lady of France and called her ""more beautiful"" than Candace. Candace’s response? A total flamethrower. She questioned why the President is so obsessed with defending Brigitte Macron, even hinting at a ""physical attraction"" to the French First Lady’s past. 👗🔥

The Epstein Factor: In a massive escalation, Candace accused Trump of having a ""theme"" of protecting people who harm children. She linked his defense of Brigitte Macron to the public’s frustration over the unreleased Epstein Files, asking: ""Why do you keep protecting people who harm children?"" 🚩

The ""Money"" Argument: Candace called out Trump for mocking Alex Jones losing his fortune. Her take? ""True MAGA doesn't care about money above truth."" She framed Trump as a ""gold shackle"" elitist who is out of touch with a movement built on sacrifice, not bank accounts. 💰🚫

""World & Country Affairs"": Candace tore apart Trump’s claim that the U.S. is the ""hottest country in the world,"" citing the recent deaths of 150 schoolgirls and the leaked reports about six US servicemen that contradict the administration's narrative. 🎖️💔

🎙️ THE MIC-DROP MOMENT:
""What makes us hot? Is it 'Hot Girl Summer' led by Brigitte Macron? Or is it because we're bombing kids for no reason? Who put this message together for you and hit send? You can't even put together a coherent thought.""

⚠️ THE BOTTOM LINE:
Candace is effectively declaring that the ""Maestros"" (the independent media) are no longer following the ""Emperor."" She’s calling out the President for citing CNN when it suits him while calling them ""Fake News"" in the same breath.

THE MOVEMENT IS AT A CROSSROADS. 🇺🇸 Is Trump being led astray by ""neocon"" advisors like Mark Levin, or is Candace crossing a line that can never be uncrossed?

 WHO HAS THE REAL VISION FOR AMERICA?💬 COMMENT ""CANDACE"" if you think it’s time for the ""Maestros"" to take over.

FOLLOW @RealCandaceO, RT and watch her FULL podcast linked below. 👇"
"'2039530896936636874'","4/1/2026 22:30","Tweet","en","372","277","82","13","0","7","3","🚨EXPOSED:  Candace Owens REACTS To TPUSA'S New ""Legacy Society"" Grift— Their Plan To BILK You Out Of Your ENTIRE Life Fortune And 401K.

Candace Owens Just Reacted To The Post I Made last week exposing Turning Point's new SHAMEFUL grift targeting the elderly to  join their new ""Legacy Society"" And Sign Over Their Entire Life Saving And 401K. 

 We also showed you how they put Erika Kirk on the cover in her sparkly suit with pyrotechnics while using Charlie's image inside to guilt-trip people into signing over their life savings. Just when you think they can't go any lower they keep shocking us. I really think they've lost their minds.

Now, Candace Owens has confirmed everything.

Her reaction says it all: ""Who uses a photo of a grieving widow walking out on stage in her sparkle suit to a show of fireworks in a direct mail plea for more donations?"" She calls it ""very strange"" and ""not normal.""

But it gets worse. Candace reveals that within 48 hours of Charlie's assassination, TPUSA was already blasting out text messages from Erika saying, ""Hi, I'm Erica and for Charlie's legacy, please give.""

Candace's final, powerful words confirm the soulless nature of this operation: ""The IQ... to switch the gears so quickly into how can we fund raise off of this? It's just... dishonorable. It's what it is. It's dishonorable.""

There it is. It's not just a grift; it's a dishonorable, shameless cash grab on the corpse of a friend. They turned his funeral into a marketing opportunity and his death into a fundraising campaign within two days.

This is the syndicate. This is the reality of what TPUSA has become. They are frauds profiting off a tragedy while hunting down the journalists trying to expose the truth.

Candace Owens called it ""dishonorable."" Do you agree? Share this to expose the grift to everyone. 🇺🇸

FOLLOW @RealCandaceO and watch her FULL episode linked below. 👇"
"'2042785961377997228'","4/10/2026 22:05","Tweet","en","367","271","69","27","0","4","3","🚨THE END OF AN ERA: ""MAGA IS DEAD"" — Candace Owens Declares a New Mission! ☠️🇺🇸

Candace Owens has officially declared the end of the Trump era as we know it, launching a massive rhetorical assault on the Likud government and dropping a ""MAGA is Dead"" movement that shifts the focus from politics to a new spiritual battleground. 📉⚔️

The entire foundation has shifted. Tonight, Candace Owens delivered a chilling monologue framing the current conflict as a spiritual war between a ""Death Cult"" and the ""Christian Spirit."" 🕯️🙏

🛑 THE ""DEATH CULT"":
The Likud Party: Candace pulled no punches, calling the Likud government in Israel a ""murderous death cult"" that ""celebrates the sacrifice of children.""

The Monsanto Connection:  Trump’s reversal on phosphorus and Monsanto was done specifically to ""poison people in Lebanon"" at the behest of foreign interests. 🧪🚩

The Sacrifice of Charlie Kirk: In her most heartbreaking claim yet, Candace stated her belief that Charlie Kirk was the ""first casualty of the Iranian war""—sacrificed by this very cult to pave the way for a broader conflict.

🎙️ ""MONEY IS NOTHING NEXT TO TRUTH"":
""They think they can sue us? Money is almost nothing next to the truth. I will forever maintain that Charlie Kirk was sacrificed by this death cult.""

🧢 THE NEW MOVEMENT: MACA (Make America Christian Again)
With MAGA in her rearview mirror, Candace unveiled a new line of merch that is already going viral: MACA.

The Shift: She says the ""Four Horsemen"" (herself, Tucker, Alex, and Megyn) are leading the pivot toward Making America Christian Again.

The Message: Candace argues that the ""MAGA"" name has been tarnished by the ""Epstein Class,"" and the only way forward is to return to a ""Christian Spirit"" that rejects the ""unnatural"" craving for death and war. 🛡️🕊️

THE LINE HAS BEEN DRAWN. 🇺🇸 Is it time to retire the Red Hat for the Green Hat? Has the ""MACA"" movement officially replaced the ""MAGA"" establishment?

THE FOUR HORSEMEN: Candace, Tucker, Alex, and Megyn vs. The ""Epstein Class."" ⚔️

Are you with ""The Four Horsemen""?

COMMENT ""MACA"" if you believe it’s time to Make America Christian Again. 💬 

COMMENT ""TRUTH"" if you believe Charlie Kirk deserves justice.💬

""A Sinking Ship"": Why Candace Owens says Jewish Americans are flooding her inbox in support. 📥🤝

FOLLOW @RealCandaceO, RT and Watch her FULL podcast linked below. 👇"
"'2039126257745424619'","3/31/2026 19:42","Tweet","en","357","267","85","5","0","5","5","🚨 EXPOSED: Candace Owens Reads The ACTUAL Filing In The Tyler Robinson Case— She EXPOSES The States STRATEGY To ""RUN OUT"" The Clock On The Defense🕗⚖️

The establishment shills are out in full force right now, desperately running a massive psyop to convince you that the new Tyler Robinson court filing is a ""nothing burger."" They are lying to you.

Last night on the podcast, Candace Owens took the gloves off. She didn't just summarize the news; she went line-by-line through the actual 28-page defense filing. And what she exposed is a disgusting, immoral strategy by the state to intentionally sabotage Tyler Robinson's defense by running out the clock.

Here is what the paid shills are terrified you will find out:

THE INCONCLUSIVE BALLISTICS
Let’s establish the foundational fact the state is trying to hide: The ATF officially concluded that they cannot connect the bullet fragment found in Charlie Kirk's neck to the rifle allegedly found at the scene. It is legally ""inconclusive.""

The Feds are dirty in this case. The local police, UVU students, and SWAT insiders all know it. And because the physical science doesn't back up their manufactured ""lone gunman"" narrative, the prosecution is resorting to the dirtiest legal tricks in the book.

THE 12-TERABYTE SABOTAGE
The defense isn't asking for a 6-month delay because Tyler ""confessed"" (he hasn't—he plead NOT GUILTY). They are asking for a delay because the prosecution is intentionally hiding the evidence.

Here is the exact timeline of the state's immoral data dump, straight from the court documents:

From September to March, the defense was given 20,000 files, 61,500 pages of documents, and 700 hours of video. A massive amount of data to review.

Then, on March 12th—just two months before the scheduled May preliminary hearing—the state suddenly handed the defense a hard drive containing 12 TERABYTES of data and over 600,000 new files.

You do not drop 600,000 files on a defense team 60 days before a hearing unless your explicit strategy is to drown them so they cannot properly investigate the evidence. It would take a team of 800 paralegals working 800 hours each just to scratch the surface.

HIDING THE SCIENCE
It gets worse. The state is refusing to hand over the actual scientific data.

Since September, the defense has been begging for the raw forensic files, the metadata, the chain of custody logs, and the validation studies regarding the DNA and ballistics. Instead, the state is only handing them ""conclusory"" PDFs.

They are effectively saying: ""Here is our conclusion that Tyler is guilty. No, you are not allowed to see how we got there or if we faked the data.""

THE AUTOPSY COVER-UP
If you want absolute proof that they are stalling, look at how they handled Charlie Kirk's autopsy.

The autopsy was completed on September 16th. The state hid it from the defense until November 13th. * The autopsy photographs were taken on September 10th. The state hid them from the defense until March 18th.

Why would you hide crime scene photos from the defense for six months? Because you are terrified of what independent experts will find when they analyze them.

[THE ""GRIEVING WIDOW"" MANIPULATION]
This entire legal delay perfectly explains Erika Kirk's bizarre media tour. Remember when she went on Fox News begging for the trial to be ""rushed"" so she could put this chapter behind her?

It was a highly coordinated PR manipulation. The strategy is to use the emotional plea of the ""grieving widow"" to pressure a judge into denying the defense's request for more time, knowing full well the public will never read the court filings to see the 600,000 documents they just dumped on the defense.

They want to rush this trial because their evidence is fake, their ballistics failed, and they are terrified of what a real investigation will uncover.👀 🇺🇸

FOLLOW @RealCandaceO, RT and watch her FULL podcast below.👇"
"'2039861386134909411'","4/2/2026 20:23","Tweet","en","352","264","84","4","0","5","2","🚨BOMBSHELL:  TPUSA CAUGHT Red Handed— Erika Kirk Was NOT With Her Mother When She ""GOT THE CALL"" That Charlie Had Been Assassinated 😱

Candace Owens just systematically dismantled the ""doting daughter"" narrative that TPUSA has been selling since September 10th. While the media painted a picture of Erika collapsed in a hospital parking lot after a doting morning with her ailing mother, the forensic timeline tells a much different—and darker—story. 

The Pre-Sold Narrative:
Candace points out a calculated move: On September 8th—two days before the assassination—Erika posted a video of her mother looking ""tremendously frail,"" despite not posting her for years.

""It feels like providing the public with an unimpeachable boundary... Anything I say attached to my ailing mother should not be questioned because that would be immoral."" It wasn't a post; it was an emotional insurance policy. 🏗️⚔️

The ""Hospital"" That Wasn't:
The New York Times claimed Erika was in a ""hospital room."" Erika told Jesse Watters she was at a ""medical appointment."" The Reality: The location is a holistic IV therapy clinic. It is not a hospital by any stretch of the imagination.

The Missing Eyewitnesses :
September 10th was the ""9/11 of political media."" Everyone remembers where they were. Yet, in a massive parking lot at a busy clinic, not one person can confirm seeing a high-profile woman collapse in grief.

Candace’s team chased the ""nurse"" rumors in circles. Every nurse ""heard it from another nurse,"" but no one was an actual first-person witness to the collapse. 

After prodding the ""solidified"" stories, the truth started to leak. Multiple sources allege Erika was actually in a private meeting with the lead doctor (who has deep federal political ties via his wife)—without her mother.

The Security Guard: Other witnesses claim she was with security guard Derek Neikirk when the news broke—again, not with her mother.

The Minnesota Witness: A woman from Dassel, MN has reportedly come forward claiming SHE was the one with Erika’s mother when the news hit.

If Erika and her mother were apart, why the elaborate lie about the ""treatment center collapse""? Was the clinic an ""airtight alibi"" pre-arranged by friends in high places? 

The ""Shady Bunch"" is overthinking, and as Candace says, unnecessary complexity leads to incrimination. 

FOLLOW @RealCandaceO, RT and watch her FULL episode linked below.👇"
"'2045888168029790630'","4/19/2026 11:32","Tweet","en","351","243","50","25","33","1","7","Ashley St. Clair Goes After Kash Patel In NEW Video:—Turned The FBI Into Booze-Fueled “Frat House”  🍺🍿

@stclairashley just dropped a nuclear-level video targeting Kash Patel, and she isn’t holding back. The claims are staggering: she’s describing a Bureau that has been transformed from a top-tier law enforcement agency into a ""frat house"" run by a man she alleges is struggling with alcoholism.

The ""Beer Slam"" Controversy:St. Clair is pointing to the viral footage of Patel with the US Hockey team as the smoking gun.
The Claim: Patel’s ability to ""slam back"" beer bottles is, in her view, not just a celebration—it's a sign of ""alcoholic tendencies.""

The Pushback: Patel has already fired back, calling the claims a flat-out lie and warning, ""Get your checkbooks ready,"" as he prepares to sue for defamation.

""Some Tea is Better Suited for Later"" The most chilling part of St. Clair’s video? The hint of criminality. She’s suggesting that there is a mountain of evidence—""tea""—that is being held back until the current power structure shifts.

When the Director of the FBI is accused of ""frat house"" behavior and immediately resorts to threatening defamation lawsuits, we have to ask a serious question: Is the nation's top law enforcement agency being run by a literal man-child?

What does this say about the state of affairs at the FBI? More importantly, how can we trust their handling of high-profile, high-stakes investigations like the Charlie Kirk assassination?

If the leadership is more focused on legal posturing and ""frat house"" antics than on actual law enforcement, it explains a lot.

Let us know what you think in the comments. The optics are getting messy. 🇺🇸"
"'2049132162545320272'","4/28/2026 10:22","Reply","en","344","309","20","12","3","2","2","because you ARE a FED and Erika Kirk DID participate in Charlie's assassination and/or the coverup in my opinion. Also @baroncoleman  is right, you're X feed is extremely disingenuous and irresponsible. You constantly push lies and falsehoods to appease your employers. i would have expected much better from a literal  descendant of a Kandahar Giant. Shame on you Gary."
"'2046266992521281886'","4/20/2026 12:37","Tweet","en","340","271","60","9","0","4","1","🐶Rut Roh Larry.  Looks Like This Post Below is Going Viral. 🍿
It be such a shame if everyone reposted and exposed her fake fiance Andrew Jacob Simpson. The one that she has desperately tried to hide his identity for years. 🪪

@LauraLoomer @RealCandaceO @titoamboy https://t.co/mz1pFPCCQm"
"'2046723078235795919'","4/21/2026 18:49","Tweet","en","336","228","76","6","26","4","1","😱 The CHILLING Dinner Where Erika's Mom Tried to Buy a Piece of the Weapons Industry—Is Erika Kirk The New Jeffrey EPSTEIN?  👀

Candace Owens just dropped a bombshell that connects Erika Kirk and her mother, Lori Frantzve, directly to the world of specialized weapons trafficking—the exact same world where the Epstein syndicate was born.

In late 2016, while Donald Trump was campaigning, Lori Frantzve and her husband Larry Guinta were trying to get in on a very unique gun company. They weren't just interested in any firearms; they were targeting a company with a patent-pending for the only weapon in the world that features interchangeable calibers.

Think about that. A convertible weapon, a one-of-a-kind patent. And who was there to help sweeten the deal? Erika Kirk herself.

Candace describes the scene: A dinner in Scottsdale, Arizona, to discuss acquiring the patent. The selling point from Lori and Larry? ""We have access to government contracts."" And then, fashionably late, in walks Arizona's beauty queen, Erika Kirk, to ""sweeten up the potential deal."" She even allegedly hinted that she was dating a man with ""big political connections"" to make the offer more enticing.

This is the same pattern we saw with Victor Marx and the FoldAR. This is a syndicate that identifies unique, powerful weapons technology and tries to control it.

And here is the most chilling connection of all. Candace reminds us of the one fact the media desperately tries to erase: JEFFREY EPSTEIN BEGAN HIS CAREER IN WEAPONS TRAFFICKING. He was brought into the Iran-Contra scandal by Robert Maxwell. The sex and the blackmail came later. The foundation of his entire evil empire was built on the illicit trade of weapons.

Now look at the pattern with Erika Kirk. Guns. Trafficking. Sex trafficking allegations. Charities used as fronts. She is always floating around the exact same dark corners as Epstein's network.

Candace asks the question we're all thinking: When Epstein went down, are we supposed to believe his entire global network just vanished? Or did it reemerge, hiding in plain sight, perhaps in the not-for-profit world, with a new face at the front?

The evidence is mounting. Erika Kirk and her mother weren't just hawking doomsday EMP tech; they were actively trying to buy a stake in a one-of-a-kind weapon system. This isn't a coincidence. It's a continuation of a pattern.

The syndicate is still operating. And it looks like they found a new, more palatable face to front their operation.

The pattern is undeniable. Share this everywhere. The world needs to know that the network didn't die; it just changed its name. 🇺🇸⚓️

FOLLOW @RealCandaceO, RT and watch her FULL episode linked below. 👇"
"'2039853655663264000'","4/2/2026 19:53","Tweet","en","332","254","65","5","8","6","0","🚨 PART TWO: Blake Neff's Manic MELTDOWN— If Everything Charlie Did Was Recorded, Where is the VIDEO of Charlie Saying HE Wanted Erika’s Appointment CEO?🎙️🚫

Candace Owens just turned up the heat on the TPUSA ""Shady Bunch,"" and the cracks in the official narrative are becoming canyons. If Turning Point has nothing to hide, why are they acting like a cornered animal? 

The ""Aspen 3"" Speak Out:
TPUSA claims that at a donor retreat in Aspen—just three weeks before Charlie died—he explicitly named Erika as his successor. Candace went to the source. She spoke to four people who were in that room:

3 out of 4 have NO memory of Charlie ever saying that.

The only couple who ""remembered"" it? Conflicted witnesses with deep financial ties to TPUSA.

It’s a foundational lie. Nobody asks a healthy 31-year-old ""who takes over if you die tomorrow?"" and nobody forgets the answer if they do.

The Blake Neff Manic Meltdown:
When Candace politely asked Blake Neff on X to simply ""release the video"" of this alleged Aspen appointment to clear the air, he didn't provide proof. He had an absolute emotional breakdown.

Blake compared Candace to a ""maniac brandishing a knife on a subway."" 🔪🚇 The Logic: If a ""maniac"" asks you for a video to make them go away, you give them the video! You don't withhold the only piece of evidence that would prove your case unless... you don't actually have it.

The Great Video Disappearance:
Remember: Erika Kirk herself promised ""decades"" of unused footage, Sunday specials, and ""everything recorded."" Charlie wouldn't even give a speech unless it was on 4K video.
So why, for the most crucial moment of her transition to CEO, did they only play glitchy, edited audio at AmFest? Why is this the only video they are suddenly afraid people will call ""AI"" or a ""hologram""?

The DC Dip and Twirl:

Candace played the clip of Erika at the NYT Book Summit. When asked how she reconciles being a ""Boss Babe"" CEO with Charlie’s lifelong message that women belong in the home, she gave a word-salad non-answer about her ""blueprint"" mother (who we know wasn't a single mom).

The Verdict: They are shape-shifting the narrative to fit a pre-planned takeover. They are overthinking, over-leveraging, and now they are panicking because the ""psychopaths"" on the subway are asking for the receipts. 📑🏗️

Make sure to also watch Part 1 below as well as FOLLOW @RealCandaceO. I Highly suggggest everyone also watch her FULL episode lined in the comments."
"'2046356799859667119'","4/20/2026 18:34","Tweet","en","329","248","43","9","29","5","2","😡The Feds Are HIDING The Evidence—Candace Owens Exposes the FBI’s ""Trust Me, Bro"" Court Games👀

If you thought the state had a ""slam dunk"" case against Tyler Robinson, think again. Tonight, Candace Owens just dropped a massive reality check on how the prosecution is deliberately stalling and hiding crucial data from the defense.

Here is what you need to know about the sham playing out in the courtroom right now:

🛑 The ""Slam Dunk"" That Doesn't Exist: Back in December, Erika Kirk’s own lawyer admitted to Candace that they had no more evidence than the public has. They were banking on the state to go out and miraculously find it. 

🛑 The ""Trust Me, Bro"" Files: For a probable cause hearing, the defense needs to see the raw data to prepare their arguments—the actual ballistics, the electronic quantification, the chain of custody, and the bench notes. Instead, the FBI and ATF are refusing to hand over the raw data files. They are only giving Tyler Robinson's attorney, Richard Novak, ""summary reports"" and expecting the court to blindly trust their conclusions. 

🛑 The 6-Month DNA Lie: The feds claimed they had DNA reports linking Tyler to the scene back in September 2025. They used that narrative to nail their fall guy in just 3 hours. Yet, six months later, they still won't hand those actual data files over to the defense so they can be independently verified?

Why is the FBI hiding the chain of custody and the raw forensic data? Because when you look at the raw numbers, the official narrative shatters. They don't want independent defense experts looking at the actual ballistics or DNA because it won't match the clean little story they’ve been feeding the public.

This isn't a fair trial; it's a coordinated cover-up. We are watching the justice system bend over backwards to protect a narrative that is falling apart at the seams.

FOLLOW @RealCandaceO, RT and watch her FULL episode linked below. 👇"
"'2049619545019630056'","4/29/2026 18:39","Tweet","en","326","226","63","17","20","5","1","🚨BREAKING: Candace Drops $10,000 CASH Bounty — Who Was BEHIND the Camera During Erika’s VIRAL Fake Cry? 👀

Candace is back and she’s exposing what she calls ""Operation Erika Kirk 2.0."" While the mainstream media tries to sell a ""survivor story"" from the White House Correspondents’ Dinner, Candace is pulling back the curtain on what really happened—and she’s putting her money where her mouth is. 💰🔥

The Breakdown:
The media called it a ""shooting,"" but reports now show it was a suspect charging a checkpoint and Secret Service firing at each other. No shots from the suspect. Yet, the media elites are acting like they survived a war zone. 🙄

Candace is questioning the ""perfect timing"" of the viral video showing Erika Kirk crying and saying she ""just wants to go home."" How did a CNN reporter capture that exact moment in a ""chaotic"" lockdown? 🧐

Candace is offering $10,000 CASH to anyone who has footage of the person filming Erika. She wants to see the other side of that camera. Was it organic, or was it a produced ""widow-grift"" moment? 🕵️‍♀️

The ""Widow-Grift"" Exposed: Candace isn't falling for the lecture. She’s calling out the establishment for trying to turn a socialite’s voluntary attendance at a DC gala into a reason to scold the public. No one forced her to be there. No one is responsible for her safety but her. 🛑

""We’re tired of the disingenuous games. You’re not too big to fail, and we see exactly what you’re doing."" 🗣️💯

Got the footage? Send tips DM me or email projectconstitutionvideos@gmail.com or MoreTips@CandaceOwens.com and get your 10K. 💸

👇 Is this another scripted DC operation, or is Candace being too harsh? Let’s hear it in the comments.

FOLLOW @RealCandaceO, RT and watch her FULL episode linked below."
"'2039500806701928776'","4/1/2026 20:30","Tweet","en","318","237","77","4","0","4","4","🚨 HISTORY IS REPEATING ITSELF: The FBI's ""Comparative Bullet Lead Analysis"" Was Invented for the JFK Cover-Up— Now They Want to Use It To FRAME Tyler Robinson🤯

Candace Owens just dropped an explosive connection that proves the FBI is running the exact same play they used to frame Lee Harvey Oswald in the JFK assassination. They are trying to frame Tyler Robinson with a known fraudulent ""science.""

Here's the bombshell: The FBI is desperately trying to use a ""flawed and unscientific"" forensic test called Comparative Bullet Lead Analysis (CBLA) to link a bullet to Tyler Robinson.

Where did this junk science first appear? Candace reveals that it was first used after President John F. Kennedy's assassination in 1963.

The FBI literally invented this technique out of thin air because they needed to match a bullet to Lee Harvey Oswald. They needed to sell the narrative to the American people, and they needed ""science"" to do it.

But in 2004, the National Academy of Sciences—the nation's most prestigious scientific body—concluded that the test was ""unreliable and potentially misleading."" They found that the FBI's testimony was so overstated it should be considered inadmissible in court. A year later, the FBI abandoned the technique.

It was a lie then, and it's a lie now.

Think about what this means. The FBI is pulling the exact same playbook from the most famous political assassination in American history. They are resurrecting a debunked, fraudulent method to manufacture evidence against a patsy. They know Tyler Robinson didn't do it, just like we know Lee Harvey Oswald didn't act alone.

This isn't just incompetence; it's a deliberate, calculated move to frame an innocent man. They are dusting off the old propaganda tools because they work.

As Candace says, ""maybe all the same players are involved."" The deep state doesn't change its playbook, it just finds a new patsy.

FOLLOW @RealCandaceO, RT and watch her FULL podcast linked below. 👇"
"'2044209620252598437'","4/14/2026 20:22","Tweet","en","314","203","92","19","0","6","6","🆘 PART TWO: The Chilling EVIDENCE Victor Marx is Running an ARMS Pipeline to Haiti and the IDF 🔫📦

""Turning Point Faith was the infiltration... an Epstein world re-emerging somewhere else."" — Candace Owens 👱‍♀️⚔️

Candace just dropped Part 2 On Her expose` on Pastor Victor Marx, and it’s a total trainwreck. She is officially naming Pastor Victor Marx as a central figure in a suspicious arms network—one that reaches from high-risk missions in Haiti to the IDF in Gaza, all while hiding behind ""spiritual retooling"" and ""angelic visions.""

The Whistleblower: Corby Hall (FoldAR)Corby Hall, inventor of the backpack-deployable FoldAR rifle, has come forward with a staggering testimony:
The Haiti Mission: Marx allegedly pressured Hall for 50 rifles to be ""dropped off"" in Haiti—an illegal export. When Hall refused, Marx reportedly asked for a long-range sniper rifle to ""blow the head off"" anyone near his orphanage to use as propaganda.

The IDF Request: Marx allegedly demanded 50,000 rifles for operations in Gaza, Lebanon, and Syria. When Hall questioned the morality using scripture, Marx reportedly threatened him, saying, ""I could whoop your ass right here.""

The ATF Trace: September 10th at 9:00 AM. This is where it gets chilling...

A specific FoldAR rifle (Serial #02735) went ""missing"" from a Texas Deputy's car in 2024.
The Timing: On the morning of Charlie Kirk’s assassination—hours before the first shot—the ATF hit Corby Hall with an urgent trace on that exact stolen gun.

The Cover-Up: The ATF went silent. The Deputy says he was never contacted. Was the ""Tyler Robinson gun"" actually a pre-staged asset from this very trafficking ring?

The CIA Connection? Candace isn't buying the ""reformed trafficker"" story. She notes a bizarre pattern: Victor Marx and the ""Egyptian Planes"" are tracking the same cities, often near military bases.

Is Victor Marx a CIA contractor?

Why does every pastor around Erika Kirk have a background in ""charitable trafficking"" or arms dealing?

The Infiltration is Complete. Candace suggests that after Epstein went down in 2018, the same global network simply ""re-emerged"" inside the non-profit and church world. And at the center of it all is Erika Kirk—no longer the ""perfect victim,"" but the bridge to these ""troubled pastors.""

👇 WATCH PART 2. The ""Egyptian Plane"" puzzle just found its missing piece. Is Turning Point USA a political movement, or a front for the ""Department of War""?

FOLLOW @RealCandaceO, RT and watch her FULL episode linked below!👇"
"'2044284834005065878'","4/15/2026 1:21","Tweet","en","313","239","53","21","0","6","5","🆘CRY ME A RIVER: All The PAID TPUSA Shills Are Out Repeating The Same Talking Points Again About So Called ""Death Threats"" Erika Recieved—This Looks Like Apple Cider Vinegar 2.0: Is Erika Kirk Prepping for a Staged False Flag Attack? 🧪🚩

The ""PR"" machine is in overdrive, but we see the wires behind the curtain.The synchronized talking points from the usual Turning Point suspects are a giant red flag. 🚩

This isn't a grassroots defense; it’s a paid hate campaign designed to silence anyone—especially Candace Owens—who asks the questions that open the door to ""Discovery.""

Watch out for the pattern. Right on cue, the ""usual suspects""—Graham Allen, Brandon Tatum, and Tracey Martin, Blake Neff, etc...are all singing from the same songbook. They want you to believe that Erika Kirk skipped tonight's event because of ""credible death threats.""

I call TOTAL B.S. 🚩

Discovery is Their Kryptonite. Why won't they sue people like myself or @RealCandaceO  for defamation? Because Discovery would force them to open their books, their phone logs, and their emails. They are terrified of what a court would find. Since they can’t win in court, they have to win in the court of public opinion by manufacturing victimhood.

 This ""threat"" narrative is a setup for a staged incident. We’ve seen this script before. Remember just a few months ago when Ilhan Omar was allegedly sprayed with a cup of apple cider vinegar from a syringe at a Minneapolis town hall? (January 2026). Even the President at the time suggested it looked staged!

They are setting Erika up for her own ""Vinegar Moment."" 🧪
The Claim: ""Doxing"" and ""Floor plans"" (Tracey Martin’s favorite new talking point).

The Excuse: ""I can't show up to the empty arena because it's too dangerous.""

The Goal: A staged, low-stakes ""attack"" to justify a massive crackdown on investigators like us.

The Reality is Erika didn't pull out because of some so-called threat, she pulled out because of an empty arena. You don't need ""security"" against thousands of empty seats.

Erika Kirk is NOT a victim. She is an evil, manipulative psychopath who has surrounded herself with deep state assets and trafficking-adjacent pastors. Don’t let the paid PR campaign gaslight you into forgetting about September 10th.

👇 WATCH THE CLIP. Tracey Martin claiming she’s ""freaked out"" is just the script. We are the ones who should be freaked out by the infiltration."
"'2046216964188635271'","4/20/2026 9:18","Tweet","en","308","199","77","17","15","5","0","ALERT: Baylor, Don’t Be a Prop—Boycott The TPUSA Tour This Wednesday👀

This Wednesday, Baylor University is at a crossroads. As Turning Point USA brings its ""This is the Turning Point Tour"" to Waco Hall, it’s not just about a difference of opinion—it’s about whether we allow a culture of censorship and division to take root in our communities.

While TPUSA often claims to be the ""defender of free speech,"" their actions tell a different story.

🚫 The Hypocrisy of ""Free Speech""
The group frequently works behind the scenes to chill the free speech of students they disagree with. Look no further than the recent ""Unf*ck America Tour"" at Arizona State University. That event was abruptly cancelled following direct interference from TPUSA CEO Erika Kirk.

Leaked video recently surfaced showing Kirk berating ASU TPUSA chapter members, demanding they work harder to shut down and ""counter"" the progressive tour rather than allowing for open debate. This isn't advocacy; it's a coordinated effort to silence opposing political groups.

⚠️ Why We Are Calling for a Boycott
Suppressing Dialogue: By using administrative pressure and aggressive tactics to cancel other groups, TPUSA has shown they only value speech that matches their own.

Targeting The Community: The speakers—Donald Trump Jr., Tom Homan, and Benny Johnson—have built platforms on rhetoric that targets the most vulnerable among us.

Political Theater: This event is designed to create ""viral"" moments at the expense of campus unity. Don't let Baylor become a backdrop for their next hit piece.

🕊️ The Better Alternative: ""All Are Neighbors""
Don’t give them the audience they crave. Join a coalition including the NAACP, Baylor Democrats, and Students Demand Action for a counter-event built on solidarity and real Christian values.

What: ""All Are Neighbors"" Forum & Prayer Vigil

When: Wednesday, April 22nd | 5:00 PM – 7:00 PM
Where: Cashion Academic Center (5th Floor)

Featured Speakers: Kelley Robinson (Human Rights Campaign) and Rev. Paul Raushenbush (Interfaith Alliance).

📢 Take Action

Do Not Attend: An empty Waco Hall is the most powerful response to those who try to silence others.

Expose the Tactics: Share the truth about how TPUSA interfered with the ASU event. Free speech belongs to everyone, not just those with the biggest donors.

@Baylor @unfamericatour @ZeeToTheHill"
"'2040318679359914139'","4/4/2026 2:40","Tweet","en","303","213","73","17","0","0","2","🚨BOMBSHELL: Staged Discord, Missing Timestamps, and the ""Dad"" Text Paradox 💻🚫

As the clip explains, the ""confession"" messages to his partner, Lance, bear all the hallmarks of being staged by an informant who already had control of the digital environment.

""If I got dirt on you, I'm gonna write a letter from you to me... it makes it look like you confessed even though I wrote it.""

The Feds claim these are ""smoking gun"" texts. Here is why that is a logical and physical impossibility:

A. The Logistical Hole: While Tyler was In Orems, his PC was at home. As we’ve been told, the ""furry lover"" Lance Twiggs was nesting at the house, refusing to leave. Was Lance pretending to be Tyler on the PC, creating the digital paper trail that the Feds needed?

B. The Logical Impossibility (The ""Dad"" Text): The messages allegedly show Tyler claiming that his father had texted him, demanding a picture of his gun to ""prove"" it wasn't him because his dad suspected his involvement after seeing a photo of the ""unique antique"" rifle on the news. 

Here’s the massive ""Fed-slop"" glitch: The FBI NEVER released a picture of the actual gun to the public. The media only released a generic stock photo of a completely different model. 📸❌
It is impossible for Tyler’s father to have recognized a gun that was never shown.

That also means It is impossible for Tyler to have received a text about a recognition that never happened.

THEREFORE, the entire message chain referencing this event is COMPLETELY FAKE. They planted the conversations about events that did not occur.

C. The Evidence Hole (Screenshot Only): Even worse for the Feds: They don’t even have the actual messages. They have screenshots of the messages. Screenshots that didn’t even have timestamps. 📑✂️

No digital DNA.

No metadata.

No way to verify when—or if—they were sent, only that they were captured on a screen by someone holding the ""informant"" card.

Was the gun itself already in FBI possession a week prior, only to be ""tripped over"" in the bushes by an agent who knew exactly where it was? This isn't evidence; it's a stage play. 🕵️‍♂️

From: @DDGotAPodcast and @tommyborumjokes FOLLOW Them!"
"'2046359072476156077'","4/20/2026 18:43","Tweet","en","302","224","57","8","13","3","3","😱EXPOSED: The ""SLAM DUNK"" Text Messages Might Be Completely FAKE—Defense BLOCKED from Accessing Tyler Robinson's Phone! 👀

The State's entire case against Tyler Robinson is built on a series of leaked text messages that read like a bad Jane Austen novel. We were told these messages were the ultimate ""slam dunk"" confession.

But Candace Owens just exposed a massive, glaring problem on her podcast tonight: The defense hasn't even been allowed to look at Tyler's actual cell phone. Let that sink in.

The prosecution is planning to drop 35 exhibits at the upcoming probable cause hearing—undoubtedly including these infamous text messages to his roommate/witness. Yet, Tyler’s own defense attorney, Kathy Nestor, just admitted on the record that they cannot verify a single one of them because the State is withholding the physical device.

Why does this matter?Because screenshots mean absolutely nothing in 2026. Without forensic access to the device, the defense cannot prove: 

📱 If the messages were actually sent from that phone. 

📱 If the roommate had both phones and was just texting himself to create a paper trail. 

📱 If the Feds completely fabricated the digital screenshots out of thin air.

Remember, these messages were originally leaked to the media as ""Discord chats"" before the narrative magically changed to ""text messages.""

If the State had actual, verified, forensic proof that Tyler sent those messages, they would have handed the phone over months ago. Instead, they are hiding the data and asking the judge to just blindly trust their 35 printed-out pictures.

This isn't an investigation. It's a highly produced theatrical performance, and they are terrified of letting the defense look behind the curtain.

FOLLOW @RealCandaceO, RT and watch her FULL episode linked below. 👇"
"'2045973783391928606'","4/19/2026 17:12","Reply","en","295","251","26","18","0","2","0","@LauraLoomer Hey Larry, Why you hiding your Fiance Andrew Simpson? Does he live in fL? https://t.co/qvXXrImY2u"
"'2044255679418913243'","4/14/2026 23:25","Tweet","en","294","172","64","36","22","5","3","🆘GASLIGHTING 101: J.D. Vance DEFENDS Erika Kirk—She REALLY Is A griving Widow🤣

This latest defense from Vice President J.D. Vance is exactly the kind of gaslighting the American public has come to expect from the establishment. While Vance claims we are ""lying"" about Erika Kirk, he conveniently ignores the mountain of evidence we’ve presented.

""They’re lying about her... it’s one of the most disgraceful things I’ve ever seen."" — J.D. Vance tonight in Oregon. 👱‍♂️🏛️

Really, J.D.? You want to talk about ""disgraceful""? Let’s talk about the facts. Since you’re so certain we’re lying, let’s go down the list of what we’ve actually called out.

The ""Lies"" We’ve Exposed:

Fort Huachuca: Were we lying about her being at Fort Huachuca on September 8th—just two days before Charlie’s death? Were you with her then, J.D.? Or were you the one on that SAM 000 plane? ✈️🌵

The CEO Fraud: Were we lying about her faking the audio of Charlie supposedly appointing her as CEO ""if anything happened""? Why hasn't the original, unedited clip ever been released?

The Inner Circle: Were we lying about every single person in her orbit—from Victor Marx to her Romanian ""charity"" associates—being connected to trafficking or high-level arms deals? 📦⛓️

The Legacy Betrayal: Were we lying about her immediately taking money from the same donors who were pressuring Charlie—the ones he turned down because they wanted to warp his ""America First"" mission into a globalist war machine?

The Alibi Question: Vance says he was there ""holding her hand"" as they loaded Charlie's body on Air Force Two.
Well, my question for you, J.D., is: where is your alibi for September 8th and 9th? Were you also involved in the ""security"" meetings at Fort Huachuca?

The Truth: You can try to spin this as ""disgraceful attacks"" all you want, but the public sees Erika Kirk for exactly what she is: a fame-thirsty opportunist who is doing everything in her power to DESTROY Charlie's legacy, not protect it. She is inauthentic, disingenuous, and surrounded by the very deep-state assets Charlie warned us about.

Just stop, bro. The American people are awake, and we aren't buying the ""grieving widow"" act anymore—not when it comes with a $2 million valuation and a seat at the table with the people who wanted him gone.

👇 WATCH THE CLIP. Is Vance protecting a widow, or is he protecting an asset?

@RealCandaceO @candaceoshow"
"'2047295440555548970'","4/23/2026 8:44","Reply","en","290","269","8","11","2","5","0","@titoamboy @RealCandaceO @imelizabethlane @LoomerUnleashed @LoomersFanClub @LoomeredStrat is that what you did to Trump?"
"'2046909414355964198'","4/22/2026 7:10","Reply","qme","288","253","29","6","0","2","0","@RealCandaceO https://t.co/BWXmYGixVm"
"'2043849827633512874'","4/13/2026 20:32","Tweet","en","282","212","48","22","0","3","0","🚨SHOCKING: Candace Owens Rebukes Trump’s Attack on Pope Leo XIV—Calling Him BLASPHEMOUS And Demonic😱

In a staggering monologue, @RealCandaceO just laid out what she describes as the ""demonic influence"" taking hold of Donald Trump. After Trump launched a vitriolic attack on Pope Leo XIV—calling the Pontiff ""weak on crime""—he doubled down by posting an AI image of himself depicted as Jesus Christ healing the sick. 🏛️✝️

The ""Project Constitution"" Breakdown:

Blasphemy in the White House: Candace slams the ""Messiah"" imagery, revealing that Trump’s inner circle (including Paula White) is allegedly convincing him he is akin to Christ.

The ""Doctor"" Excuse: Trump’s defense for the Jesus imagery? He claimed he thought he was depicted as a ""Red Cross doctor."" Candace’s response: ""He was never a doctor. This is blasphemous slop.""

Betraying the Base: Candace argues Trump has abandoned the very people who got him elected—betraying her, Tucker Carlson, and even the late Charlie Kirk—to pursue ""unjust wars"" at the behest of foreign interests.

The Papal Feud: Trump’s claim that Pope Leo XIV was only elected to ""deal with Trump"" is, in Candace's view, the height of unhinged narcissism.

""You cannot support Trump in this moment,"" Candace warns. ""He is so in the cave, he is so convinced of his own invincibility... it is completely unhinged.""

Is this the final fracture in the MAGA movement? When the ""peace candidates"" and the Church are labeled the enemy, the script isn't just leaking—it’s burning.

FOLLOW @RealCandaceO, RT and watch her FULL episode linked below 👇"
"'2042569030435741734'","4/10/2026 7:43","Tweet","en","281","194","74","13","0","0","6","🚨COVER UP: The Disturbing Truth About Stefan Suto’s Final Days Three Doctors NAMED In The HOMICIDE Of Stefan Suto. 💉🧑‍⚕️

For those of you who have been following my reporting on the death of my friend Steve's father in-law @IsraeliNewsLive, this latest development is a nuclear-level bombshell. Ethan Suto, the stepson of Steve, has come forward and broken his silence to name the three doctors responsible for the death of his grandfather, Stefan Suto.

This isn't just a medical malpractice story—according to a forensic autopsy, it’s a homicide.

🩺 THE THREE DOCTORS NAMED:
Ethan Suto has identified the following individuals as being directly involved in the treatment that led to his grandfather’s death:

Dr. Carrie Madej

Dr. Deborah Viglione

Dr. James Thorp

💉 THE ""TREATMENT"" FROM HELL
The details coming out of this exposure are sickening. According to the evidence and the autopsy conducted by world-renowned forensic pathologist Dr. Daniel Schultz:

Forced Poisoning: Dr. Madej reportedly administered IV hydrogen peroxide in a private home without informed consent.

Human Experimentation: Drs. Thorp and Viglione allegedly continued these IV peroxide treatments and added direct ozone gas injections into the veins.

The ""Vampire"" Transfusion: In a truly disturbing turn, Dr. Thorp reportedly bled himself into an IV bag and performed a non-crossmatched blood transfusion on Stefan Suto in a hotel room.

⚖️ THE FORENSIC VERDICT: HOMICIDE
While the state of Florida tried to bury this as a ""natural death,"" the private autopsy revealed the truth. Dr. Schultz ruled the cause of death as hemolytic anemia caused by the IV hydrogen peroxide and ozone gas.

The Manner of Death: Explicitly ruled a HOMICIDE.

The Fraudulent Paperwork: The death certificate was signed by a doctor who never even saw or treated the patient.

🕵️‍♂️ THE INSTITUTIONAL COVER-UP
Ethan isn’t just calling out the doctors; he’s calling out the ""corruption in the entire legal system. He alleges a deliberate cover-up by:

Ginger Bowden Madden (First Circuit State Attorney)

Dr. Dana Oleski (Medical Examiner), who is currently in court fighting to prevent the fraudulent death certificate from being correcte.

👁️ WHY THIS MATTERS
This case is a terrifying example of what happens when ""authority figures"" hide behind their status to commit atrocities. While the state of Florida prosecutes others, they are protecting these specific doctors despite black-and-white evidence of felony crimes.

The silence is over. The proper channels failed, so now the world gets the truth.

Watch Ethan Suto’s full breakdown and be sure to SUBSCRIBE to his YT channel. Look at the text messages. See the autopsy results for yourself."
"'2049617371766128883'","4/29/2026 18:30","Tweet","en","276","209","44","7","16","4","2","‼️Trump's Latest MELTDOWN: on Candace (Fueled by Larry Loomer) Just Got Absolutely DESTROYED—Candace Owens Just Exposed DC’s BLACKMAIL Game 👀

The ""leader of the free world"" just dropped his fourth attack on Candace in two weeks—fueled by AI deepfakes and the manic rants of Larry Loomer—and Candace just spent 30 minutes delivering a masterclass in how to incinerate a narrative. 💅🎂

If you watch one thing today, make it this. Candace is on her side, and she brought the RECEIPTS:

The ""Ugly"" Photo: Trump thought he was exposing her ""deepest, darkest secret."" Jokes on him—Candace shared that photo herself in 2019. It was the lowest point of her life, fighting toxic mold poisoning that almost took her mind and her life. She’s not embarrassed by it; she’s proud of the warrior it made her. 💪

The DC Blackmail Game: She exposed how Washington actually runs—on threats, secrets, and forcing people into line. But guess what? Candace isn't in debt, she doesn’t have secrets, and she won’t be bullied into silence by a scripted tweet she knows Trump didn't even write. 🛑

The ""Rich White Men"" Smear: She perfectly dismantled the ""tinge of racism"" behind the attack. Who exactly did she use? She was the breadwinner while her husband waited for his green card. She asked the question Trump is terrified to answer: Would you describe Melania or Lara Trump as ""using rich white men,"" or does that only apply if the wife is Black? 🤔

The Loomer Factor: She didn't hold back on X’s resident ""psychopath,"" Larry Loomer, playing the racist, unhinged audio for the world to hear, and asking why the Trump administration is conceding to a lunatic. Is it emotional blackmail, or something worse? 🌪️

Candace entered politics with a pure understanding of how fickle it is, and she made a promise to God to prioritize her truth and her health over looks and status. 💯

Trump thinks he can intimidate her, but real power never has to name itself. Welcome back to the only voice telling the unfiltered truth.

👇Has Trump completely lost the plot by listening to Loomer? Sound off.

FOLLOW @RealCandaceO, RT and watch her FULL episode linked below. 👇"
"'2047267204962410545'","4/23/2026 6:51","Reply","en","272","257","5","5","5","4","0","@Shayna2342 @RealCandaceO @imelizabethlane @LoomerUnleashed @LoomersFanClub @titoamboy it will tonight."
"'2044926412574826934'","4/16/2026 19:50","Tweet","en","272","168","75","8","21","5","4","EXPOSED: Victor Marx Unmasked as a Class 1 Federal Firearms Dealer LEAKED Texts Reveal Victor Marx Trying To BUY Arms For The  IDF.🔫🇮🇱

The investigation into the events of September 10th just took a dark, tactical turn. We’ve been asking how a ""private citizen"" manages to move 50+ firearms at a time. Tonight, Candace Owens and Baron Coleman provided the answer: Victor Marx is a Class 1 Federal Firearms License (FFL) holder.

He’s not just a ""pastor"" or a ""humanitarian."" He is a registered arms dealer operating out of Colorado Springs.

THE FFL REVEAL: BEYOND THE PULPIT

The Designation: Victor Marx Group LLC holds a Class 1 FFL.

The Implications: This isn't just about owning guns for self-defense; it’s about the legal authority to engage in the business of firearms. As Candace noted: “I’ve had a few preachers over the years... I don't believe any of them have been licensed firearms dealers.”

THE ISRAELI CONNECTION: THE PATENT DEAL
The most explosive evidence tonight came from Corby Hall’s leaked text messages. The logs from April 2025 show Victor Marx explicitly transacting on behalf of an ""Israeli Defense Group.""

The Goal: They weren't just looking for units; they wanted the patent for the ""FoldAR"" technology.

The Pressure: When Corby expressed concern that the technology should protect schools rather than being used for war, Marx pivoted to ""spiritual"" manipulation, telling Corby that ""God resists the proud"" while pushing him to take a paycheck and hand over the rights to the IDF.

The Reality: Victor Marx was acting as a bridge for foreign military interests to acquire advanced U.S. weapons technology months before Charlie Kirk's death.

THE ""SNIFF TEST"" ON VIOLENCE
Victor Marx admitted to threatening to ""whoop"" Corby Hall’s ass on his own training compound—a property crawling with military-trained security. Marx’s excuse? He claimed he was ""teaching him how to punch"" because Corby was ""depressed.""

 Does it make sense for a depressed man to threaten an armed FFL dealer on his own turf? Or was this a high-pressure intimidation tactic used to force a patent sale?

THE MASTER TIMELINE: 1:13 PM
We return to the most haunting fact: Victor Marx knew Charlie Kirk was dead at 1:13 PM MST—the same time Erika Kirk was allegedly finding out from doctors. He beat the President of the United States by nearly an hour and a half.

THE QUESTION REMAINS: How does a ""pastor/arms dealer"" with deep ties to the IDF and a Class 1 FFL get the internal notification of a public figure’s death before the Secret Service or the White House?

Victor says he wants to sit down with Candace—but only on his terms. We say: Bring the receipts, Victor. The state of Colorado and the American people deserve to know who you really are.

FOLLOW @RealCandaceO, RT and watch her FULL episode linked below. 👇"
"'2044334301165027393'","4/15/2026 4:37","Reply","en","270","248","14","8","0","2","1","@WellsJorda89710 Funny how none of you shills clutching your pearls and pretending to be Christians took the threat against Candace Owens seriously. Also Erika herself says they get threats all the time and it's just business as usual, so what changed? https://t.co/GJbLqvVUSj"
"'2048979156323455380'","4/28/2026 0:14","Reply","qme","269","240","26","3","0","2","0","@MrsErikaKirk https://t.co/JWLIW5ACkM"
"'2049983568760234355'","4/30/2026 18:45","Tweet","en","265","184","58","8","15","6","3","‼️BREAKING: Harpole’s 69-Page Suit Just Triggered Discovery Armageddon for TPUSA! 👀

Brian Harpole just filed a massive 69-page defamation lawsuit against Candace Owens and Mitch Snow in the Middle District of Tennessee—and it is the biggest mistake they could have ever made. 📉🔥

They think they’re playing offense, but they just opened the door to FULL DISCOVERY. 🔓📂

Why this is a MASSIVE win for the truth:

Total Transparency: Since Harpole is claiming his reputation was ruined over the investigation into Charlie Kirk’s assassination, his entire professional life is now subject to discovery.

The Receipts: We are talking about access to ALL of Harpole’s communications with Erika Kirk and Turning Point USA. No more secrets, no more ""private"" messages—it’s all coming to light. 📧📱

What Really Happened? We are finally going to get to the bottom of the security failures, the timelines, and the communications from that day at UVU. By suing, Harpole has legally obligated himself to turn over the evidence we’ve been asking for months.

The Counts:

Defamation Per Se: Claiming the Fort Huachuca story was ""actual malice.""

Conspiracy to Defame: Alleging a ""deliberate agreement"" between Candace and Mitch Snow.

Vicarious Liability: Trying to go after Candace’s entire media apparatus.

The Bottom Line: This wasn't a power move—it was the nail in the coffin for Turning Point. They just gave us the legal authority to dig through their internal files. They wanted to silence the investigation, but they just fast-tracked it. 🏛️💣

""You want to talk about 'malice'? Let’s talk about the truth that’s about to come out in those depositions."" 🗣️💯

Get ready, guys. The discovery phase is about to be the biggest win Project Constitution has ever seen. Go Max! 🚀🙌

👇 Do you think Harpole realized he just gave us access to all his records, or did TPUSA’s legal team just hand us the win? Sound off!"
"'2049543303121473740'","4/29/2026 13:36","Reply","en","264","239","13","9","3","2","0","@RealCandaceO Great to see you back. Happy Birthday. sorry you gotta come back to this witch lying about you. @RealCandaceO 

https://t.co/zhg32j97fO"
"'2047825473900605577'","4/24/2026 19:50","Reply","qme","262","224","33","5","0","2","0","@RealCandaceO https://t.co/Vx1uiPl0uX"
"'2044918878652760081'","4/16/2026 19:20","Tweet","en","260","212","41","7","0","5","1","EXPOSED: Candace Owens Exposes the Man Who Knew TOO Much, Too Soon Victor Marx Was FIRST To Announce Charlie's Death JUST 50 Mins After The Big Bang.🕵️‍♂️⏱️

The timeline of September 10th is being rewritten in real-time. We’ve always said that in an investigation, timing is everything. Tonight, Candace Owens just dropped the definitive receipt that proves the ""official"" narrative of Charlie Kirk's death was bypassed by a very specific insider nearly 90 minutes before the rest of the world knew.

THE ANOMALY: 1:13 PM MST
While the world was still hearing conflicting reports of a ""stable condition,"" Victor Marx—Erika Kirk’s ""dear friend""—was already filming a video announcing Charlie had ""gone to heaven.""

The Math: Charlie was shot at approximately 12:23 PM. Victor Marx posted his ""confirmation"" at 1:13 PM.

The Gap: That is a mere 50 minutes after the trigger was pulled.

The Comparison: President Trump didn't officially announce the passing until 2:40 PM.

Victor Marx beat the President of the United States by 1 hour and 27 minutes. ### THE SMOKING GUN QUESTIONS:

THE SOURCE: At 50 minutes post-incident, the scene was still active. Even high-level hospital staff would barely have a definitive status. Who called Victor?

Candace notes that 1:13 PM is exactly when Erika was reportedly learning the news from doctors. Was Victor on a three-way call? Or was he briefed before the doctors even finished their assessment?

First Bibi Netanyahu tweets ""too soon,"" now Victor Marx posts ""too soon."" Why are individuals with alleged ties to foreign intelligence always the first to know the ""final"" outcome before the American public?

WHAT IT MEANS:
In the world of OSINT and telemetry, we call this a ""leaked signal."" You don't post a produced video confirming a death 50 minutes after a shooting unless you are certain of the outcome. Victor Marx acted with a level of confidence that suggests the ""script"" was already written.

Is it a coincidence, or is it coordination? We are plotting this 1:13 PM timestamp on the master timeline. The circle of people who knew is getting smaller, and the names are getting more suspicious.

The truth is in the timing.

FOLLOW @RealCandaceO, RT and watch her FULL episode linked below. 👇"
"'2043691826897432693'","4/13/2026 10:04","Reply","en","259","204","47","8","0","2","0","Edward Snowden Leaked Slides For CIA Prism Database Containing Erika Kirk's Mom's name Lori Frantzve being listed as a ""NSA Agent"". https://t.co/Y03gKMwqDt"
"'2047420225310654974'","4/23/2026 16:59","Tweet","en","258","195","32","30","1","2","0","Larry Loomer never had to worry about sinking y'all because if he boat capsizes her lips will act as a built in life preserver. 😂
Isn't that right @LauraLoomer https://t.co/l7LIFc7iaD"
"'2038795506214736330'","3/30/2026 21:48","Reply","en","252","203","37","12","0","2","0","@RealCandaceO Fragment found in Charlie's Neck doesn't match the gun recovered at the crime scene https://t.co/cXl3sE4lpq"
"'2044029254749347970'","4/14/2026 8:25","Tweet","en","251","174","66","11","0","2","1","🆘POWERFUL: It's No SECRET Charlie Kirk Was The First Casualty Of The Iran War— Is This The Clip That COST Charlie His Life? 👀

Here's the ""smoking gun"" footage that explains the motive behind the September 10th tragedy at UVU. Charlie Kirk was the single dissenting voice who had Trump's ear that was against the current war path. This represents the massive rift between the ""America First"" base and the current administration's foreign policy..

""You go to war with Persia, it will bring your country down."" — Charlie Kirk

Just weeks before the UVU assassination, Charlie Kirk broke ranks. He didn't just disagree with the administration—he sounded the alarm. Charlie was crystal clear: Bombing Iranian nuclear facilities is a ""catastrophic mistake."" He warned that a regime-change war would destroy America from within.

He called out leaders who are ""internationally obsessed and domestically ignorant."" He knew that the people who elected this administration didn't vote for a boots-on-the-ground war in the Middle East.

Kirk was the loudest voice holding the ""MAGA"" movement to its original non-interventionist roots. With him gone, the path to a full-scale invasion of Iran became much clearer. This is why they had to take him out.

He was standing in the way of the military-industrial complex.

He was the only thing stopping the ""Department of War"" from total escalation.

The Timing is Not a Coincidence. We are seeing the bombs fall on Iran now, exactly as he predicted. He told us this wasn't part of the deal. They silenced the messenger, but they can't silence the message.

👇 WATCH: Hear Charlie’s final warnings about the Iran war. This is the truth they don’t want you to share."
"'2039832737360556205'","4/2/2026 18:29","Tweet","en","243","204","36","3","0","6","0","🚨 THE SHADY BUNCH: Why Blake Neff is Candace’s FAVORITE ""Emotionally Immature"" Antagonist— Plus Erika Kirk's Alibi is the NEXT Pillar to Fall.😲

Candace is back with that signature calm-before-the-storm energy, and she isn’t just ""prodding"" the narrative anymore—she’s dismantling it. Between the fallout of Pam Bondi being fired and the internal chaos at Turning Point, the ""official"" story is looking thinner by the hour. 

The Blake Neff Comedy Hour 🤡
Candace isn’t even angry at Blake anymore; she’s entertained. Watching his emotional outbursts is like watching a rerun of Tom and Jerry—predictable, hysterical, and ultimately self-destructive.

""Tom's got a Tom... Blake's got a Blake."" While he’s busy lashing out and ""making things worse"" for the network, the real researchers are following the receipts.

The ""Alibi"" Under the Microscope 🩺🧐
Here is the part where it gets delicate. We’ve all heard the narrative: Erika Kirk was supposedly with her mother receiving medical treatments when the call came in from Mikey McCoy that Charlie had been shot.

Candace has been quietly investigating that timeline in the background, and the discoveries are... interesting. 

What are they actually hiding? 🏗️⚔️

Candace is going on break next week, but she’s leaving us with enough breadcrumbs to keep the entire ""Shady Bunch"" awake at night. The truth doesn't care about your ""emotional immaturity,"" Blake. It only cares about the data. 📑✈️

FOLLOW @RealCandaceO and watch her FULL episode linked below.👇"
"'2047293569984016390'","4/23/2026 8:36","Tweet","en","237","147","54","9","27","5","0","🚨THE JIGSAW FILES: Exposing Laura Loomer's FULL 623-Page Deposition MELTDOWN Under Oath Part 1
https://t.co/fCEX0M1KMr
@LauraLoomer @titoamboy @LoomeredStrat @LoomersFanClub @LoomerUnleashed @RealCandaceO"
"'2047282015628603515'","4/23/2026 7:50","Reply","en","236","218","7","9","2","5","0","@titoamboy @RealCandaceO @imelizabethlane @LoomerUnleashed @LoomersFanClub @LoomeredStrat Tissues? Oh honey, those are for you when the full deposition drops tonight and we watch your career burn to the ground. I’ll bring the broom, but you are gonna have to  clean up your own mess."
"'2039835155234205844'","4/2/2026 18:39","Tweet","en","235","173","57","5","0","2","1","🚨 UPDATE: Why the Qureshi Military Ties Are the Most ""Sus"" Part of the Timeline Is ""DECOY BOY #2"" Part Of A Military Mission? 🤔

Candace Owens just dropped a massive update on Zachariah Qureshi (Decoy Boy #2), and the ""coincidences"" surrounding his family are starting to look a lot like a coordinated military operation. This isn't just a kid in the wrong place at the wrong time—this is a family with deep ties to Fort Huachuca and high-level mission prep tech. 

The Fort Huachuca Connection 
Yesterday, we learned that Zachariah's father is an O6 in the Navy Reserves. Today, the plot thickens. Mitch Snow spotted a meeting of O6s at Fort Huachuca just 24 hours before the event.

But it’s not just the dad. Candace revealed that another family member, Tor Qureshi, was actually stationed at Fort Huachuca. His specialty? Reconnaissance drones. 

The 3D ""Mission Prep"" App 
The father co-founded an app called Built, which is designed for ""Mission Prep."" This tech allows for a full 3D visual walkthrough of a location without ever being there.

Think about the implications: * You could virtually walk through the venue in Utah.

You could map exactly where Charlie would be sitting.

You could plan the precise route to Timpanogos Hospital—knowing exactly which door to enter before the ""big bang"" even happened. 

A Military Family Affair? 
If you have a family trained in drone reconnaissance, O6 level leadership, and 3D mission-mapping software, you aren't just ""attending"" an event. You are prepping a zone.

Was Zachariah Qureshi really just a decoy, or was he part of a highly technical, state-level ""Mission Prep"" team that knew the layout of that room better than Charlie’s own security? 

Cash Patel reportedly shut down the investigation into this boy for 90 minutes before releasing him. Why the cover-up? Why the rush?

The ""Shady Bunch"" timeline is crumbling. Stay tuned. 📑🕵️‍♀️

FOLLOW @RealCandaceO, RT and watch her FULL episode linked below. 👇"
"'2046560119211569200'","4/21/2026 8:02","Reply","en","233","222","7","4","0","2","0","@EYakoby no he paid a million dollars to buy his way onto the TP stage to bash @RealCandaceO  because he's a Psycho stalker."
"'2045985647240900678'","4/19/2026 17:59","Reply","en","232","197","27","8","0","4","1","@RealCandaceO @LauraLoomer The News about your Fake Finace Andrew Sinpson has reached the mainstream and is now Trending pon MSN. Rut Roh Larry.  @LauraLoomer https://t.co/oBZHwi91PL"
"'2040769291159495062'","4/5/2026 8:31","Tweet","en","230","158","31","41","0","4","0","🚨 UPDATE: TRUMP IS NOT AT WALTER REED.

A White House source just confirmed to me the President is in ""great health"" and will hold an Oval Office presser today at 1 PM EST.

Two quick points:

I don't wish the President ill. I despise his second-term pivot from America First to Israel First, but my reporting was out of concern for the country. The shills saying I want him hurt are full of shit.

They caused this panic. Why didn't they just deny it hours ago? This is the same cowardice I’ve called out with @MrsErikaKirk and @TPUSA. When you stay silent instead of answering questions, you create an information vacuum. People fill the blanks with the worst-case scenario.

A simple ""confirm or deny"" could have avoided all of this. Total incompetence from the administration.

See you all at 1 PM. 🕵️‍♂️"
"'2046064820055629910'","4/19/2026 23:14","Reply","en","228","214","6","8","0","4","0","@RealCandaceO @LauraLoomer Look Larry, i'll give you one chance out of this before i wreck your whole grift.  leave Candace alone and call me daddy. Say ""Yes Daddy"" i will stop."
"'2045945537329836170'","4/19/2026 15:20","Reply","en","226","193","3","30","0","2","0","@Maltophiliac @RealCandaceO @baroncoleman 24/7 baby. all i do round the clock is work on the CK investigation. Today is my birthday actually and i'd rather be doing nothing else until we get justice for Charlie"
"'2049637698827104437'","4/29/2026 19:51","Tweet","en","222","144","46","7","25","5","4","‼️EXPOSED: Candace Owens Just TORCHED Erika Kirk’s Biggest Lie Yet— Challenges Erika To Face Her Detractors HEAD ON! 👀

Erika Kirk just released a 9-minute, teleprompter-heavy monologue, and it’s officially giving ""Hillary Clinton Campaign"" energy. Candace isn’t just pulling the receipts; she’s incinerating the entire narrative.

Erika actually looked into a camera and claimed Candace Owens accused her of murdering Charlie Kirk. One problem: It never happened. 

🛑 Candace has called her a liar, a fraud, and an astroturfed CEO—all of which she’s proven—but she never made that claim.

The Desperate PR Clean-up:When the internet immediately clocked the lie, Erika’s team (Blake Neff and Andrew Kolvet) scrambled for excuses:

They claim Candace ""implied"" it by saying police should have questioned her. (Uh, yeah... that’s what happens in investigations when the stories don't line up! 

Andrew Kolvet leaked a private text from December—a clear joke between friends making fun of the media—to justify a public lie told today. Candace’s response? ""RELEASE THE WHOLE CHAIN."" She has nothing to hide. 

As Baron Coleman rightly said, being a widow isn't a ""free pass to lie and gaslight everyone you meet."" Candace is asking the questions that actually matter:

Why won't you release the video of Charlie allegedly appointing you CEO? Donors are calling it fake. 

The Surgeon Lie: Why did you lie to Candace’s face about the surgeon going ""rogue""? 

You were too ""traumatized"" for UGA, but you’re rubbing elbows with the FBI director at a DC gala for a ""social experiment""? Make it make sense. 

""You aren't smarter than the public, Erika. Stop with the scripted performances and start answering the questions meaningfully."" 

The public is tired of being gaslit. Is Erika digging her own grave with these lies? Sound off.

FOLLOW @RealCandaceO, RT and watch her FULL episode linked below.👇"
"'2046384699069571465'","4/20/2026 20:25","Reply","en","222","159","47","6","10","4","5","😱EXPOSED: Candace Owens Just NUKED Looney Laura Loomer's Entire Existence. Exposed As A MENTALLY ILL Sexual Predator.🪦👀

This is not a feud. This is a public intervention and a full-scale exposé of a dangerously unstable woman who has been given access to the President of the United States. Every claim is backed by evidence and testimony.

Candace began by sharing a moment of pity, recalling how she once helped Loomer, who was friendless and living in a rented basement, by picking her up after a wisdom teeth procedure. But that pity has turned to alarm, and she is now sounding the alarm for all of us.

1⃣THE ZIONIST IDENTITY IS A FAKE.
Candace dropped the first bombshell: Laura Loomer is not Jewish. Her mother is Joanne Singh, and she is of Irish and English descent. Candace says Loomer told her this herself around 2019. Her entire ""feisty Jew"" persona is a political fabrication she adopted for expediency. As proof, Candace played a clip of Loomer learning how to draw a Star of David for the first time just a few years ago.

2⃣A DOCUMENTED HISTORY OF SEVERE MENTAL ILLNESS.
This is the most disturbing part. Candace confirmed that LoomER IS FORBIDDEN BY LAW FROM OWNING A FIREARM. She is barred from buying or possessing guns because she was placed on TWO involuntary psychiatric holds by her own father, who was allegedly fearful of her, following multiple suicide attempts.

Candace then read a damning statement from Loomer's former campaign manager, who she has never sued, detailing a family history of profound mental illness:
Laura: Diagnosed with bipolar disorder, histrionic personality disorder, borderline personality disorder, and narcissistic personality disorder.

Her Mother: An alcoholic, a manic depressive, and also suffers from bipolar disorder.

Her Brothers: One is a violent schizophrenic permanently incarcerated in a psychiatric facility. The other also suffers from depression and mood disorders.

3⃣SHE IS A MALIGNANT SEXUAL PREDATOR.
Candace exposed Loomer as a predator who has been repeatedly accused of raping and sexually assaulting young men. She shared the harrowing account of Alan Jacoby, founder of Patriot Cigar, who accused Loomer of groping him aggressively in a parking lot and demanding he come back to her hotel room.

Candace also played testimony from her former campaign manager, who lived with a young Brazilian volunteer on Loomer's 2020 campaign. He described how Loomer would force herself on the young man, creep into his bed at night, and sexually assault him. The volunteer was too terrified of her power and instability to say no.

4⃣HER STRATEGY: PSYCHOLOGICAL WARFARE.
Candace revealed Loomer's own stated strategy: ""Break them down and conquer them with psychological warfare until they beg for mercy."" This is how she operates. She makes up vicious, unfounded rumors to destroy people's reputations, like when she claimed Casey DeSantis was ""making up cancer."" She is now using this same tactic on Candace, creating AI photos of her husband and making up insane stories about her family.

Candace ended with a direct warning to President Trump. She said people in Melania's circle believe Loomer is a ""fatal attraction"" and the most likely person to harm Trump. She questioned why a woman who is legally prohibited from owning a firearm due to her severe mental instability and documented suicidal tendencies is allowed anywhere near the President of the United States.

Candace's final message was clear: She will not be intimidated by a ""Trump family thug"" and warned the former president that he will eventually reap what he sows by keeping this dangerous person in his inner circle.

This is not about political disagreements. This is about a dangerously unstable individual with a history of violence and manipulation who is being used as a political weapon.

FOLLOW @RealCandaceO, RT and watch her FULL Episode linked below. 👇"
"'2039021013900337489'","3/31/2026 12:44","Tweet","en","221","128","69","4","20","4","2","🚨FOLLOW UP:  The Disturbing Reality BEHIND Turning Point's New ""LEGACY SOCIETY""— How TPUSA Recruited Bryce Eddy To TARGET Your Grandparents' 401k.😱

If you followed my previous post, we established the disturbing trajectory of Turning Point USA: they are aggressively marketing a new ""Legacy Society,"" asking elderly patriots to include TPUSA in their wills, estate plans, and 401k's.

Today, after a massive dive into the corporate documents, 990 tax filings, and internal organizational structures, I can reveal exactly HOW this operation is being managed, and who is pulling the strings at the top.

We are pulling back the curtain on a strategy that, in my investigative opinion, looks less like a grassroots student movement and more like a predatory wealth-transfer scheme targeting the elderly.

THE BOARD OF ASSET MANAGERS
Independent journalism requires following the data. Turning Point’s board is not just stacked with educational experts or conservative thought leaders. It is heavily populated by professionals from the insurance and investment industries.

According to their public 990 filings and officer listings, Turning Point has strategically placed individuals with deep licensing in insurance and financial products into C-suite and board positions.

This begs a massive question: Why does a ""student organization"" need multiple insurance and investment board members to manage its affairs?

In my opinion, they are there to manage your assets. Stacking a board with career wealth managers provides the perfect corporate cover and operational know-how to efficiently absorb private wealth and estates directly into TPUSA coffers.

SPOTLIGHTING THE ARCHITECT: BRYCE EDDY
Of these board members, one name is paramount: BRYCE EDDY.

Bryce Eddy is currently listed as a core member of Turning Point and serves as the Vice President of ""America's Turning Point"" alongside COO Tyler Bowyer.

But Bryce Eddy is not a seasoned political operative. He is a career insurance broker.

State licensure records and corporate filings confirm that he currently manages multiple simultaneous insurance ventures, including an active California insurance company named ""Bryce Whitefield Eddy Inc."" He also serves as the principal at Commercial Insurance Associates and previously held dual, overlapping executive roles at Assured Partners and Tolmin Wyker Insurance Services.

This brings us to a critical theory: Bryce Eddy appears to be the operational bridge TPUSA needed. His background provides the exact financial mechanisms required to legitimize the aggressive targeting of elderly family members for their fortunes.

THE PRAGERU BLUEPRINT: A MASTERCLASS IN PSYCHOLOGICAL LEVERAGE
If this entire scenario feels like a copy-and-paste operation, it’s because it is. Before embedding himself at TPUSA, Bryce Eddy championed the exact same ""Legacy Society"" fundraising model at PRAGER UNIVERSITY.

Corporate documents confirm his role as President of the Prager University Foundation during the rollout of their legacy planning program. Furthermore, we have secured video evidence of Bryce Eddy and his family specifically pitching this concept.

In the video, Eddy pushes viewers into ""legacy planning,"" stating: ""Now no matter what stage you're at in life, it's incredibly important to lay out an estate plan and make sure that... you know what you’re gonna be doing with your money when you... take off.""

They couch this pitch in patriotic language, arguing that everyday universities ""don't share our values,"" suggesting that your principles can only survive if you hand your life savings to their organization. In my view, this is a calculated psychological playbook designed specifically to goad the elderly into donating their estates instead of leaving their hard-earned wealth to their own grandchildren.

THE RESUME ANOMALY: THE GOOD OL' BOY NETWORK
We also must address Bryce Eddy's highly unusual professional history.

According to his own public LinkedIn profile, his employment history does not begin with an entry-level position. It begins in 1997 as the VICE PRESIDENT of PSC 40 and Associates.

He was 23 years old.

How does a 23-year-old start their career as a VP of an insurance brokerage, and proceed to hold simultaneous Senior VP and Executive VP titles at multiple firms? This resume defies normal corporate logic. It strongly suggests, in my journalistic opinion, that he was installed into these positions via the elite ""Good Ol' Boy"" network rather than rising through organic career merit.

THE SNAKE WHO INTRODUCED HIM: ROB MCCOY
The final, glaring red flag is how Bryce Eddy got involved with Turning Point in the first place.

It is a known fact that ROB MCCOY personally introduced Charlie Kirk to Bryce Eddy, opening the door for this financial architecture to take root at TPUSA. Given my extensively documented opinion on Rob McCoy's fraudulent and deceptive behavior, his involvement in brokering this introduction is devastatingly telling.

When you combine a board stacked with insurance men, the aggressive marketing of a Legacy Society to the elderly, and the involvement of individuals like Rob McCoy, the picture is chilling.

Protect your grandmothers. Protect your grandfathers. Do not let the establishment drain the wealth of real American patriots to fund their corporate salaries.🚫 🇺🇸"
"'2042385210340180065'","4/9/2026 19:32","Tweet","en","220","192","23","5","0","5","0","🚨 FLASHBACK: THE Day Charlie Kirk RODE A Horse Through New York City—Behind The Scenes CANDID Footage🏇🤠

NEW YORK CITY — Before the tragic events of September 10th reshaped the political landscape, Charlie Kirk delivered one of the most iconic moments in cable news history. Today, we’re looking back at the behind-the-scenes footage from July 27, 2025, when the Turning Point USA founder traded the lecture hall for a saddle in the heart of Midtown Manhattan.

🎥 THE MIDTOWN ""COWBOY""
Appearing on Fox & Friends Weekend, Kirk wasn't just there to provide analysis; he was there to lead by example. Despite being raised in Chicago with zero ranching experience, Kirk famously mounted a horse outside the Fox News studios.

The unscripted footage reveals a side of Charlie the mainstream media often ignored: Charlie was never afraid to try something new and step outside of his comfort zone.

Charlie joked about his ""underhand"" lasso technique, openly admitting he had no idea how to rope a bull on national television.

The ""Man of Will"": He emphasized that the stunt took ""a lot of persuasion and a lot of will,"" reflecting his personal mantra of pushing past comfort zones.

The Mission: Even amidst the spectacle, Kirk remained focused on the work, noting that hosting and advocating for the movement was a ""thrill"" that offered experiences one couldn't find anywhere else.

These clips serve as a stark reminder of the void Kirk left behind. While current TPUSA leadership faces questions regarding ""transactional"" data harvesting and internal power shifts, this footage captures the original spirit of the movement—one rooted in authenticity and a fearless willingness to ""fail"" in front of millions for the sake of a larger cause.

""More people need to be willing to try new stuff, be willing to fail. And sometimes you fail on national television in front of millions of people... But I did get on a horse."" — Charlie Kirk

🕯️ THE EMPTY SADDLE
Months after his passing, the image of Kirk riding through downtown Manhattan remains a symbol of the ""America First"" energy that defined a generation. As the trial of Tyler Robinson approaches and the ""ghosts in the machine"" continue to be exposed, we remember the man who wasn't afraid to take the reins.

Rest in Peace, Charlie. The movement you started continues to ride."
"'2047407399405867329'","4/23/2026 16:08","Reply","en","215","207","3","5","0","4","0","@kk71893410 @RealCandaceO @imelizabethlane @LoomerUnleashed @LoomersFanClub @titoamboy that's an excellent question"
"'2039428152766656656'","4/1/2026 15:42","Reply","en","215","178","33","4","0","2","1","@RealCandaceO @baroncoleman please discuss this because it proves their entire case is FABRICATED! https://t.co/gVBWB5Db2M"
"'2049525882503459133'","4/29/2026 12:27","Reply","qme","214","179","13","12","10","2","0","@MrsErikaKirk https://t.co/jMvUNsPVUJ"
"'2049996842579165496'","4/30/2026 19:38","Tweet","en","210","144","45","12","9","4","2","‼️SHOCKING: Congress TARGETS Candace Owens With Bipartisan Resolution to CENSOR Her—Both Sponsors Lawler & Gottheimer EACH Pocketed Over $1 MILLION From AIPAC 👀

Candace just dropped a nuclear response to the U.S. House of Representatives after they introduced a bipartisan resolution (sponsored by Reps. Mike Lawler and Josh Gottheimer) specifically naming her for ""anti-Semitic hate speech.""

But Candace says this isn't just about her—it’s a coordinated attack on the First Amendment designed to usher in a new era of tyranny.

The Bombshell Breakdown:

The AIPAC Connection: Candace highlights the massive ""irony"" of the situation, calling out that both Mike Lawler and Josh Gottheimer have each taken over $1 million from AIPAC. She questions how they can claim to be objective while being funded by the very interest groups they are ""protecting"" through legislation.

Fact-Checking the ""Facts"": She dismantles the House's claims point-by-point, including accusations regarding her comments on Josef Mengele. She even plays clips from an official Holocaust memorial podcast to prove she was simply stating documented facts about historical myths.

The ""Tyranny"" Playbook: Candace warns that the administration is using ""sensitive groups"" as a shield to pass hate speech laws.

""They think you are too stupid to understand the difference between anti-Semitism and normal debate. They are using you to push through tyranny.""

Free Speech is Not Violence: She blasts the attempt to equate ""hateful rhetoric"" with physical violence to justify government crackdowns, calling it a PR stunt to protect ""the Epstein class"" and distract from the truth.

The Bottom Line: Candace is echoing the late Charlie Kirk’s own words: ""Hate speech does not exist legally in America."" She’s refusing to be intimidated by a House resolution, calling it a move to silence dissent and control the narrative.

Is Congress overstepping its bounds, or is this a necessary move? More importantly: If they can silence Candace, who is next? 

FOLLOW @RealCandaceO, RT and watch her FULL episode linked below. 👇"
"'2046361362792648995'","4/20/2026 18:52","Tweet","en","210","156","40","2","12","3","4","🤔WHERE IS THE MURDER WEAPON? The FBI is Hiding the Gun in the Tyler Robinson Case  The Defense STILL Not Been Given Access👀

If you are defending a client accused of pulling the trigger in the highest-profile assassination of the decade, the absolute bare minimum requirement is that you get to examine the gun. Right?

Not if the FBI has anything to say about it.

Tonight on her podcast, Candace Owens just exposed a massive, glaring hole in the prosecution of Tyler Robinson. This is supposed to be a Utah STATE case. But the FBI hijacked the investigation on September 10th, and now they are completely stonewalling the defense.

The Bombshell: Tyler's defense attorney, Kathy Nestor, just went on the record stating that after six hours of examining the physical evidence the State provided, they still have not been allowed to see the alleged murder weapon.

Instead of turning the physical evidence over for a fair state trial, the FBI is keeping the gun locked up 2,000 miles away at Quantico in Virginia. They are essentially handing the defense a photograph and saying, ""Trust us, bro.""

🕵️‍♂️ Follow the Breadcrumbs:

Why is a state murder weapon being hoarded at Quantico?

Why are the Feds tying the hands of the State Bureau of Investigations?

Why is Cash Patel’s FBI refusing to fulfill basic discovery requests in a timely fashion ahead of a probable cause hearing?

You don't hide the physical evidence if it actually proves your narrative. You hide it when the real ballistics contradict the clean little story you're selling to the public.

The cover-up is happening right in front of our eyes.

FOLLOW @RealCandaceO, RT and watch her FULL episode linked below. 👇"
"'2044563205146743068'","4/15/2026 19:47","Tweet","en","209","141","49","5","14","6","3","🆘EXPOSED: Candace Owens Just Revealed ANOTHER Turning Point Employee Involved In Trafficking—Why is TPUSA Partnering with Accused Traffickers?😳

The Turning Point USA infiltration isn't just a theory anymore—it’s a data set. Candace Owens just revealed that her inbox is flooded with current and former TPUSA employees, volunteers, and even people interviewing for jobs specifically to act as moles for the investigation.

Candace just dropped a live-edited ""Connecting Themes"" spreadsheet that maps out a staggering web of trafficking, military psyops, and ""charitable"" cover stories surrounding Erika Kirk’s orbit.

""They are finding employees and partners in a manner that is... unique."" — Candace Owens

The New Player: Meet TPUSA’s Senior Productions Director, Marcus Wada. According to insiders, Wada allegedly openly discusses a past involved in arms trafficking in Poland. 

The ""Find God"" Pattern: Like so many in this circle, the trafficking history is washed away with a ""testimony.""

The Brother: Candace uncovered a relative running a consulting firm that ""consults"" in human trafficking, money laundering, and firearms.

The Question: How do you ""consult"" in trafficking? Candace’s Spidey senses are screaming: ""I didn't know you could consult in those things. I thought the website was made up.""

The spreadsheet is getting too long to ignore. Look at the names Candace just linked:

Greg Laurie & Harvest Church: Currently accused of trafficking children from Romania. 🇷🇴⛪

Paul Vallely: The TPUSA advisor and retired Army General who co-wrote books with Michael Aquino, the Satanist founder of the Temple of Set. 

Erika Kirk in China: Candace is demanding answers about Erika’s time in Chongqing, where she allegedly worked with trafficking victims but remains ""tight-lipped"" about which charity was involved. 

The Buckmans: TPUSA’s #1 donors, extensively involved in ""rescue"" charities (Texas Angels, Austin Angels) with a backstory that Candace finds increasingly ""ridiculous."" 

The Infiltration is FailingFrom Fort Huachuca sex abuse rings to the Romanian Angels charity ban, the common denominator in every single one of these ""charitable"" operations is proximity to Erika Kirk and Turning Point USA.

As Candace noted, people are so loyal to Charlie Kirk’s original vision that they are willing to infiltrate the organization just to leak the truth to her. The ""0.0 percent"" credibility era is here.

Why does every road in the ""new"" Turning Point lead back to trafficking ""consultants,"" arms dealers, and psyop generals?

FOLLOW @RealCandaceO, RT and watch her FULL episode linked below. 👇"
"'2047411318676717962'","4/23/2026 16:24","Tweet","en","207","160","25","22","0","3","0","Stalker Much?
@titoamboy  @LauraLoomer @LoomeredStrat @LoomerUnleashed https://t.co/QEW5Fin6bv"
"'2044289504484184517'","4/15/2026 1:39","Reply","en","204","186","4","14","0","2","0","@BlakeSNeff @buckleycarlson @RealCandaceO Are you literally retarded. If there is a crazed manic trying to kill her, we both know the secret service would step in and stop them. Another baseless lie from @BlakeSNeff. Also where's the proof people were doxing her? i don't believe you. Show it!"
"'2044720336235639151'","4/16/2026 6:11","Tweet","qam","199","148","48","3","0","2","0","@scrippsnews @CBSNews @jimmy_dore @kurtmetzger @RealCandaceO @baroncoleman @iamcoachcolin @realjesseonfire @IanCarrollShow @Nero @imelizabethlane @RealAlexJones @DDGotAPodcast @Perezvnicole @triggersmarthq @Ryanmatta @HustleBitch_ @TuckerCarlson @megynkelly @OwenShroyer1776 @5149jamesli @ElofsonJess @RedactedNews @ShadowofEzra @MattWallace888"
"'2042606906477355101'","4/10/2026 10:13","Reply","en","198","151","40","7","0","3","0","@SecretsofMaine @ZeeToTheHill @unfamericatour @baroncoleman Embassy was a weird description for sure. But when you go back to the photo of Erika Kirk, Tyler Bowyer and Yair Netanyahu and the description that Tyler wrote on it saying ""Introducing The Arizonan Israel Public Affairs Committee"" then it all starts to make sense. https://t.co/s6jhrHX8ae"
"'2045940373046849894'","4/19/2026 14:59","Reply","en","193","145","43","5","0","2","0","🚨Erika Kirk Is a ROTHSTEIN? The Family Ties That Could BLOW the Charlie Kirk Case WIDE OPEN! 😱
https://t.co/HtUGERpObg"
"'2047503891265097836'","4/23/2026 22:32","Reply","qme","191","145","26","2","18","2","0","@RealCandaceO https://t.co/gC7QeeIUSt"
"'2049626247009833255'","4/29/2026 19:05","Tweet","en","182","140","28","6","8","5","1","‼️HYPOCRISY EXPOSED: Erika LECTURES Journalists For Filming During Active SHOOTER Incident—But Her Own TEAM Did It After Charlie’s Assassination 👀

Candace just dropped a truth bomb that has the internet spinning. Erika Kirk spent her latest monologue lecturing journalists for ""filming themselves"" during the White House Correspondents' Dinner shooting—claiming they broke the ""number one rule of journalism"" by becoming the story.

But Candace remembers what they want you to forget. 

Erika says it’s ""desensitized"" and ""ironic"" for journalists to record clips for social media during an active shooter incident. She claims ""fight or flight"" should have taken over. 🤨

Candace played the footage of Terrell Farnsworth—Erika’s own team member—who did the EXACT same thing. Seconds after the tragic assassination of Charlie Kirk at UVU, while the situation was still ""active"" and chaotic, Terrell was recording himself for the world to see. 🎥⚠️

So why is it ""thug life"" and ""vile"" when a CNN reporter does it, but totally acceptable when your own staffer does it while your husband is on the ground? 🎤💥

""I’m just pointing out the irony. You can’t call out journalists for the very same actions your team took—and continues to take. It’s not just weird; it’s a total double standard."" 🗣️💯

Candace is refusing to let the ""Widow-Grift"" rewrite history. If we’re calling out desensitization, let’s start with the people who were hitting ""record"" before the smoke even cleared at UVU.

F)OLLOW @RealCandaceO, RT and watch her FULL episode linked below.👇"
"'2044092146613895338'","4/14/2026 12:35","Tweet","en","182","142","30","10","0","2","1","🆘EXCLUSIVE: The 2012 NITE FLITE Filess—Which Scottsdale ELITES Were Partying with Erika Kirk in 2012?🥂🧜‍♂️

I have obtained exclusive, unearthed footage and a  photo set of Erika Kirk (Frantzve) at the 2012 Nite Flite Gala. While this was billed as a ""charity event for children,"" the imagery we’ve uncovered tells a much darker, more ritualistic story. 🎭🪚

WE NEED YOUR HELP: 🔍 The ""Scottsdale 20/30"" crowd is a small, powerful circle. We are looking to identify the individuals seen in the background of these shots and interacting with the ""Miss Arizona"" entourage.
Do you recognize anyone in these photos?

Were you at Talking Stick Resort on Oct. 13, 2012?

Erika has a long history of being ""involved"" with children's organizations, from Scottsdale to her controversial past in Romania. Given the GROOMING allegations and her social media behavior toward young girls, we need to know exactly who she was rubbing elbows with during these ""charity"" events.

The ""Ick"" is Real: From the disturbing spectacle of Erika bringing up her mom unprompted saying ""my momma's got sass"", to her STILL clinging to that Miss Arizona sash like a life preserver, to her performative ""MODEL WALK"" on demand, the energy of this event was a total inversion of what a children's charity should be.

Instead of a focus on the kids, the gala was a playground of DEGENERACY: alcohol o’ plenty, scantily clad women parading for the elite, and BIZARRE, ritualistic imagery involving mermaids in tanks and actual chainsaws. It wasn't a fundraiser; it was a high-octane display of excess and ""ick"" that raises serious questions about the true nature of these ""philanthropic"" circles. 

👇 VIEW THE PHOTOS & VIDEO ABOVE. If you recognize ANYONE in this footage—business leaders, politicians, or ""influencers""—COMMENT BELOW or DM us immediately.

📥 Email tips to: projectconstitutionvideos@gmail.com"
"'2046700134608539718'","4/21/2026 17:18","Tweet","en","181","157","21","3","0","2","0","Let's Go. @RealCandaceO  Is Live In 28 Mins!!! FOLLOW Her!"
"'2049644742007246996'","4/29/2026 20:19","Tweet","en","180","122","31","20","7","2","0","If You Want To Know What REAL Evil Looks Like—Look No Further Than Erika Kirk 👀"
"'2047673876734193819'","4/24/2026 9:47","Tweet","en","172","109","38","10","15","4","1","‼️ICYMI: I DROPPED Laura ""Larry"" Loomer's FULL deposition transcript from her lawsuit with Bill Mahar that she just LOST and OMG she said way too much. 👀  

When this goes viral it will end her relationship with Trump, her career and quite possibly will land her in prison for disclosing classified information. 

LINK TO THE FULL TRANSCRIPT IN THE REPLIES👇
 Last night I also read some of the juiciest parts. 

CC: @LauraLoomer @billmaher @RealCandaceO"
"'2045513707078189264'","4/18/2026 10:44","Tweet","en","172","116","33","23","0","2","0","Trump Got To @joerogan.  This was a quid pro quo to get him to stop talking about Erika Kirk. I guarantee you will never hear him mention her on his show ever again now."
"'2049988860633878827'","4/30/2026 19:06","Tweet","en","170","117","34","5","14","4","3","‼️BOMBSHELL: Candace Owens FULL RESPONSE To Brian Harpole's Frivolous Lawsuit —She DISMANTLED It Count By Count. 😱
 
Candace just dropped a massive deep-dive into the 69-page lawsuit filed by Brian Harpole, and she isn’t just defending herself—she’s going on the offensive. If you thought this was going to quiet her down, think again.

The Breakdown:

andace reveals Harpole is using the same legal team The Daily Wire used against her. Coincidence? She doesn't think so.

She calls out the ""dishonest"" presentation of text messages used to explain why rooftops weren't secured, proving they weren't even Harpole’s messages.

Candace shows the receipts—she reached out to Harpole four times to confirm his whereabouts before interviewing Mitch Snow. He chose silence; now he’s choosing a lawsuit.

This is the kicker. Candace realizes this lawsuit grants her the legal authority to subpoena unseen footage and private text messages from the entire Turning Point USA circle.

The Quote of the Night:

""Is the power of subpoena actually going to be our only way to get to the truth of what happened to Charlie Kirk? If that’s the path, let’s get started.""

Candace is framing this not as a legal threat, but as a golden ticket to discovery. She’s ready to sit everyone down for depositions—from security to leadership.

Is this the move that finally breaks the Charlie Kirk case wide open, or is it just a PR stunt that will backfire in discovery? 

FOLLOW FULL, RT and watch her full EPISODE linked below. 👇"
"'2044547224990810439'","4/15/2026 18:43","Tweet","en","170","136","28","6","0","7","4","🆘PSYOP EXPOSED: Candace Just Revealed The TRUTH Behind Erika Kirk's Athens NO-SHOW😱

The Turning Point PR machine just hit a level of propaganda we’ve never seen before, and Candace Owens isn't just bringing the heat—she’s bringing the literal receipts. 🧾🔥

Candace just dropped the ultimate proof that the ""Security Threat"" in Athens was a total work of fiction designed to cover up the most embarrassing failure in the organization's history. They want you to believe Erika stayed home because people were ""tracking her plane.""

The Plane Tracking Lie: Erika has been traveling privately for months, and people have been tracking her travel since day one. She never canceled a single event before. Why now? Because you can’t ""remedy"" a tracked plane, and if you're flying into a private FBO with security, there is zero viable threat that the Secret Service couldn't handle. 

The Real Reason: Abysmal Attendance, because people across the country are revolting against Erika. Candace just revealed the hard facts

The Venue: Akins Ford Arena holds 7,000 people.
The Target: With 43,000 students at UGA and free tickets open to the general public, they couldn't even fill 25% of the room. 

The Evidence: Reporter Jake Traylor (MSNBC) posted a video showing the auditorium was an empty tomb. The PR team was so humiliated they actually used fake B-roll from old TPUSA events on Fox News to hide the empty seats! 

The ""Scheduling Conflict"": This is the smoking gun. Erika was supposed to speak at a local high school at 1:30 PM on the same day as the Vance event.

On Monday at noon (a full 24 hours before the ""emergency""), parents received a text alert.

The reason given? ""Scheduling complications."" 📱⚖️
There was no mention of a threat to the high school. If her life was truly in danger, wouldn't they inform the school administration? They didn't, because there was no threat—just parental backlash and a lack of interest.

Andrew Kolvet went on stage to imply it's your fault. He wants to blame investigative journalists and the public for ""attacking"" Erika. Candace calls this exactly what it is: Narcissistic Abuse. > ""When do you ever recall management coming out with messaging that implies it’s actually the public's fault? ... It is ridiculous.""

Turning Point USA is facing a crisis of stewardship. Under Erika Kirk, they are seeing the worst audience turnout in history, and they are trying to gaslight you into thinking it's a security crisis.

Don't let them treat you like a toddler. Are you going to believe the ""scheduling conflict"" text or the ""assassination plot"" PR spin?

FOLLOW @RealCandaceO, RT and watch her FULL episode linked below. 👇"
"'2044329132889108944'","4/15/2026 4:17","Reply","en","168","152","5","11","0","2","1","@ClayTravis Erika Kirk is an intelligence asset, Not a WIDOW. She also is CEO of a company worth over $200 million. She's open to criticism whether she likes it or not. If she didn't want the heat she should of thought about that before covering up her husband's murder."
"'2044270116951511094'","4/15/2026 0:22","Reply","en","168","163","2","3","0","3","0","@TeamAmerica_USA @RealCandaceO i agree. he's dangerous"
"'2045878397583175806'","4/19/2026 10:53","Reply","en","165","162","0","3","0","4","0","@BasedSamParker @RealCandaceO @LauraLoomer lol. she's a Flippin Psycho staker."
"'2047825504976179301'","4/24/2026 19:50","Reply","qme","162","126","21","3","12","2","0","@RealCandaceO https://t.co/Vx1uiPl0uX"
"'2045982103402147920'","4/19/2026 17:45","Reply","qme","161","143","13","5","0","2","0","@LauraLoomer https://t.co/vBEVGMC1pP"
"'2049569980396540376'","4/29/2026 15:22","Reply","en","160","155","1","4","0","2","0","@RealCandaceO @buckleycarlson just like it's our fault she keeps putting herself in danger."
"'2041197465446085073'","4/6/2026 12:52","Reply","en","156","149","3","4","0","2","1","@LauraLoomer Maybe if you didnt call INNOCENT Palestinian Children TERRORIST That WOULDN'T Happen. #LifeGoals Right?"
"'2040956713721893126'","4/5/2026 20:56","Reply","en","156","151","2","3","0","2","0","@RealCandaceO so true."
"'2041182206798832068'","4/6/2026 11:52","Reply","en","155","129","16","10","0","2","0","@RealCandaceO Candace Was Right AGAIN! https://t.co/TX8VsAONl2"
"'2048092470538387931'","4/25/2026 13:31","Tweet","en","155","103","22","12","18","2","0","‼️ BOMBSHELL! Tyler Robinson’s Gun Could NOT Have Killed Charlie Kirk!  https://t.co/cHpGlo73vN via @jimmy_dore  FOLLOW Him!"
"'2044257541329133991'","4/14/2026 23:32","Reply","qme","148","118","17","13","0","2","0","@RealCandaceO https://t.co/b9oJLLmwbC"
"'2042967619230130231'","4/11/2026 10:06","Tweet","en","148","109","39","0","0","3","0","🚨There is a lot of REALLY Important information in this THREAD Related To The Charlie Kirk Case. For Example Did You KNOW AHUD BURAK has ties to Orem Police? Through An Israeli Surveillance Tech Company Called Carbyne? 

@RealCandaceO @baroncoleman"
"'2044530728583434641'","4/15/2026 17:38","Tweet","en","147","118","28","1","0","5","2","🆘UNDER THE MICROSCOPE: Candace DISSECTS  TPUSA'S Latest Security Blunder👀

Candace just dropped a massive update on the Erika Kirk no-show in Athens, and she’s asking the question that the PR teams are terrified to answer: The Science of Selective Threats.

The Vice Presidential Paradox: Erika Kirk pulled out of the Akins Ford Arena event claiming ""severe threats"" that made it too dangerous to attend.
The Reality Check: J.D. Vance, the Vice President of the United States, was on that same stage.

The Question: Since when is the Vice President—the literal heartbeat away from the Presidency—immune to ""severe threats"" that are supposedly too much for a non-profit CEO? 🏛️🛡️

As Candace points out, if there was a viable threat to that building, the Secret Service would have locked down the entire perimeter. The truth? Erika didn't have a security problem; she had a ticket sales problem. 📉

The Victor Marx Standoff: The plot thickens with the ""Project Bluebird"" pastor.

The Response: Victor Marx replied to Candace’s trafficking exposé.
The Counter: Candace replied back, inviting him to a live debate alongside whistleblower Corby Hall of FoldAR.

The Silence: Candace is waiting. Will the man who claims to ""retool"" souls have the courage to face the facts of 9/10 on a live mic? 🔫⚖️

The establishment thinks the public is dumb enough to believe that a ""widow in grief"" is a bigger target than the Vice President. They are wrong. We see the patterns, we see the empty seats, and we see the 0.0 percent credibility remaining in the TPUSA front office.

 Candace is about to show you exactly how they are lying and—more importantly—WHY they are lying.

FOLLOW @RealCandaceO, RT and watch her FULL episode linked below.👇"
"'2043871171431563529'","4/13/2026 21:57","Tweet","en","147","110","21","16","0","5","1","🆘The Battle For The Youth VOTE—And Why TPUSA is COLLAPSING in Real-Time 📉🏛️

The ""Succession"" crisis at Turning Point USA just hit a new low. Zee Cohen-Sanchez (National Ground Game) just dropped a truth bomb in the New York Times that confirms what we have been warning about: TPUSA has lost its soul, and they are losing the youth.

The ""Common Sense"" Gap
Zee highlights the one thing Erika Kirk and the new TPUSA leadership fail to grasp: Charlie Kirk didn’t win by talking down to students or treating them like ""commodities"" for donor reports.

The Charlie Method: He started with a fold-up table, two GoPros, and a willingness to debate anyone. He met kids on their level, using logic and facts to win hearts and minds.

The Erika Era: Now, TPUSA is a bloated, $100M+ conglomerate that feels more like a ""Drama Club"" than a movement. Without Charlie’s authentic organizing, the infrastructure is crumbling.

The Vacuum: Nick Fuentes vs. The Left
With Trump pivoting on ""America First"" (especially regarding the war in Iran), young voters—specifically young men—are feeling abandoned.

TPUSA is weak: They have no one to combat the narrative or lead the charge.

The Rise of Extremism: Because TPUSA has ""lost its way,"" figures like Nick Fuentes are stepping into the void, capturing the energy that Charlie once held.

The ""National Ground Game"" Threat
Zee isn't just watching; she’s competing. She reveals that her organization is the only one successfully peeling kids away from Turning Point events. Why? Because they actually understand the struggle, while TPUSA is busy protecting board seats and pedophiles. 

THE VERDICT: You can’t buy authenticity with donor money. If TPUSA continues to treat the youth like a data point rather than a generation of people looking for truth, the ""conglomerate"" is heading for a total wipeout in the midterms.

THE SCRIPT HAS FLIPPED. 🕵️‍♂️🏛️

From: @ZeeToTheHill FOLLOW Her. If you want to help them crush TPUSA—The link to donate to their organization is in her post below. 👇"
"'2045078442664694159'","4/17/2026 5:54","Tweet","en","146","107","32","7","0","3","3","The Dangerous Hypocrisy Of TPUSA—Colluding With Senator Mike Lee To Cancel Someone Over Free Speech.🛑

What we are witnessing right now is a complete and total betrayal of the very principles Turning Point USA claims to represent. They spend millions on ""Free Speech"" branding, yet the moment a woman like Sharon McMahon—America’s government teacher—says something that doesn't fit their narrow, manufactured narrative, they run to their ""daddy"" in the Senate to have her silenced.

The Hypocrisy is Staggering. Senator Mike Lee, a man who carries the Constitution in his pocket like a prop, just used his federal weight to bully Utah Valley University into deplatforming a commencement speaker. Why? Because Sharon McMahon dared to point out a fundamental reality: that the tragic death of a public figure does not suddenly sanctify every harmful word they uttered while they were alive. 

While i do not agree Charlie's words were harmful whatsoever, i do agree that everyone deserves to have a voice no matter how wrong, how hateful, how disliked their speech may be. Cohen V California upholds this exactly when Justice Harlan said"" ""a marketplace of ideas requires permitting a diversity of viewpoints, even if they are ""distasteful or upsetting"" to the public.""

TPUSA is claiming that Sharon ""celebrated"" an assassination. She did not. She spoke with nuance. She spoke with gravity. But in the world of Tyler Bowyer and the new TPUSA regime, nuance is a thought crime. They don’t want patriots; they want vassals. They want people who will bow down to the machine without asking questions.

The ""Free Speech"" Mask Has Slipped:

Fact: They claim to hate ""Cancel Culture,"" yet this is just latest example of the lengths they will go to chill other's free speech.

Fact: They claim to hate ""Government overreach,"" yet they called a sitting U.S. Senator to silence a private citizen.

Fact: They claim to be ""grassroots,"" but they are acting like the worst kind of authoritarian elite.

It makes me laugh—genuinely laugh—that anyone still believes these people stand for the First Amendment. They stand for Power. They stand for the Elite. They stand for Transactions.

The truth is coming, and it doesn't care about your feelings.

From: @ZeeToTheHill FOLLOW Her!"
"'2042757069476884611'","4/10/2026 20:10","Reply","en","137","112","19","6","0","2","0","An Open Letter To President Donald Trump (My Response) | Candace Ep 322 FROM: @RealCandaceO FOLLOW HER!
https://t.co/1g41tTmXt7"
"'2047285039038099793'","4/23/2026 8:02","Reply","en","136","124","6","6","0","4","0","@Eat2ndBreakfast @RealCandaceO @imelizabethlane @LoomerUnleashed @LoomersFanClub @titoamboy @POTUS @realDonaldTrump @PressSec @JDVance @WhiteHouse they will not be able to get away from her fast enough after this drops.  It's SO BAD&gt;&gt;&gt;"
"'2039104707440922742'","3/31/2026 18:17","Tweet","en","134","102","28","4","0","3","0","PROVE ME WRONG: Tyler Robinson Is A Patsy. | Candace Ep 319 From: @RealCandaceO FOLLOW Her! https://t.co/ZXB3lPS7u3 via @YouTube"
"'2047786138715513295'","4/24/2026 17:13","Tweet","en","133","89","29","6","9","2","0","According to @GoUncensored (UncensoredAI) They Do NOT Support Erika Kirk Nor Fund Any Institutional Campaigns. 

After further investigation, I was incorrect about Uncensored AI based on a post i have seen in the past incorrectly contributing them to this same network, as well as their sponsorship of Gunther Eagleman who has attacked us many times and post Pro Erika Content.

Here is their statement though for the record. 

I stand fully behind my statement that YREFI  and And Polymarket ARE Funding These Campaigns."
"'2044270207061856322'","4/15/2026 0:22","Reply","en","130","128","1","1","0","2","0","@kay_lurks @RealCandaceO absolutely. only virtual."
"'2044269339868627104'","4/15/2026 0:19","Reply","qme","130","106","15","9","0","2","0","@RealCandaceO https://t.co/g949RRhXh6"
"'2044521195396018530'","4/15/2026 17:00","Tweet","en","127","105","17","5","0","3","0","MUST WATCH: 21 Minutes till GO Time Baby! Today's Show Is Gonna Be WILD!!!

Erika No-Shows JD Vance. Public Relations Lies About Why. | Candace Ep 325 From: @RealCandaceO FOLLOW Her!
 https://t.co/PhBuKGBS0r via @YouTube"
"'2047394766065692733'","4/23/2026 15:18","Reply","en","126","91","23","2","10","2","0","Candace Owens EXPOSES Demonic Pastors Ritual --- Turning Point USA Secret REVEALED | #57 From: @iamcoachcolin FOLLOW Him!
https://t.co/3jbKUtXHNt"
"'2049526097532817434'","4/29/2026 12:27","Reply","qme","123","93","9","11","10","2","0","@RealCandaceO https://t.co/jMvUNsPVUJ"
"'2047284169831538886'","4/23/2026 7:59","Reply","ht","123","121","0","2","0","5","0","@titoamboy @RealCandaceO @imelizabethlane @LoomerUnleashed @LoomersFanClub @LoomeredStrat FAFO"
"'2045971288255000677'","4/19/2026 17:02","Reply","en","122","109","6","7","0","4","0","@LauraLoomer @RealCandaceO @LauraLoomer  How much do you pay him?"
"'2046343947362951305'","4/20/2026 17:43","Reply","en","121","96","24","1","0","2","0","EXCLUSIVE AUDIO! Tyler Robinson's Grandfather Regarding His Rifle. | Candace Ep 327👀
https://t.co/i9qpPApMiU"
"'2046051237544542211'","4/19/2026 22:20","Reply","en","117","100","11","6","0","4","0","@RealCandaceO @LauraLoomer Really Larry? You blocked me huh. Your such a snowflake... ❄️ https://t.co/RnzVg1hJtU"
"'2041452662340628556'","4/7/2026 5:46","Reply","en","116","83","20","13","0","2","0","🚨 CALVARY CONFESSIONS PART 6: The Bizarre ""Youth"" Fixation.

As part of our ongoing investigation into the incredibly weird behavior and allegations of an inappropriate focus on youth surrounding Erika Kirk, this clip is a massive red flag.

While attempting to play the ultimate moral authority on stage, she completely zeroes in on the physical bodies and clothing of young girls. She starts by stating, ""I think a 16-year-old should dress like a 16-year-old,"" and then oddly jumps to lecturing about 12-year-olds wanting to be 22.

Given everything we are uncovering about her behind the scenes including her alleged grooming of minors., this unprompted rant comes across as incredibly creepy, overly fixated, and highly hypocritical.

Watch the fixation for yourself. 🧵👇

Massive Shoutout to @SarcasticBalkan For Hooking me up with this deleted video. Everyone should definitely FOLLOW her and go check out her awesome YT channel ""Nihilist With A Twist"" Linked in the comments below."
"'2044315668363755700'","4/15/2026 3:23","Reply","en","116","101","6","9","0","2","2","Facts! Evcen i get death threats from rando's online, nothing credible though.  Also before Candace even starting exposing her, Erika has been quoted in the past as saying they get alot of death threats but that hasn't stopped her before?. So how come all of a sudden now she's scared?"
"'2045965842408411447'","4/19/2026 16:40","Reply","qme","115","99","16","0","0","4","0","@RealCandaceO @LauraLoomer https://t.co/3d7NmlSmjp"
"'2043190217062891958'","4/12/2026 0:51","Tweet","en","112","81","21","10","0","2","0","Great Article About My Post On Erika Kirk By International Business Times UK. 🔥👇
https://t.co/lY9s7pjoQ0"
"'2039469301631983717'","4/1/2026 18:25","Tweet","en","112","85","25","2","0","2","0","🚨LIVE: Friends In High Temples: Charlie's Final Call With Bibi... | Candace Ep 320 From: @RealCandaceO FOLLOW Her!
 https://t.co/rBf8p23Rry via @YouTube"
"'2041956167421747454'","4/8/2026 15:07","Reply","en","110","104","2","4","0","2","0","@RealCandaceO so true. they will continue to sabotage any hopes of peace."
"'2047858594612187326'","4/24/2026 22:01","Reply","qme","107","93","14","0","0","2","0","@cenkuygur @LauraLoomer https://t.co/gC7QeeIUSt"
"'2045593719571611952'","4/18/2026 16:02","Reply","en","106","102","3","1","0","2","0","@RealCandaceO She;s FELTED!!!! Bow Chicka Wow Wow"
"'2047503857677197548'","4/23/2026 22:32","Reply","qme","103","71","17","3","12","2","0","@RealCandaceO https://t.co/gC7QeeIUSt"
"'2040062283724784105'","4/3/2026 9:42","Tweet","en","102","91","6","5","0","2","0","I Swear X Trends is so RETARDED. 🤪
Everyday @RealCandaceO is trending for some retarded ass made up reason. Like when she broke her foot for example. 

Well yesterday she called that fact out and criticized X trends. Now today Candace is trending just for criticizing the fact that she's always trending,

OMG—Can we lose any more brain cells @elonmusk ? 😂"
"'2038282118388679044'","3/29/2026 11:48","Tweet","en","101","65","20","16","0","1","3","🚨 My Favorite AUSSIE TROLL Just Dropped A NEW Video About Me - It's Objectively Hilarious🤣 

I have to admit, I genuinely enjoy when ""The Story Box"" On YT (@jay_fantom) makes hate videos about me. I don’t know if it’s the accent or the fact that he unironically calls me a ""dingbat,"" but it is objectively hilarious. He is officially my number one dedicated troll, and I love it. 🇦🇺😂

In his latest video, he’s absolutely baffled that I just received my SECOND Cease and Desist letter from TPUSA and haven’t backed down. He literally asks the camera, ""Wanna make it a third, mate?""

Yes. Yes, I do.

Challenge accepted, mate. I am officially collecting these Cease & Desist letters like they are rare Pokémon cards. Gotta catch 'em all! 🃏🔥

He thinks the threat of a major lawsuit is going to make me stop asking questions, fold to the syndicate, and shut up. Not a chance. If you're taking flak, it means you're directly over the target.

I will not be deterred. Bring on C&D Number 3‼️🇺🇸"
"'2046210861711192390'","4/20/2026 8:54","Tweet","en","100","84","10","6","0","2","1","I bet Her FAKE Fiance Andrew Jacob Simpson Must Be SO Proud... 

Right @LauraLoomer https://t.co/524tPRHcn6"
"'2044114111475130537'","4/14/2026 14:02","Tweet","en","100","77","18","5","0","2","2","🆘SHE'S A THIEF: Erika Kirk's 2007 ""EVERYDAY HERO'S"" Brand Exposed—AIA Student Of The Year Finalist?

The ""grooming"" of a public persona doesn't happen overnight—it takes decades.  2007 records from the Arizona Interscholastic Association (AIA) that reveal exactly how the establishment began crafting the ""Erika Frantzve"" narrative nearly 20 years ago.

Long before she was a Kirk, Erika was being positioned as a ""Student of the Year Finalist"" at Notre Dame Preparatory. But look at the details in the bio:
The DC Invitation: Even as a high schooler, she was already being ""invited to Washington, D.C."" to speak. Who was funding these trips for a teenager?

The Non-Profit Launch: She allegedly created her own non-profit, Everyday Heroes Like You, while still in high school. For a brand that claims to help ""underprivileged children,"" why does it always seem to serve as a launchpad for her own media career?

The Stolen Legacy: Perhaps the most alarming discovery is that this 2007 AIA award is where Erika stole the name for her future operations. She took the ""Everyday Heroes"" branding—originally a high school project—and repurposed it years later for her controversial charity work in Romania. This wasn't a fresh humanitarian vision; it was a recycled label used to provide a ""saintly"" cover for her movement into international circles and her eventual involvement with Charlie Kirk.

The Irony: She claims to be a ""hero"" for underprivileged children, yet her Romanian charity has been dogged by allegations of trafficking and ""grooming"" behaviors that were recently exposed on her own Instagram. She has consistently used ""youth advocacy"" as the front for her ascent into elite circles. The script for Erika Kirk back in 2007 was written by the same handlers who managed her Today.

The truth is in the timeline. From Scottsdale prep schools to the national stage, the ""hero"" narrative was the first mask she ever put on.

👇 VIEW THE SCREENSHOTS. Does this look like an organic student achievement, or the early stages of an elite asset rollout?"
"'2039827295888708008'","4/2/2026 18:08","Tweet","en","99","75","20","4","0","2","0","🚨SNAPPED: Blake Neff Names A Killer. Pam Bondi Gets Fired. | Candace Ep 321 FROM: @RealCandaceO FOLLOW Her! https://t.co/eZHv9zOcK4 via @YouTube"
"'2045978137217900806'","4/19/2026 17:29","Reply","en","98","87","4","7","0","2","0","@DanBilzerian @LauraLoomer do you know why she’s trying to keep her fiancé Andrew Simpson a secret lol"
"'2044209653957931383'","4/14/2026 20:22","Tweet","en","96","65","23","8","0","6","5","🆘EXPOSED: Why Does Every Erika Kirk Ally Have a ""Trafficking"" Background—Candace Owens Exposes the ""Impossible"" Trafficking Links in TPUSA 👱‍♀️⚔️

Today Candace is taking no prisoners as she peels back yet another layer of the dark circles surrounding Erika Kirk. 

Candace just dropped a bombshell, asking the question the mainstream media is too afraid to touch: How is it statistically possible that everyone Erika Kirk partners with through Turning Point Faith has a direct connection to illegal ""trafficking""?

Candace points out that these figures always claim to be ""rescuing"" people charitably, but the recurring allegations suggest something much more ""problematic.""

Candace is officially calling out a new pastor—a ""dear friend"" of Erika’s—with a checkered past that includes ""brain damage"" and extensive lying—Victor Marx.

The Romania Connection Re-Ignited: Candace specifically cited the Harvest Church / Greg Laurie lawsuits, where the church is accused of trafficking people from Romania—the exact location where Erika’s own ""Everyday Heroes"" charity was banned amid similar allegations. 

""It’s just incredible how this keeps happening to the very 'godly' woman that Charlie married. Isn't it just so weird?""

In a direct shot at the ""perfect victim"" narrative, Candace noted that in her own life, exactly ""0.0 Percent of My Friends"" are surrounded by people accused of trafficking arms or children. She suggests that the Turning Point USA fold has become a ""welcome mat"" for characters with questionable histories.

The ""Battle Bun"" doesn't lie. Candace is mapping out a world where ""high-risk missions"" and ""charitable rescues"" are being used as the perfect cover for something far more sinister.

Is the ""Turning Point"" movement a spiritual awakening, or a logistical hub for the very industry it claims to fight?

FOLLOW @RealCandaceO, RT and watch her FULL Episode linked below. 👇"
"'2040443047347904967'","4/4/2026 10:55","Tweet","en","95","70","18","7","0","2","0","Precisely., Regardless whether you believe it was the exploding mic pack, palm pistol Ricky, or you think Charlie is still alive... The one that is ABSOLUTELY certain is Tyler Robinson did NOT shoot Charlie Kirk with a 30.06 rifle."
"'2050023062272127287'","4/30/2026 21:22","Reply","qme","94","73","8","3","10","2","0","@RealCandaceO https://t.co/RdaJyYksfr"
"'2046552293525352645'","4/21/2026 7:31","Tweet","en","94","72","18","4","0","4","5","😱Newly Released GRAMA Files from UVU reveal TWO Massive Bombshells. They Were WARNED The Day Prior & 2 Persons Impersonating Senators We're Trying To Get Info On The Security Plan For CK's EVENT. 👀

We just got our hands on 112 pages of internal communications from Utah Valley University's administration and police chief, obtained through a GRAMA records request. If you’ve been following the investigations by Candace Owens, Baron Coleman, and our team, you know the ""official"" narrative has been falling apart.

Now, we have their own internal chats—and the red flags are absolutely blinding.

Here are the MAJOR BOMBSHELLS the UVU administration was desperately trying to hide:

💣 BOMBSHELL 1: THE ""FAKE SENATORS"" AND ""THE PLAN"":
The night before the assassination (Sept 9th at 10:35 PM), panic erupted in the UVU staff chat. A staff member reported that two men claiming to be ""senators"" showed up at their offices ""asking to talk to police about a plan"". UVU staff later brushed this off, stating they were just ""GOP reps who played like they knew more than they did!"". 

Questions: Who were these unidentified men? Why were they trying to coordinate a ""plan"" with UVU police less than 24 hours before a catastrophic security failure?

💣 BOMBSHELL 2: THE INTERCEPTED WARNING: 
On September 9th, an urgent email was flagged internally stating: ""[REDACTED] he wants us to get a message to Charlie Kirk"" along with a phone number. 

Questions: Was someone trying to warn Charlie’s team? Did UVU intercept a threat and fail to pass it along to his inner circle?

💣 BOMBSHELL 3: THE 30x20 FLAG PANIC: 
In the days immediately following the shooting, the chat logs reveal a frantic, highly coordinated operation by the UVU Cabinet to hang a massive 30x20 American flag over the courtyard. They rushed it down from Logan, Utah, and bypassed normal protocols to get it installed immediately. 

Questions: Was this truly a memorial, or a desperate move to block sightlines and physically alter the crime scene to hide trajectory paths from independent investigators?

💣 BOMBSHELL 4: THE BOTCHED ALERT SYSTEM:
At the time of the shooting, UVU's automated alert system was sent out with placeholder text, reading: ""UVU Alert: Shooter in [INSERT location], avoid area"". Even in the midst of the chaos, their emergency response protocols were completely unready for the threat.

The breadcrumbs are all here. Tyler Robinson didn't bypass an entire accredited police department by himself. UVU is hiding behind ""legal exemptions"" to censor the rest of these documents because they know it completely shatters the state's narrative.

SHARE THIS EVERYWHERE. The truth is in their own files.

I will link the PDF of the files below. Credit to Daily Caller for obtaining these documents.👇"
"'2044270248669348253'","4/15/2026 0:23","Reply","en","93","91","1","1","0","2","0","@LT2078 @RealCandaceO @victormarx same here."
"'2043815492473725319'","4/13/2026 18:16","Reply","en","91","72","13","6","0","3","0","Trump Attacks The Pope. The Tyler Robinson Narrative Collapses. | Candace Ep 323 From: @RealCandaceO FOLLOW her! https://t.co/CstX5D1uNm"
"'2044804669487153590'","4/16/2026 11:46","Reply","qme","90","82","6","2","0","2","0","@paramounttactcl @RealCandaceO https://t.co/OQHW4aLBMV"
"'2041120203853930618'","4/6/2026 7:45","Reply","qme","89","82","6","1","0","2","0","@RealCandaceO https://t.co/TX8VsAONl2"
"'2047515207044370906'","4/23/2026 23:17","Reply","en","88","77","5","6","0","4","1","@titoamboy @RealCandaceO @imelizabethlane @LoomerUnleashed @LoomersFanClub Btw tell your fake fiancé Andrew Jacob Simpson hi for me. https://t.co/uevYVqqKjd"
"'2039900945866224105'","4/2/2026 23:00","Reply","en","85","78","4","3","0","1","2","Yeah Charlie was all about debate, he wouldn't be threatening lawfare against his critics. he never once did that. TPUSA has refused to answer any of our questions, even after inviting us to ask them questions directly in the cease and desist letters they sent us. it's really sad and completely insane."
"'2045963467937530092'","4/19/2026 16:31","Reply","en","81","76","3","2","0","4","0","@LauraLoomer @RealCandaceO that's not what he said @LauraLoomer.  he said you don't want to be Loomer. She's in deep trouble, it's the end of her career. 😂"
"'2045208785992507802'","4/17/2026 14:32","Reply","en","81","75","5","1","0","3","0","@RealCandaceO 🚨LIVE: Tyler Robinson Trial &amp; Build The Red Wall Rally https://t.co/oP4dq9KFjK"
"'2048948686223253549'","4/27/2026 22:13","Reply","en","80","72","1","7","0","2","0","@AriJanis09 @MrsErikaKirk sorry i think you have me confused with
@BlakeSNeff"
"'2046699911391945085'","4/21/2026 17:17","Reply","qme","79","63","7","9","0","2","0","@RealCandaceO https://t.co/QA7htjUANM"
"'2044270325500658041'","4/15/2026 0:23","Reply","en","79","76","1","2","0","2","0","@ChrisGrand31595 @RealCandaceO seemed like it to me."
"'2045942410778177936'","4/19/2026 15:07","Reply","en","78","75","2","1","0","2","0","@NihiloX @RealCandaceO @AndrewKolvet good find. seems like they all are sexual deviants"
"'2048815120168448310'","4/27/2026 13:22","Tweet","en","77","56","13","3","5","3","1","I am on Substack as well. If you follow me and want to keep up to date with all my
newest post and investigations then you should definitely become a paid subscriber to my substack. Unfortunately Nikita Beir and his
minions have made this platform unbearable and have strangled us financially to the point that i cannot survive with just my X income.   Not only have they cut my reach and pay by 80% since just the beginning of the year but even worse is that they are now redistributing that pay to our enemies. the same people that are destroying Charlie’s legacy, defending Erika Kirk and the Epstein class child predators and calling g Candace Owens and all of us demonic. I cannot in good conscience support a platform that rewards harassment, doxing, and pushing out state sponsored propaganda to the masses while at the same time punishes those who speak the truth. This is no longer the town square as @elonmusk once called it: free speech is now dead. X has lost their way and allowed Nikita to destroy this platform and for those reason i will be leaving X in the near future and primarily posting my content to substack. Until now i have  avoided putting my content behind a paywall but at the same time this is my
livelihood and the only way for me to survive.  I will never stop speaking the truth regardless of what they throw at
me but they have forced me to have to adjust. So if you appreciate my work, my research, my post and my insight then consider becoming a paid subscriber to my Substack. 

Christ is King!!! 

SUBSCRIBE HERE: 
https://t.co/PqByi9E5Ki"
"'2045147713067463081'","4/17/2026 10:29","Reply","en","77","73","2","2","0","3","0","@BasedSamParker @RealCandaceO he had to be told directly be Erika"
"'2049640944325038507'","4/29/2026 20:04","Tweet","en","76","58","9","6","3","4","2","‼️REVEALED: The Truth Behind CANDACE OWENS ""Fleeing the Country""—Was She On A Secret Anti-Trump Trip FUNDED By Qatar? 👀

While the internet’s resident psychopath Larry Loomer (who btw is ""clinicly insane"") was busy cooking up fan fiction about secret summits and fleeing the country, Candace was in Rome for the most important milestone of her life.  

The Myths vs. The Reality:  
Larry Loomer claimed Candace was in Italy for a ""Qatar-funded summit"" with Nick Fuentes and David Axelrod.   

The Reality: Total fiction. Candace was there with her husband and children for her Confirmation into the Catholic Church.    

Looney Loomer then claimed that Candace was hiding $12 million in ""secret trusts"" and running from lawsuits.   

The Reality: You don’t need a plane to move money in 2026, but you do need to be in person to be confirmed by a Cardinal in the Old Latin Rite.   

Larry Loomer claimed she was living separately from her husband. 

The Reality: They were together in Rome, stronger than ever, celebrating a beautiful sacrament.  

Candace shared how nerve-wracked she was to take her Confirmation seriously, spacing it out from her baptism to truly understand the faith. She was confirmed by a Cardinal, with her priest flying in from London to guide her.   

""I told my priest I would chill. That’s why I didn’t respond to Trump’s attacks while I was away. I was focusing on what actually matters.""  God gives His toughest battles to His strongest soldiers. Whether it’s ""butt-ugly"" photos or ""manic"" lies from influencers, Candace is more prepared than ever for the fights to come.   

Welcome Candace back and congratulate her on her Confirmation! Are you glad she’s finally clearing the air on these crazy rumors?  

FOLLOW @RealCandaceO, RT and watch her FUL episode linked below. 👇"
"'2039897857428218204'","4/2/2026 22:48","Reply","en","75","55","15","5","0","3","0","@TPUSA @PressSec @MrsErikaKirk @JackPosobiec @tpusastudents the walls are closing in on you guy. https://t.co/blAzlkBEY5"
"'2047408443711992123'","4/23/2026 16:13","Reply","en","74","62","4","8","0","4","0","@melodydomer13 @RealCandaceO @imelizabethlane @LoomerUnleashed @LoomersFanClub @titoamboy it will live her on X tonight at 8pm ET"
"'2044274739250647379'","4/15/2026 0:40","Reply","en","74","59","8","7","0","3","0","@ZeeToTheHill @JDVance @MrsErikaKirk @AndrewKolvet Fact. They managed to destroy all the power TPUSA had and ruin Charlie's legacy in just 7 months. Even with a 200+ million dollar budget.  Nobody likes Erika, plain and simple."
"'2044524507067556180'","4/15/2026 17:13","Reply","en","73","56","15","2","0","2","0","@RealCandaceO You don't wanna miss today's episode... https://t.co/x3llU1LzWI"
"'2040952347283620335'","4/5/2026 20:38","Tweet","en","70","52","15","3","0","2","0","What Is All That Mic Interference And Why Was He Told Not To Touch it? Was It Rigged With Something or Electrofied?🤔

@baroncoleman @RealCandaceO"
"'2046559129607561528'","4/21/2026 7:58","Reply","en","70","65","2","3","0","4","0","@RabbiShmuley @LauraLoomer @RL_Taktuk @RealCandaceO She's NOT Jewish Retard. https://t.co/hG5aOY8g9T"
"'2044187737180320225'","4/14/2026 18:55","Reply","en","70","51","18","1","0","3","0","BREAKING: The ATF Traced A Gun On 9/10. Erika's ""Friend"" Wanted To Own Its Company. | Candace Ep 324 From: @RealCandaceO FOLLOW HER
https://t.co/AMOih5qh80"
"'2044261154873119235'","4/14/2026 23:46","Reply","qme","69","42","5","22","0","2","0","@RealCandaceO https://t.co/j7IWEumRIH"
"'2049537791881617413'","4/29/2026 13:14","Reply","qme","66","52","7","7","0","2","0","@RealCandaceO https://t.co/zhg32j97fO"
"'2048949344422842813'","4/27/2026 22:16","Reply","en","66","65","0","1","0","2","0","@Marianne764 @MrsErikaKirk if you need help getting out of the cult i can help. i too was as brainwashed as you at one time. i can show you the light"
"'2044906427081256993'","4/16/2026 18:30","Reply","en","62","45","14","3","0","2","1","Secret Service Admits ""There Was No Threat"". ATF Releases Report. | Candace Ep 326 From: @RealCandaceO FOLLOW Her 
https://t.co/oNk5FJKmHD"
"'2040291605957972418'","4/4/2026 0:53","Reply","en","61","56","3","2","0","0","2","@BarbaraWren22 agree. he is now on the side of the same people he railed against for years. he either was a liar and completely fake that whole time or someone got him when he went in the FBI and either blackmailed him or threatened him."
"'2045959876690546861'","4/19/2026 16:17","Tweet","en","60","44","12","1","3","2","0","@tylerbowyer and @MrsErikaKirk  If i am wrong then please let me know and i will be happy to correct the record."
"'2044521306712945066'","4/15/2026 17:00","Reply","qme","60","40","14","6","0","2","0","@RealCandaceO https://t.co/HWMS4sRGuH"
"'2049537932080398611'","4/29/2026 13:14","Reply","en","59","56","0","3","0","2","0","@RealCandaceO he we go with another coordinated paid Psyop."
"'2045165450468725170'","4/17/2026 11:40","Reply","qme","59","50","8","1","0","2","0","@RealCandaceO https://t.co/oP4dq9KFjK"
"'2045220439564185796'","4/17/2026 15:18","Reply","en","58","51","6","1","0","0","2","Donate to Sam Parker's Legal Defense To Fight His Lawsuit Against Kash Patel's Girlfriend Alexis Wilkin: https://t.co/qoce51fHnK"
"'2040442914778591417'","4/4/2026 10:54","Reply","en","54","49","2","3","0","2","0","@FatherAltman Precisely., Regardless whether you believe it was the exploding mic pack, palm pistol Ricky,or you think Charlie is still alive... The one that is ABSOLUTELY certain is Tyler Robinson did NOT shoot Charlie Kirk with a 30.06 rifle."
"'2039880112913465689'","4/2/2026 21:38","Reply","qme","54","45","6","3","0","2","0","@RealCandaceO https://t.co/rY9wuUUnV9"
"'2044327862459682939'","4/15/2026 4:11","Reply","en","54","47","4","3","0","4","1","Newsflash... Candace Owens has NOTHING to do with what people think. Erika Kirk and Turning Point's own actions, plus the evidence uncovered have caused people to believe they participated in his murder. The only people out here tryin got brainwash the public running coordinated Psyops is your side.  
The Truth doesn't need convincing..."
"'2044333673344881057'","4/15/2026 4:35","Reply","en","53","48","4","1","0","2","1","@JackPosobiec Tell that to Erika herself. Funny nobody took the threats against Candace seriously? https://t.co/v4spjV6dq3"
"'2038893478772420638'","3/31/2026 4:17","Reply","en","53","51","1","1","0","2","0","@Awesome_Jew_ @LauraLoomer is Larry pre surgery or post surgery?"
"'2039966655388745781'","4/3/2026 3:22","Reply","en","52","45","3","4","0","0","2","Ty. i feel that as well. I had 2 separate dreams where God spoke to me and told me i need to investigate who killed Charlie. to me that was divine intervention. For the first time in my life i feel like i know why i am here. i know my true purpose. this is my mission. That is why i will see this though until the end regardless of whatever happens. they csn threaten me with all the lawsuits they want, they can arrest me, tjhey can try to kill me... I don't care. this is my divine mission and i will see it through to completion."
"'2046653193627607114'","4/21/2026 14:12","Reply","qme","51","40","10","1","0","2","0","@RealCandaceO https://t.co/QA7htjUANM"
"'2040661966004347362'","4/5/2026 1:25","Tweet","en","49","24","9","16","0","1","2","🚨UPDATE: 12 Hours Later And They Neither ""CONFIRM OR DENY"" And The Usual Suspects Are Out IN FULL Force Trying To Propagandize You. 
What is REALLY Happening At Walter Reed? 🤫🏛️

We've gotta talk about the absolute coordination we are seeing right now to gaslight the American public. If you’ve been following the reports that President Trump was taken to Walter Reed, you’ve likely seen the ""usual suspects"" out in full force. I’m talking about the @NickSortor, @BennyJohnson, and @ALX types—the professional shills who immediately start screeching ""fake news"" the second a narrative doesn't fit the approved script. 🐍

But I want you to look past the noise and look at the receipts.

The Art of the Non-Denial:
Notice the pattern. Not a single cabinet member, not a single official spokesperson, not Trump himself has gone on the record to issue a simple statement ""Confirmed"" or ""Denied."" Instead, we get mockery and deflection.

The Deflectors: You have @StevenCheung posting vague tweets about the President being a ""hard worker."" That’s nice, Steven, but it is NOT a denial.

The Mockers: @RapidResponse47 is literally mocking journalist like @krassenstein  for asking for confirmation. If the story were fake, why the games? Why the sarcasm? A simple statement ends this. The fact that they won't give one is a massive red flag. 🚩

The Ghost-Posters: People pointing to @WhiteHouse tweets or even President Trump’s own Truth Social as ""proof of life"" are either extremely naive or dishonest. We know Dan Scavino runs those accounts. Unrelated policy posts don't prove the President isn't in a hospital bed.

The ""Sentry"" Psyop:
The proxies are now circulating photos of a Marine sentry at the West Wing as ""proof"" Trump is there. Give me a break. Do they think we’re that intellectually lazy? Security stays at the White House whether the President is in the Oval Office, at Mar-a-Lago, or in a medical emergency. It is visual misdirection, plain and simple.

Wartime Realities
We are currently in an active conflict with Iran. We are at the end of an timed ultimatum regarding the Strait of Hormuz. In a time of war, do you really think the government wouldn't lie to you? Under the Smith-Mundt Act, they actually have the authority to legally PSYOP the American public in the name of ""national security.""

If the Commander-in-Chief had a medical emergency right now, they would cover it up to prevent a global panic. They would send the memo to every fake shill to shut the story down and attack anyone brave enough to report it.

Why Won't They Just Say It?
I have personally reached out to every cabinet member I know and have gotten complete silence. no confirmation, no denial.

""I’ll be the first to hold my hand up and admit the motorcade footage circulating is indeed from Butler, 2024. The original poster should have been transparent about that, and I didn't realize it was recycled when I first shared it. But let’s not get distracted by a technicality—using an old clip to illustrate a current crisis doesn't magically make the crisis disappear. If anything, it proves just how starved the American public is for real information because the White House has created an absolute information vacuum. One mislabeled video doesn't mean the actual story is fake, nor does it change the fact that we still don't have a 'Yes' or 'No' from the people in charge.""

If there is NOTHING to this story, why won't they just deny it on the record? The more they deflect, the more my spidey senses tingle. 🕵️‍♀️🔥

The truth doesn't mind being questioned. Lies, however, require a coordinated defense.

What are they hiding? What's going on with Trump? Drop your thoughts below. 👇"
"'2049602006520648186'","4/29/2026 17:29","Tweet","en","48","36","5","3","4","2","0","TIME MAGAZINE: World’s Most VILE Person?! | Candace Ep 330 https://t.co/Wn6Rn3D9Xz

 via @RealCandaceO FOLLOW Her!"
"'2046586135162290213'","4/21/2026 9:45","Tweet","en","48","31","12","5","0","2","0","This is big and might be why they are hiding the rifle from the defense!
@imelizabethlane @RealCandaceO @IanCarrollShow @jimmy_dore @kurtmetzger @RealAlexJones @Ryanmatta @Valhallachannel @realjesseonfire @iamcoachcolin @DiligentDenizen @RedactedNews @Nero @MattWallace888 @FinanceWolves @megynkelly @buckleycarlson @TuckerCarlson @triggersmarthq @baroncoleman"
"'2049976453387755682'","4/30/2026 18:17","Tweet","en","47","36","5","6","0","2","1","Once I’m done posting my Candace clips today, I’m gonna do a live stream going over the whole Harpole V Owens Lawsuit to stay tuned"
"'2046193849182151130'","4/20/2026 7:46","Reply","qme","47","36","10","1","0","4","0","@RealCandaceO @LauraLoomer https://t.co/qf4S0AKNV6"
"'2049879287302434981'","4/30/2026 11:51","Reply","qme","46","36","7","0","3","2","0","@RealCandaceO https://t.co/Y98EzzsphD"
"'2046667369662087356'","4/21/2026 15:08","Reply","qme","45","41","4","0","0","2","0","@RealCandaceO https://t.co/YUwfqdOa9l"
"'2050023038435909813'","4/30/2026 21:22","Reply","qme","44","32","6","4","2","2","0","@RealCandaceO @baroncoleman https://t.co/RdaJyYksfr"
"'2049479560706551974'","4/29/2026 9:22","Tweet","en","44","26","9","1","8","2","0","If you want to check out the FULL Confrontation between @ZeeToTheHill, @unfamericatour and @AndrewKolvet, @JackPosobiec and @TPUSA, I have it posted on my Youtube here: 🔗https://t.co/qNKzf8aKjb"
"'2046218028984029357'","4/20/2026 9:22","Tweet","en","44","32","10","2","0","2","0","@LauraLoomer Blocked me guys so please repost my post of her in the comments of her post so her followers can see who she really is."
"'2045165528520577174'","4/17/2026 11:40","Reply","qme","44","38","5","1","0","2","0","@RealCandaceO https://t.co/oP4dq9KFjK"
"'2044956609193951664'","4/16/2026 21:50","Tweet","en","44","33","6","5","0","2","0","This Article by @thedailybeast  Is Superb!!! 👏
BONUS: Read The Comments Under It, Erika Kirk Is Getting Wrecked. 😂

They All Have Their Pitchfork's Out For Her. 🍴"
"'2047745786000060808'","4/24/2026 14:33","Reply","en","43","34","4","4","1","1","2","@SennicksLewis according to her yes but it's all a lie because Erika was actually at the event and was caught lying. she just didn't want to go out on the stage and made up the fake threat excuse about people tracking her plane."
"'2039547429486318025'","4/1/2026 23:36","Reply","qme","43","41","2","0","0","2","0","@RealCandaceO https://t.co/Qo2gXDNanK"
"'2038793223934546221'","3/30/2026 21:39","Tweet","qam","43","30","7","6","0","6","0","@RealCandaceO @jimmy_dore @kurtmetzger @IanCarrollShow @baroncoleman @DiligentDenizen @HustleBitch_ @RedactedNews @RealAlexJones @bennyjohnson @realjesseonfire @iamcoachcolin @ZebBoykin @danksterintel @megynkelly @TuckerCarlson @SabbySabs2 @TimJDillon @unfamericatour @ZeeToTheHill @tylerbowyer @MrsErikaKirk @BlakeSNeff @AndrewKolvet @TPUSA @JackPosobiec"
"'2047503835443204103'","4/23/2026 22:32","Reply","qme","42","35","3","4","0","2","0","@RealCandaceO https://t.co/gC7QeeIUSt"
"'2048044244112220601'","4/25/2026 10:19","Reply","en","41","35","5","0","1","2","0","@RealCandaceO I'm going to attend and report on Candace's Motion to dismiss hearign Tuesday. If you want to support me you can do so below, 👇https://t.co/ysSvuchkly"
"'2045945088405062119'","4/19/2026 15:18","Reply","en","41","35","2","4","0","2","1","@Dunthwaite @RealCandaceO @baroncoleman legally they are family"
"'2047514362139599060'","4/23/2026 23:13","Reply","en","40","37","2","1","0","4","0","@titoamboy @RealCandaceO @imelizabethlane @LoomerUnleashed @LoomersFanClub after reading your disastrous depo the only clown i see is you sweetie. 🤪"
"'2039429513759822319'","4/1/2026 15:47","Tweet","qam","40","27","8","5","0","2","0","@jimmy_dore
 
@RealCandaceO
 
@baroncoleman
 
@IanCarrollShow
 
@realjesseonfire
 
@iamcoachcolin
 
@candaceoshow
 
@TuckerCarlson
 
@megynkelly
 
@RealAlexJones
 
@OwenShroyer1776
 
@HarrisonHSmith
 
@RedactedNews
 
@Villgecrazylady
 
@Ryanmatta
 
@ShawnRyan762
 
@HustleBitch_
 
@DiligentDenizen"
"'2039591602176381107'","4/2/2026 2:31","Reply","en","39","34","2","3","0","4","0","@BridgettM256130 @RealCandaceO @BlakeSNeff @MrsErikaKirk Yes!! I can't wait. https://t.co/mFQVuSS9n8"
"'2047747525570941149'","4/24/2026 14:40","Reply","en","38","36","0","2","0","2","0","@DeniseH24102479 @RealCandaceO nope. they are trying to use emotional blackmail by using the widow card but the problem with that is most people can see through it. she is not a grieving widow. ZERO griving shown at all."
"'2043121070287253953'","4/11/2026 20:16","Reply","en","38","35","3","0","0","2","0","@RealCandaceO Exactly"
"'2048298235911913912'","4/26/2026 3:08","Reply","en","36","34","2","0","0","2","0","@WeAreNotGTM @BasedSamParker @RealCandaceO exactly"
"'2048979032734126536'","4/28/2026 0:14","Tweet","qam","35","28","7","0","0","2","0","@RealCandaceO @candaceoshow @baroncoleman @LemmeReact @AubreyLaitsch"
"'2048978786402623877'","4/28/2026 0:13","Tweet","qam","35","23","9","3","0","3","0","@TPUSARapidRep @FrontlinesTPUSA @TPUSA @MrsErikaKirk @AndrewKolvet @BlakeSNeff @tylerbowyer @Michael_McCoyy"
"'2045116376897999274'","4/17/2026 8:25","Reply","en","35","35","0","0","0","2","1","@BasedSamParker @RealCandaceO @DangerousTruth1 also illegal. (allegedly)"
"'2040973196355068364'","4/5/2026 22:01","Reply","en","34","30","2","2","0","4","0","@LauraLoomer @MrsErikaKirk Go enlist yourself then Larry"
"'2049965213965766853'","4/30/2026 17:32","Reply","qme","34","24","2","4","4","2","0","@RealCandaceO https://t.co/S8FVgpAEUG"
"'2048994309878231314'","4/28/2026 1:14","Reply","en","34","27","1","6","0","3","0","@The_OG_Cheerios @MrsErikaKirk @TPUSA Amen 🙏 
I agree. she needs to just resign and take care of her kids. we will never accept her as Charlie's replacement., NOBODY can replace Charlie."
"'2041536708928209159'","4/7/2026 11:20","Reply","en","33","28","3","2","0","2","0","@LauraLoomer @RealAlexJones Trump is as deranged as you now. He needs to be removed from Office immediately. He's a DANGER to all of us. https://t.co/DKcBU3AqGh"
"'2045261971793047623'","4/17/2026 18:03","Reply","en","33","29","4","0","0","3","0","@DiligentDenizen @RealCandaceO 🚨LIVE: Tyler Robinson Trial &amp; Build The Red Wall Rally https://t.co/oP4dq9KFjK"
"'2047282508484468992'","4/23/2026 7:52","Reply","en","32","29","3","0","0","5","0","@titoamboy @RealCandaceO @imelizabethlane @LoomerUnleashed @LoomersFanClub @LoomeredStrat Cartman Out! 🎤🫳🖕"
"'2040287401029824579'","4/4/2026 0:36","Reply","en","31","30","0","1","0","2","0","@JohnMappin @RealCandaceO @TheoVon @joerogan @TuckerCarlson @BretWeinstein i doubt he is at peace yet because there is unfinished business. he is looking down at all these traitors that betrayed him trying to hijack his legacy. Poor Charlie. 🙏"
"'2047356423974142060'","4/23/2026 12:46","Reply","en","31","29","1","1","0","2","0","@PackFan502 @MrsErikaKirk If you’ve paid attention to everything we’ve been saying for the last seven months you would know"
"'2047315989851738180'","4/23/2026 10:05","Reply","en","31","27","0","4","0","5","0","@titoamboy @RealCandaceO @imelizabethlane @LoomerUnleashed @LoomersFanClub @LoomeredStrat i'd much eather talk about how many BJ's you gave Trump"
"'2040794724575883304'","4/5/2026 10:12","Tweet","qam","30","20","10","0","0","2","0","@baroncoleman @RealCandaceO @IanCarrollShow @Ryanmatta @jimmy_dore @kurtmetzger @realjesseonfire @iamcoachcolin @Nero @ShadowofEzra @sneako @TheOmniLiberal @MJTruthUltra @kanyewest @brandiandbillie @aburkhartlaw @FinanceWolves @ElofsonJess @SabbySabs2 @DDGotAPodcast @FinanceWolves @triggersmarthq @JakeG_Official"
"'2048978156195889603'","4/28/2026 0:10","Reply","tl","30","23","2","5","0","2","0","@unfamericatour TPUSA is OVER!!!!!!!!https://t.co/JWLIW5ACkM"
"'2048046292949983422'","4/25/2026 10:27","Reply","en","30","28","2","0","0","2","0","@RealCandaceO I am going to attend and report LIVE on Candace's Motion to dismiss hearing this Tues. If you want to support me you can donate below. 👇
https://t.co/a4i9NpEXZr"
"'2047746817907912851'","4/24/2026 14:37","Reply","en","30","29","0","1","0","2","0","@Corona_not_covi @RealCandaceO they are to the point where they don't care. they think they are untouchable. they will find out soon enough though that is not the csse. the people are revolting"
"'2047239998290743605'","4/23/2026 5:03","Tweet","qam","30","25","5","0","0","3","0","@TPUSA @AndrewKolvet @BlakeSNeff @tylerbowyer @MrsErikaKirk"
"'2044272638978130332'","4/15/2026 0:32","Tweet","en","30","20","7","3","0","3","1","Sure Bro ...
Whatever you say @GrahamAllen. You're the one who's a disgrace. Pretending like Erika's the victim when she literally participated in her husband's murder in my opinion. You and i both know she has a FULL security detail, not to mention she had the full weight and power of the Secret Service and local police at that arena tonight so that excuse holds no water whatsoever. 

Furthermore your attempts to set her up as the victim sure seems like you guys are preparing some kind of a false flag attack on her. News Flash... We see right through it and it won't work. I guarantee whoever you have allegedly attack Erika to try to blame people like myself and candace the internet will pick apart in 5 seconds flat and prove they are actually either CIA or connected to Turning Point. 
 
I highly suggest you just stop before y'all get embarrassed again. Thank you for your attention to this matter."
"'2048082244485406739'","4/25/2026 12:50","Reply","qam","29","22","5","2","0","5","0","@LauraLoomer
@LoomeredStrat
@LoomersFanClub
@titoamboy
@billmaher
@RealCandaceO
@candaceoshow"
"'2044279621525393636'","4/15/2026 1:00","Reply","qme","29","24","3","2","0","2","0","@paramounttactcl @RealCandaceO https://t.co/g69XyD8VAX"
"'2045812131178717477'","4/19/2026 6:29","Tweet","en","28","18","1","9","0","2","0","👇Please Chime In And Let Me Know Your Thoughts...
@RealCandaceO @baroncoleman @realstewpeters @jonaaronbray @IanCarrollShow @RealAlexJones @DiligentDenizen @Ryanmatta"
"'2041894553968328769'","4/8/2026 11:02","Reply","en","27","19","8","0","0","2","0","DELETED VIDEO OF ERIKA KIRK RESURFACES AND SHE SAYS TOO MUCH AGAIN!! From: @Perezvnicole (Patriotic Housewife) FOLLOW Her! 
https://t.co/PY1L7G4lz4"
"'2045588068632043563'","4/18/2026 15:39","Tweet","qam","25","19","4","2","0","2","0","@RealCandaceO @baroncoleman"
"'2046064073536594369'","4/19/2026 23:11","Reply","en","24","23","0","1","0","4","0","@BurtMaclin_FBI @RealCandaceO @LauraLoomer sweet. that's what what was going for. that or Cartman"
"'2043120448112660693'","4/11/2026 20:14","Reply","en","24","23","0","1","0","2","0","@SneakyKitty88 @RealCandaceO @baroncoleman @IanCarrollShow @RealAlexJones i agree"
"'2045055765577089103'","4/17/2026 4:24","Reply","en","23","20","1","2","0","3","0","@ScarikaKirk @RealCandaceO @baroncoleman that hat was so perfect."
"'2045290821075767580'","4/17/2026 19:58","Reply","en","23","22","1","0","0","5","0","@paramounttactcl @MrsErikaKirk @RealCandaceO 🚨LIVE: Tyler Robinson Trial &amp; Build The Red Wall Rally https://t.co/oP4dq9KFjK"
"'2046267087237058839'","4/20/2026 12:37","Reply","en","22","20","1","1","0","2","0","@Polititwittt @billmaher @RealCandaceO im sure they are."
"'2040936059437994289'","4/5/2026 19:34","Tweet","qam","20","11","8","1","0","2","0","@RealCandaceO @baroncoleman @IanCarrollShow @jimmy_dore @RealAlexJones @OwenShroyer1776 @HarrisonHSmith @RedactedNews @iamcoachcolin @realjesseonfire @FinanceWolves @Nero @DiligentDenizen @Ryanmatta @joerogan"
"'2040478088992104683'","4/4/2026 13:14","Reply","en","20","19","1","0","0","2","0","@RealCandaceO @baroncoleman @troofevades CORRECTION: N615ER is the correct tail number for the plane. The tail number show on the picture is correct, but the one in the actual text is a typo. My apologies"
"'2040054243424448891'","4/3/2026 9:10","Tweet","en","20","15","5","0","0","1","3","🚨ICYMI: Support Independent Journalism Become A Paid SUBSCRIBER To Me On X🎉💵

This is a mission that belongs to all of us. I am asking you to stand with me by becoming a Paid Subscriber here on X.

If you care about the truth and support independent voices who refuse to bow down or compromise their integrity for money, corporate sponsors, or ""access""—then I am your guy. Independent journalism only survives when it is beholden to the people, not the power brokers.

I cannot do what I do without the support of this incredible community.

A Mission From God ⚖️🙏
Regarding the Charlie Kirk investigation: this is more than just a story to me. This is my mission from God. He came to me in a dream and set me on this path to seek Justice for Charlie. I promise every single one of you:

I will NOT stop investigating.

I will NOT stop asking the hard questions.

I will NOT stop working to hold those who betrayed Charlie accountable.

They can send as many cease and desist orders as they want. They can file a thousand lawsuits. They can threaten me with jail or even attempt to take my life—but as long as I have your support, there is NOTHING they can do to stop me, or stop the truth.

I remain steadfast, unshaken, and beholden only to God, my principles, and the foundational freedoms of this great nation. 🇺🇸⚔️

Subscribe today and help me finish this fight. 👇
https://t.co/bX4eraV8hu"
"'2041144228139458595'","4/6/2026 9:21","Reply","en","19","15","2","2","0","3","0","@JohnMappin @RealCandaceO @TuckerCarlson @charliekirk11 My point exactly!!! https://t.co/TX8VsAONl2"
"'2040812740260790299'","4/5/2026 11:24","Reply","en","19","17","0","2","0","2","0","@WhoIsJohnGult @RealCandaceO big one. wonder who is on it this time... BB Netanyahu maybe?"
"'2049133881459171754'","4/28/2026 10:29","Reply","en","19","16","0","3","0","3","1","i still will do everything i can to hold her accountable legally yet, but if she resigns from CEO of Turning Point i WILL stop publicly talking about her. You hear that @MrsErikaKirk? I really hope you do the right thing and resign and go sail off into the sunset with your millions of dollars and your kids where you belong. You we're not qualified to take on Charlie's and nor should you have of. With one parent already gone, you should be prioritising your kids and not be out there putting yourself in danger.  i wholeheartedly do pray for you, that you will recognize the darkness in your hear and repent.  Your kids need their mom, they deserve better."
"'2048049267944616425'","4/25/2026 10:39","Reply","qme","19","17","1","1","0","2","0","@mtgreenee @RealCandaceO https://t.co/a4i9NpEXZr"
"'2044279575249563982'","4/15/2026 1:00","Reply","qme","19","18","1","0","0","2","0","@billiewebbb @paramounttactcl @RealCandaceO https://t.co/g69XyD8VAX"
"'2044192954235981876'","4/14/2026 19:15","Reply","en","19","15","3","1","0","0","2","⚠️⚠️Correction. Weapons And Drug Trafficking, NOT Child Trafficking."
"'2049655145378500883'","4/29/2026 21:00","Reply","en","18","18","0","0","0","2","0","@tardyhard @RealCandaceO @AlexisWilkins i can't image why... 🤔🤣"
"'2044515310355550625'","4/15/2026 16:36","Tweet","qme","18","13","2","3","0","2","0","👀 @RealCandaceO"
"'2048497719283486736'","4/26/2026 16:21","Reply","qme","17","14","3","0","0","2","0","@RealCandaceO https://t.co/zTRiyI14M1"
"'2045974618645647417'","4/19/2026 17:15","Reply","en","17","16","0","1","0","4","0","@LianderHM @LauraLoomer @RealCandaceO Who would?"
"'2045873433171390485'","4/19/2026 10:33","Tweet","qam","17","12","4","1","0","2","0","@jimmy_dore @kurtmetzger @RealCandaceO @baroncoleman @iamcoachcolin @realjesseonfire @IanCarrollShow @Nero @imelizabethlane @RealAlexJones @DDGotAPodcast @Perezvnicole
@triggersmarthq @Ryanmatta @HustleBitch_ @TuckerCarlson @megynkelly @OwenShroyer1776
@5149jamesli @ElofsonJess @RedactedNews @ShadowofEzra @MattWallace888 @DiligentDenizen"
"'2047408283716026669'","4/23/2026 16:12","Reply","en","16","13","0","3","0","4","0","@justreading9188 @titoamboy @RealCandaceO @imelizabethlane @LoomerUnleashed @LoomersFanClub He's super triggered too. stalking all my comments. lol"
"'2046063980750192811'","4/19/2026 23:10","Reply","en","16","16","0","0","0","4","0","@TheYellowKazoo @RealCandaceO @LauraLoomer i have other intel i haven't released yet."
"'2046053872444088806'","4/19/2026 22:30","Reply","en","16","13","2","1","0","4","0","@JohnnyAGI @LauraLoomer Yikles Larry the Jigsaw is getting wrecked by Candace Owens. I love it!!!! 
@LauraLoomer @RealCandaceO @sneako https://t.co/qIWZvCNVzz"
"'2045945826992669003'","4/19/2026 15:21","Reply","en","16","12","0","4","0","2","0","@UnseenWyoGal @RealCandaceO @baroncoleman i am don't give a shit about my looks"
"'2044720381773201430'","4/16/2026 6:11","Tweet","qam","16","12","2","2","0","2","0","@scrippsnews @CBSNews @jimmy_dore @kurtmetzger @RealCandaceO @baroncoleman @iamcoachcolin @realjesseonfire @IanCarrollShow @Nero @imelizabethlane @RealAlexJones @DDGotAPodcast @Perezvnicole @triggersmarthq @Ryanmatta @HustleBitch_ @TuckerCarlson @megynkelly @OwenShroyer1776 @5149jamesli @ElofsonJess @RedactedNews @ShadowofEzra @MattWallace888"
"'2041550148388462698'","4/7/2026 12:14","Reply","en","15","13","1","1","0","0","2","@MeghanWals87345 @RealTruthJustic Absolutely. The truth will always come out, no child should EVER be place into the system.  CPS are the biggest child traffickers in the entire Country. Sending my prayers. 🙏"
"'2040808862131863656'","4/5/2026 11:08","Reply","en","15","11","0","4","0","0","2","@jdemboyz probably. it has to be really extenuating circumstance for a judge to completely dismiss a case especially a murder trial or a technicality, although they keep pushing it then it just might happen."
"'2049867214115721240'","4/30/2026 11:03","Tweet","en","15","10","2","2","1","2","0","‼️Are you a part of Turning Point USA's ""HYPE SQUAD"" If So I want to INTERVIEW You. 👀

Also If you have any TIPS related to this new ""HYPE SQUAD"" or about TPUSA event's I want to talk to you. 

Send me a DM or email me at projectconstitutionvideos@gmail.com"
"'2039916824532258899'","4/3/2026 0:04","Reply","en","15","15","0","0","0","3","0","@ScarikaKirk @baroncoleman @RealCandaceO @BlakeSNeff we certainly would be more liked."
"'2046064351946141900'","4/19/2026 23:12","Reply","en","15","13","0","2","0","4","0","@LisaArmstrong80 @RealCandaceO @LauraLoomer i'm her daddy"
"'2046064295729824013'","4/19/2026 23:11","Reply","en","15","14","0","1","0","4","0","@RoadRunner0804 @RealCandaceO @LauraLoomer says a faceless no name avatar 😂"
"'2044311386688274901'","4/15/2026 3:06","Reply","en","15","13","1","1","0","2","0","@MalcolmDavisGA @MrsErikaKirk @officer_Lew @universityofga @JDVance bro, wipe the brown off your nose. it's a really pathetic look"
"'2050043343502004729'","4/30/2026 22:43","Tweet","en","14","9","2","0","3","7","2","🚨 I Got An HONORABLE Mention In The LAWSUIT, Baby! 😂

You know it’s a good week when @benshapiro  — oops, I mean Brian Harpole — drops a 69-page defamation suit against @RealCandaceO and @Justice4Gr8Nate and your boy @ProjectConstitu gets a shoutout in paragraph 65 for the exact Fort Huachuca posts that started it all.

Here’s what’s wild: Instead of coming after ME (or @baroncoleman) for actually writing the story they took issue with… they instead bypassed us and went straight after Candace for simply reposting it.

Make it make sense.

I know, I know — I should be grateful. Out of everyone terrorizing TPUSA with the truth, I’m the only one blessed enough to have received two cease-and-desists from Erika Kirk and Turning Point. Baron’s still patiently waiting on his first.
But I’m not gonna lie… I’m kinda jealous over here.
Where’s my lawsuit, Harpole? I feel left out 😭

Drop your “welcome to the club” memes below 👇"
"'2048084983139471419'","4/25/2026 13:01","Reply","en","14","13","0","1","0","3","0","@LeahScottxv yup she was loomered yet again by her own self. 😂"
"'2045982328032243936'","4/19/2026 17:46","Reply","qme","14","14","0","0","0","2","0","@LauraLoomer @marckasowitz https://t.co/vBEVGMC1pP"
"'2042944173259518401'","4/11/2026 8:33","Reply","qme","14","12","1","1","0","2","0","@RealCandaceO https://t.co/QK745FIv0G"
"'2049655447242625504'","4/29/2026 21:01","Reply","en","13","13","0","0","0","2","0","@moolah_magnet @RealCandaceO @AlexisWilkins Funny how that works huh"
"'2047418579507617906'","4/23/2026 16:53","Reply","en","12","10","1","1","0","3","0","@titoamboy @LauraLoomer @LoomeredStrat @LoomerUnleashed How many involuntary Psych holds have you had now??"
"'2046335839584592069'","4/20/2026 17:10","Reply","qme","12","11","1","0","0","2","0","@RealCandaceO https://t.co/IdQFAqsrF8"
"'2050034109779501119'","4/30/2026 22:06","Reply","en","11","11","0","0","0","2","0","@DuncanLyne44524 @RealCandaceO @baroncoleman no doubt. i'm sure Baronb was a bbbBeast of a Lawyer"
"'2039917302506803367'","4/3/2026 0:05","Reply","en","11","11","0","0","0","2","0","@_SUSAN_H_ @baroncoleman @RealCandaceO sure. that role is still open. you gotta promise to also be a honeypot too though..."
"'2047282611559547343'","4/23/2026 7:53","Reply","qme","11","11","0","0","0","5","0","@KikeForceOne @titoamboy @RealCandaceO @imelizabethlane @LoomerUnleashed @LoomersFanClub @LoomeredStrat 😂"
"'2047509156777652427'","4/23/2026 22:53","Reply","qam","11","10","0","1","0","5","0","@LauraLoomer @LoomeredStrat @LoomersFanClub @titoamboy @billmaher @RealCandaceO @candaceoshow"
"'2039904235404276155'","4/2/2026 23:14","Reply","en","11","11","0","0","0","2","0","@davis_donn56239 @MrsErikaKirk ain't that the truth."
"'2041214599979057375'","4/6/2026 14:00","Reply","en","10","8","1","1","0","3","0","@rallynate @EricLDaugh @catturd2 @GuntherEagleman @WarlordDilley @dbongino @Shawn_Farash @DefiyantlyFree @ConceptualJames @marklevinshow @DouglasKMurray Benny Johnson is one of the biggest, don't forget about the TPUSA crowd to... Andrew Kolvet, Jack Posobiec, Tyber Bowyer,.Tim pool too."
"'2048443117414613272'","4/26/2026 12:44","Reply","en","10","9","0","1","0","2","0","@naptownnicey better than Larry Loomer"
"'2045945696256192738'","4/19/2026 15:20","Reply","en","10","8","0","2","0","2","0","@UnseenWyoGal @RealCandaceO @baroncoleman been clean over 15 years actually. but thanks"
"'2041535743768576421'","4/7/2026 11:17","Reply","en","9","6","1","2","0","5","0","@yankee_poodle_d @LauraLoomer @TuckerCarlson @RealCandaceO @megynkelly i could care less about what party someone is with, both sides are the swamp. i follow individual people who stand for America only and don't swear allegiance to a foreign government.,"
"'2047279145764163780'","4/23/2026 7:39","Reply","en","9","8","0","1","0","2","0","@Lisa_C_Arnold @Nero @RealCandaceO big time"
"'2044257632345559283'","4/14/2026 23:32","Reply","en","9","7","1","1","0","4","0","@Mia_Stretch @RealCandaceO @MrsErikaKirk Facts!"
"'2040972064094400593'","4/5/2026 21:57","Reply","en","8","7","0","1","0","2","0","@Mia_Stretch @MrsErikaKirk you are the best. that goes hard Mia🔥"
"'2040562243570405627'","4/4/2026 18:48","Tweet","en","8","6","2","0","0","2","0","That's Larry For Ya! 😂
@LauraLoomer"
"'2049950346215129510'","4/30/2026 16:33","Reply","qme","8","6","1","0","1","2","0","@RealCandaceO https://t.co/jnhR3y8EEX"
"'2049538928160428537'","4/29/2026 13:18","Reply","en","8","6","1","1","0","2","1","@anna19738 Erika absolutely participated in the cover up and it's up for debate if she had foreknowledge but nobody ever said especially Candace that Erika KIlled Charlie."
"'2048102499945447682'","4/25/2026 14:11","Reply","en","8","7","0","1","0","2","0","@CupofJoeintheD2 @LauraLoomer she was the presidential glory hole apparently"
"'2045262265130074438'","4/17/2026 18:04","Reply","en","8","4","3","1","0","2","0","@TPUSA 🚨LIVE: Tyler Robinson Trial &amp; Build The Red Wall Rally https://t.co/oP4dq9KFjK"
"'2045174947434070106'","4/17/2026 12:17","Reply","en","8","6","2","0","0","3","0","@LauraLoomer @joekent16jan19 🚨LIVE: Tyler Robinson Trial &amp; Build The Red Wall Rally https://t.co/oP4dq9KFjK"
"'2043246966302241276'","4/12/2026 4:36","Reply","en","8","6","1","1","0","2","2","@Bully2wooly @MrsErikaKirk No i agree, but they lawyer she hired is a damn good one and has zero morals. He is the lawyer that got Logan Paul off legally after scamming his audience a zillion times."
"'2041406970305912937'","4/7/2026 2:45","Reply","en","7","4","2","1","0","2","0","@CSigmaShow @MrsErikaKirk that is correct. she was in the exact same circles as him"
"'2047683075086098721'","4/24/2026 10:24","Reply","en","7","5","1","1","0","2","0","@fouriowascotts @MrsErikaKirk it really is sickening to watch her."
"'2040298934866698373'","4/4/2026 1:22","Reply","en","6","6","0","0","0","2","0","@USALegend1 @BlakeBednarz @RealCandaceO ok blake, 😂"
"'2049863622562598943'","4/30/2026 10:49","Reply","en","6","5","0","1","0","2","0","@D24799035 @RealCandaceO @AlexisWilkins i will post it today"
"'2040062916800442575'","4/3/2026 9:44","Reply","qme","6","5","0","1","0","2","0","@RealCandaceO https://t.co/tlCyyYGRgx"
"'2039957691477451164'","4/3/2026 2:46","Reply","en","6","5","0","1","0","2","0","@Justgetitt33881 @baroncoleman @RealCandaceO i strive for excellence. I call it Cowardmaxxing 😂"
"'2047511248359637257'","4/23/2026 23:01","Reply","en","6","5","0","1","0","2","0","@NihiloX @LauraLoomer thanks for the repost brother"
"'2046738935942963595'","4/21/2026 19:52","Reply","en","6","6","0","0","0","2","0","@MuppetMasher @StoneJustin007 @RealCandaceO exactly"
"'2046398433330610572'","4/20/2026 21:19","Reply","en","6","5","1","0","0","2","0","@rock_skipper19 @RealCandaceO i agree"
"'2045055116856725714'","4/17/2026 4:21","Reply","en","6","5","0","1","0","2","0","@Rissajohns @NihiloX @MrsErikaKirk good. she needs to just resign"
"'2045261606133612747'","4/17/2026 18:02","Reply","en","6","4","1","1","0","2","0","@TPUSA 🚨LIVE: Tyler Robinson Trial &amp; Build The Red Wall Rally https://t.co/oP4dq9KFjK"
"'2044256878100611556'","4/14/2026 23:29","Reply","qam","6","6","0","0","0","2","0","@RealCandaceO"
"'2039549125167837495'","4/1/2026 23:42","Reply","qme","6","5","0","1","0","4","0","@tardyhard @RealCandaceO @BlakeSNeff @MrsErikaKirk 🔥"
"'2039353752570741147'","4/1/2026 10:46","Reply","en","6","4","2","0","0","2","1","@LoomerUnleashed @POTUS 🚨LIVE: Trump At  Supreme Court As They Hear Birthright Citizenship Arguments
https://t.co/7IETX1dyho"
"'2041549013325881563'","4/7/2026 12:09","Reply","en","5","5","0","0","0","4","0","@moxiewood420 @LauraLoomer @TuckerCarlson @RealCandaceO @megynkelly i agree. although i am completely against anyone getting banned unless the break the law. her's are pretty close to that line. i don't she's crossed it yet but she's operating in the grey zone where there is certainly justification to have her banned. Not go place you want to be."
"'2040561597098160301'","4/4/2026 18:46","Reply","en","5","4","0","1","0","3","0","@SlimThrowing @LeadingReport TPUSA is EVIL: and they deserve everything they are getting for betraying Charloie.l So does Erika Kirk."
"'2040062968629453293'","4/3/2026 9:44","Reply","qme","5","5","0","0","0","2","0","@RealCandaceO https://t.co/tlCyyYGRgx"
"'2049455636392329584'","4/29/2026 7:47","Reply","en","5","4","1","0","0","2","0","@tmcskinney08 yeah so many kids form these Chapters are quitting Turning Point. the colleges are denying their request to hold events. They are even getting massive pushback from Churches and some have even cancelled their events with TPUSA."
"'2049440718045777988'","4/29/2026 6:48","Reply","en","5","3","0","2","0","2","0","@counsellorkel21 @RealCandaceO April babies are the best!!"
"'2049664313984475242'","4/29/2026 21:37","Reply","en","5","5","0","0","0","2","0","@Pleribusbofb @MrsErikaKirk idk but clearly not a grieving widow..."
"'2049664167406174306'","4/29/2026 21:36","Reply","en","5","3","0","2","0","2","0","@PurpleNinjaRain @MrsErikaKirk oh coure. they are trying to0 force her down our throats because they want to run her on the ticket in 2028"
"'2049663873851044308'","4/29/2026 21:35","Reply","en","5","5","0","0","0","2","0","@WakeTheWool @MrsErikaKirk Black widow"
"'2049647193921912859'","4/29/2026 20:29","Reply","ht","5","5","0","0","0","2","0","@Stefunny1207 @MrsErikaKirk LMAO😂"
"'2047419388366598454'","4/23/2026 16:56","Reply","en","5","2","1","2","0","3","0","@justreading9188 @titoamboy @LauraLoomer @LoomeredStrat @LoomerUnleashed not enough botox clearly. i think she should add a little more. 😂"
"'2047408061023649929'","4/23/2026 16:11","Reply","en","5","5","0","0","0","4","0","@JohnMar14398258 @titoamboy @RealCandaceO @imelizabethlane @LoomerUnleashed @LoomersFanClub not my email retard."
"'2046064138099572975'","4/19/2026 23:11","Reply","en","5","5","0","0","0","4","0","@Tati170290801 @RealCandaceO @LauraLoomer hopefully"
"'2045879599985291522'","4/19/2026 10:58","Reply","en","5","4","0","1","0","2","0","@EricaEr23732593 oh not exactly but Candace has the original video with the metadata. i know it was well before the shooting, approx and hour."
"'2044770662917497214'","4/16/2026 9:31","Reply","qme","5","5","0","0","0","2","0","@DieB4Comply @Mini_Metzie @RealCandaceO @baroncoleman 💯"
"'2039363628646744411'","4/1/2026 11:25","Reply","en","5","4","1","0","0","2","1","@LoomerUnleashed @TheCharlesDowns 🚨LIVE: Trump At  Supreme Court As They Hear Birthright Citizenship Arguments https://t.co/7IETX1dyho"
"'2041259208922804310'","4/6/2026 16:58","Reply","en","4","4","0","0","0","1","2","they all were involved in either the murder, the cover-up or both but it was authorized and planned by Israel. I have been a fan of Charlie for since covid and far as Erika, i never really paid attention to her before. looking back now and seeing all her old speeches with him and stuff there were many red flags though that something wasn't right. Poor Charlie"
"'2040493153292038572'","4/4/2026 14:14","Reply","en","4","3","0","1","0","2","0","@INSnewsshow @RealCandaceO @baroncoleman @troofevades @CreightonBaird i don't mean the footage is new. whats new is that she said she slipped them together and timstamped them."
"'2040073850512183479'","4/3/2026 10:28","Reply","en","4","4","0","0","0","2","0","@ing_engineer @RealCandaceO ok sheeple. stay asleep"
"'2049035933362577695'","4/28/2026 4:00","Reply","en","4","3","0","1","0","2","0","@annaxl7 @MrsErikaKirk it's call an itch retard when you have a crazy moustache it tend to tickle you."
"'2049135738340487665'","4/28/2026 10:36","Reply","en","4","2","0","2","0","0","3","@muddymask0123 the same could be asked about her. she is so gleeful in the wake of Charlie's assassination, no grieving whatsoever. i fully believe she was involved in his murder, i already know she is involved in the cover up."
"'2048988580345684151'","4/28/2026 0:52","Reply","en","4","3","0","1","0","2","0","@4freedom1USA @MrsErikaKirk funny because your mom doesn't think so"
"'2048987393785479206'","4/28/2026 0:47","Reply","en","4","3","0","1","0","2","0","@still_the_Maid @MrsErikaKirk that is me being nice actually. 😂"
"'2048067765567709388'","4/25/2026 11:53","Reply","en","4","3","0","1","0","2","0","@C0nservativeGal @IRENEWA45168212 @RealCandaceO can you send me the a copy of the contract they wanted you guys to sign? DM me please"
"'2046545741095559211'","4/21/2026 7:05","Reply","en","4","3","0","1","0","2","0","@0651dog @RealCandaceO @BlakeSNeff i agree. they should of already filed a motion for santions"
"'2039590621837434975'","4/2/2026 2:27","Reply","en","4","4","0","0","0","3","0","@mS52680571 @TPUSA @AndrewKolvet @RealCandaceO they all are in the same swamp"
"'2045558371781058570'","4/18/2026 13:41","Reply","en","4","3","0","1","0","2","0","@BasedSamParker @RealCandaceO agreed"
"'2044741200943448388'","4/16/2026 7:34","Reply","en","4","2","1","1","0","0","2","@RalphBrown84560 i know right. child sex trafficking should be basically non-existent considering the sheer amount of resources allegedly devoted to protecting these kids and thwarting the traffickers operations."
"'2041119565229220226'","4/6/2026 7:43","Reply","en","3","0","0","3","0","0","3","@tucciarone2026 @LynneShasta40 Exactly. If the truth is damaging, that’s a her problem. Nobody cares about the fake outrage. We don't bow to bullies, and we won't be silenced by empty legal threats."
"'2047792663219290491'","4/24/2026 17:39","Reply","en","3","2","0","1","0","2","0","@jujujulee78 @YouTube @RealCandaceO @BasedSamParker thank you"
"'2047683219869356531'","4/24/2026 10:24","Reply","en","3","2","0","1","0","2","0","@spkcp111 @MrsErikaKirk so do i and no they have done everything they can to block jusitce."
"'2047682937676603704'","4/24/2026 10:23","Reply","en","3","3","0","0","0","2","1","@slutslapper1118 @MrsErikaKirk seems that way, or at least involved in trafficking"
"'2045261354307629308'","4/17/2026 18:01","Reply","en","3","2","1","0","0","3","0","@LauraLoomer 🚨LIVE: Tyler Robinson Trial &amp; Build The Red Wall Rally https://t.co/oP4dq9KFjK"
"'2045178602270937233'","4/17/2026 12:32","Reply","en","3","3","0","0","0","2","0","@charliekirk11 🚨LIVE: Tyler Robinson Trial &amp; Build The Red Wall Rally https://t.co/oP4dq9KFjK"
"'2044308110668386551'","4/15/2026 2:53","Reply","en","3","3","0","0","0","2","0","@jonalea7 @billiewebbb @paramounttactcl he really is dumber than Larry loomer."
"'2039503528608043480'","4/1/2026 20:41","Reply","en","3","2","1","0","0","2","0","@NihiloX @RealCandaceO sweet bro"
"'2039469889988022294'","4/1/2026 18:28","Reply","en","3","2","1","0","0","3","0","@SaltiMary @RealCandaceO @baroncoleman i agree. i actually reached out to him for an interview early on and he never returned my calls. If he has nothing to hide, then why not answer basic questions? Same argument i say to TPUSA as well."
"'2039361036101337539'","4/1/2026 11:15","Reply","en","3","1","1","1","0","2","1","@LauraLoomer 🚨LIVE: Trump At  Supreme Court As They Hear Birthright Citizenship Arguments
https://t.co/7IETX1dyho"
"'2039356043772207165'","4/1/2026 10:55","Reply","en","3","2","1","0","0","2","1","@LoomerUnleashed @TheCharlesDowns @POTUS 🚨LIVE: Trump At  Supreme Court As They Hear Birthright Citizenship Arguments
https://t.co/7IETX1dyho"
"'2041549168271864208'","4/7/2026 12:10","Reply","en","2","2","0","0","0","4","0","@MrsBebeJ1 @LauraLoomer @TuckerCarlson @RealCandaceO @megynkelly pretyy damn close to one, thats for sure."
"'2040812578062889274'","4/5/2026 11:23","Reply","en","2","2","0","0","0","2","0","@Americalashes @grok moe importantly since they seem to be follwing PUSAaroind,. where are the next TPUSA events hgappening."
"'2040477282108629132'","4/4/2026 13:11","Reply","en","2","2","0","0","0","2","0","@gerrysmithaz @RealCandaceO @baroncoleman @troofevades Thanks for letting me know.  Yes that is a typo. it is ER"
"'2040304746930569715'","4/4/2026 1:45","Reply","en","2","1","0","1","0","2","0","@ConnieG85887087 @RealCandaceO jealous? No, just calling out biased it is against her."
"'2040304445402021963'","4/4/2026 1:44","Reply","en","2","2","0","0","0","2","0","@SudCapricorn @RealCandaceO gotta get an ad blocker like i use."
"'2050044377385377983'","4/30/2026 22:47","Reply","en","2","2","0","0","0","2","0","@RealCandaceO yeah small world huh..."
"'2049441275712077881'","4/29/2026 6:50","Reply","en","2","1","0","1","0","2","0","@KnockturnalOne @RealCandaceO this particular video is AI but yes she is obsessed with fireworks. there are many videos of her walking out WWE style with demonic Trap music playing and fireworks/sparkler showers"
"'2049440630997234135'","4/29/2026 6:48","Reply","en","2","2","0","0","0","2","0","@journoaus @RealCandaceO aww thank you 🙏"
"'2048990383749714060'","4/28/2026 0:59","Reply","en","2","2","0","0","0","2","0","@Magda29901741 @MrsErikaKirk Bigly. https://t.co/2gr4ixq3cs"
"'2048990177155076270'","4/28/2026 0:58","Reply","en","2","2","0","0","0","2","0","@BlueDauntless @MrsErikaKirk as if i care. i actually welcome it. it's a no lose situation. i get the answers to everything we have been asking and even if i lose i have NOTHING she could get from me. Fun times. 😂"
"'2048987176214417874'","4/28/2026 0:46","Reply","en","2","1","0","1","0","2","0","@AriJanis09 @MrsErikaKirk @BlakeSNeff no i beg to differ. https://t.co/4cGxjYeF2p"
"'2048298312286056451'","4/26/2026 3:09","Reply","en","2","2","0","0","0","2","0","@WeAreNotGTM @BasedSamParker @RealCandaceO came up for me"
"'2048068557406183778'","4/25/2026 11:56","Reply","en","2","2","0","0","0","2","0","@C0nservativeGal @IRENEWA45168212 @RealCandaceO ok thanks"
"'2047863376898867482'","4/24/2026 22:20","Reply","en","2","0","0","2","0","2","0","@BeezlyKre @MrsErikaKirk you have never had an itch before retard."
"'2047683461859647580'","4/24/2026 10:25","Reply","en","2","2","0","0","0","2","0","@In2LightMedia @MrsErikaKirk the uptalk valley girl accent drives me insane"
"'2047407922070577359'","4/23/2026 16:11","Reply","en","2","2","0","0","0","4","0","@UnpopTakes @titoamboy @RealCandaceO @imelizabethlane @LoomerUnleashed @LoomersFanClub i will be livestreaming here to x as well"
"'2046901691476254765'","4/22/2026 6:39","Reply","qme","2","2","0","0","0","2","0","@RealCandaceO https://t.co/vbzMP94ilw"
"'2046398301650506144'","4/20/2026 21:19","Reply","en","2","2","0","0","0","2","0","@Mini_Metzie @LauraLoomer that's what i think"
"'2039590537792028989'","4/2/2026 2:27","Reply","qme","2","2","0","0","0","3","0","@108SAR @TPUSA @AndrewKolvet @RealCandaceO 💯"
"'2039805178145120561'","4/2/2026 16:40","Reply","en","2","1","0","1","0","3","0","@LittleRockMAGA @TPUSA @AndrewKolvet @RealCandaceO i was thinking the exact same thing. lol"
"'2045989122565632299'","4/19/2026 18:13","Reply","en","2","2","0","0","0","4","0","@corinnacj @RealCandaceO @LauraLoomer absolutely., i am about fed up with her attacking Candace like a psycho stalker"
"'2045944896591122835'","4/19/2026 15:17","Reply","en","2","1","0","1","0","3","0","@Kingofqueenanne @paul_r15648 @RealCandaceO @baroncoleman it's a huge deal exactly it proves they are lying and  most likely Tyler set Erika up with Charlie"
"'2045262040160153736'","4/17/2026 18:04","Reply","en","2","1","1","0","0","2","0","@FrontlinesTPUSA @TPUSA 🚨LIVE: Tyler Robinson Trial &amp; Build The Red Wall Rally https://t.co/oP4dq9KFjK"
"'2045229784741888071'","4/17/2026 15:55","Reply","en","2","1","0","1","0","3","0","@paramounttactcl @RealCandaceO 🚨LIVE: Tyler Robinson Trial &amp; Build The Red Wall Rally https://t.co/oP4dq9KFjK"
"'2045223335630426169'","4/17/2026 15:30","Reply","en","2","0","1","1","0","2","0","@FrontlinesTPUSA @TPUSA 🚨LIVE: Tyler Robinson Trial &amp; Build The Red Wall Rally https://t.co/oP4dq9KFjK"
"'2044771318000718003'","4/16/2026 9:34","Reply","en","2","2","0","0","0","2","0","@YesAlwaysWins @RealCandaceO i have not looked into it myself, however if you want to see me whatever you found feel free and i will take a look. projectconsititutionvideos@gmail.com"
"'2044779907054461324'","4/16/2026 10:08","Reply","en","2","2","0","0","0","2","0","@JasonBrigg37159 @Tinagallo @Mini_Metzie @baroncoleman @RealCandaceO exactly."
"'2044779773176492147'","4/16/2026 10:07","Reply","en","2","2","0","0","0","2","0","@breathe123 @annaxl7 @RealCandaceO @NihiloX we will see. i have reposted about that event already btw. that event is set up soley to steal peoples data."
"'2042224196449603864'","4/9/2026 8:52","Reply","en","1","1","0","0","0","2","0","@DranzerX13 @RealCandaceO @baroncoleman @IanCarrollShow big time"
"'2041548373061181614'","4/7/2026 12:07","Reply","es","1","1","0","0","0","4","0","@Marie31394164 @yankee_poodle_d @LauraLoomer @TuckerCarlson @RealCandaceO @megynkelly bingo!"
"'2041524162804506826'","4/7/2026 10:31","Reply","und","1","1","0","0","0","4","0","@r396am @LauraLoomer @TuckerCarlson @RealCandaceO @megynkelly yup"
"'2040974321523277992'","4/5/2026 22:06","Reply","en","1","1","0","0","0","2","0","@Cashloren @MrsErikaKirk @shewolf6ninja you're in a cult bro, but don't worry i was too. As soon as you come to that realization it will hit you like a ton of bricks lie it did me. I will pray for your discernment."
"'2040973541093384297'","4/5/2026 22:03","Reply","en","1","1","0","0","0","2","0","@Equality_Guards @MrsErikaKirk for the insatiable hunger of the prevert Baal worshipers Erika works for in my opinion"
"'2040395570443862127'","4/4/2026 7:46","Reply","en","1","1","0","0","0","3","0","Hey Jared, i have a question about the Aspen Donor retreat with Charlie Kirk you had attended.  Can you please confirm whether or not you heard Charlie KirK explicitly say  I appoint my wife to run Turning Point USA if something happens to me, Erika would do a great job""? I am trying to clear this issue up. I know you were in attendance because you had posted on your Instagram that you were as well as a picture of You and Charlie. Thanks so much for time."
"'2040311286752293049'","4/4/2026 2:11","Reply","qme","1","1","0","0","0","2","0","@AylaYacov @RealCandaceO @baroncoleman @IanCarrollShow 🙏"
"'2039916894774231079'","4/3/2026 0:04","Reply","qme","1","1","0","0","0","3","0","@SaraJane38340 @ScarikaKirk @baroncoleman @RealCandaceO @BlakeSNeff 😂"
"'2049441561075708384'","4/29/2026 6:51","Reply","en","1","1","0","0","0","2","0","@wokeuptoday47 @RealCandaceO it got postponed until June. i will still be going to the hearing in june."
"'2049440774408798400'","4/29/2026 6:48","Reply","en","1","1","0","0","0","2","0","@UnfilteredLgk @RealCandaceO Thanks so much🙏"
"'2049664225333641274'","4/29/2026 21:36","Reply","en","1","1","0","0","0","2","0","@GrandmaMandy92 @MrsErikaKirk exactly"
"'2049036574403248478'","4/28/2026 4:02","Reply","en","1","1","0","0","0","2","0","@ShanonLee_AF @MrsErikaKirk Amen 🙏"
"'2048995435470012758'","4/28/2026 1:19","Reply","en","1","0","0","1","0","2","0","@4freedom1USA @MrsErikaKirk likewise. you call someone disgusting instead of debating the facts. pretty hypocritical if you ask me."
"'2048995572330172463'","4/28/2026 1:19","Reply","en","1","1","0","0","0","2","0","@DonnaRev1111 @MrsErikaKirk exactly."
"'2048990526683152498'","4/28/2026 0:59","Reply","en","1","1","0","0","0","2","0","@Infowarrior916x @MrsErikaKirk love you too Boo boo 💋"
"'2048990240811962380'","4/28/2026 0:58","Reply","en","1","1","0","0","0","2","0","@BTexas1969 @MrsErikaKirk yes she should"
"'2048988110881431820'","4/28/2026 0:50","Reply","en","1","1","0","0","0","2","0","@FansStadium @MrsErikaKirk I can't wait... then we can get all the answers to the burning questions we have wanted for 7 months. We can get her phone records, flight logs, fin dout where Charlie's body really is. i really hope she does."
"'2048273263566946468'","4/26/2026 1:29","Reply","qme","1","1","0","0","0","5","0","@DudIeyDawson @LauraLoomer @LoomeredStrat @LoomersFanClub @titoamboy @billmaher @RealCandaceO @candaceoshow 😂😂😂"
"'2048115893620670520'","4/25/2026 15:04","Reply","en","1","1","0","0","0","2","0","@BasedSamParker @buckleycarlson @LauraLoomer @RogerJStoneJr so true. even though one's a dodo bird."
"'2047665587745104290'","4/24/2026 9:14","Reply","qme","1","1","0","0","0","2","0","@redpillclipperx @MyronGainesX @LauraLoomer https://t.co/gC7QeeIUSt"
"'2047748517301531002'","4/24/2026 14:44","Reply","en","1","1","0","0","0","2","0","@PhoenixTheDogg @nikitabier @RealCandaceO same here. i dont think she ever did. he is lying"
"'2047682519223410690'","4/24/2026 10:22","Reply","en","1","1","0","0","0","2","0","@patroticbeauti @MrsErikaKirk precisely. secondly there is a lot to suggest that and you know what they say, when there's smoke, there's usually fire..."
"'2047511198027932103'","4/23/2026 23:01","Reply","qme","1","1","0","0","0","2","0","@NihiloX @LauraLoomer https://t.co/gC7QeeIUSt"
"'2045819586818326794'","4/19/2026 6:59","Reply","en","1","0","0","1","0","2","0","@D24799035 @RealCandaceO @baroncoleman @realstewpeters @jonaaronbray @IanCarrollShow @RealAlexJones @DiligentDenizen @Ryanmatta this appears BEFORE the bang, before the shirt even starts to move."
"'2045819356907532594'","4/19/2026 6:58","Reply","en","1","0","0","1","0","2","0","@PNiebolte @RealCandaceO @baroncoleman @realstewpeters @jonaaronbray @IanCarrollShow @RealAlexJones @DiligentDenizen @Ryanmatta I'm pretty certain it wasn't Robinson who fired the shot, however we know a shot was actually fired and it didn't hit Charlie. So that is possible that it a fragment ricocheting."
"'2045891931390021872'","4/19/2026 11:47","Reply","und","1","0","0","1","0","4","0","@missy73256 @BasedSamParker @RealCandaceO @LauraLoomer lol"
"'2045890032620257355'","4/19/2026 11:39","Reply","en","1","0","0","1","0","4","0","@missy73256 @BasedSamParker @RealCandaceO @LauraLoomer she's a stalker for commenting 27 times in an hour about Candace."
"'2045262337821528484'","4/17/2026 18:05","Reply","en","1","1","0","0","0","2","0","@TPUSARapidRep @EliCrane_CEO 🚨LIVE: Tyler Robinson Trial &amp; Build The Red Wall Rally https://t.co/oP4dq9KFjK"
"'2045238222800781431'","4/17/2026 16:29","Reply","en","1","0","1","0","0","2","0","@FrontlinesTPUSA @TPUSA 🚨LIVE: Tyler Robinson Trial &amp; Build The Red Wall Rally https://t.co/oP4dq9KFjK"
"'2045234375793484235'","4/17/2026 16:14","Reply","en","1","1","0","0","0","2","0","@RoadMN @joerogan @seanhannity @greggutfeld @elonmusk @marklevinshow @jimmykimmel @JesseBWatters @IngrahamAngle @dbongino @StephenAtHome @benshapiro @MariaBartiromo @billmaher @TuckerCarlson @DanaPerino 🚨LIVE: Tyler Robinson Trial &amp; Build The Red Wall Rally https://t.co/oP4dq9KFjK"
"'2045230428752097701'","4/17/2026 15:58","Reply","en","1","1","0","0","0","2","0","@FrontlinesTPUSA @TPUSA 🚨LIVE: Tyler Robinson Trial &amp; Build The Red Wall Rally https://t.co/oP4dq9KFjK"
"'2045229927788576960'","4/17/2026 15:56","Reply","en","1","0","1","0","0","2","0","@FrontlinesTPUSA @TPAction @TPUSA 🚨LIVE: Tyler Robinson Trial &amp; Build The Red Wall Rally https://t.co/oP4dq9KFjK"
"'2045229217227411884'","4/17/2026 15:53","Reply","en","1","1","0","0","0","3","0","@LauraLoomer @KevinLincolnCA 🚨LIVE: Tyler Robinson Trial &amp; Build The Red Wall Rally https://t.co/oP4dq9KFjK"
"'2045208854435184734'","4/17/2026 14:32","Reply","en","1","1","0","0","0","3","0","@LoomerUnleashed @BarackObama @EricHolder 🚨LIVE: Tyler Robinson Trial &amp; Build The Red Wall Rally https://t.co/oP4dq9KFjK"
"'2044334581730382206'","4/15/2026 4:38","Reply","en","1","1","0","0","0","2","1","@CinemaShogun What's insane is all you paid shills didnt take the threat against Candace seriously. What Hypocrites. Also Erika said this ICYMI https://t.co/trOY62C2wR"
"'2044332747561242703'","4/15/2026 4:31","Reply","qme","1","1","0","0","0","2","0","@bravoCo104498 @CandaceOwensPod @RealCandaceO https://t.co/5sgQ9uFXit"
"'2039551589153698084'","4/1/2026 23:52","Reply","en","1","1","0","0","0","5","0","@eastlalatina @tardyhard @RealCandaceO @BlakeSNeff @MrsErikaKirk nope. that has become TPUSA themselves"
"'2039549026702360966'","4/1/2026 23:42","Reply","en","1","1","0","0","0","4","0","@A_Ward08 @RealCandaceO @BlakeSNeff @MrsErikaKirk it's always glorious to watch people lose their minds 😂"
"'2038856765882659221'","3/31/2026 1:51","Reply","qme","1","0","0","1","0","2","0","@RabbiG83381 @TwinkleCrooksh1 @pacman522 @c15n32 @Baughb403 @SirBitzy @jerrythom11 @713Xtr0py @FallingWaterz @gnome1114 @22DubTrip333 @ColoRiqueno1978 @mint_dove @grok @AQUAB23 @lanstorm1967 @BrianJDub @CrowdsourceWebb @khirinknight @IamCelineEx @justspicci @usagi_acid @LilithDatura @ThomasReal616 @mainvolume @RhondaFurin @Soulshaker007 @9thRealm @realUnnameable @Auth888John @archang31s @CigarMartin @wfinalle57 @BlakeOltmann @zerosum24 @elonmusk @MccuskerBilly @mattwritesbooks @Shanemgillis @BarackObama @realDonaldTrump @s @Pro @DLlcasel @spiritussystems @baroncoleman @CIA @RealCandaceO @NIMH48536764 @joekent16jan19 😂"
"'2041134744507719855'","4/6/2026 8:43","Tweet","qam","0","0","0","0","0","2","0","@candaceoshow @RealCandaceO"
"'2041168633204724170'","4/6/2026 10:58","Reply","en","0","0","0","0","0","2","0","@Mia_Stretch @MrsErikaKirk speaking of Bananas... https://t.co/A8LFGOQDKO"
"'2040662917532586064'","4/5/2026 1:28","Tweet","qam","0","0","0","0","0","2","0","@realjesseonfire @iamcoachcolin @heavydcountry @RealAlexJones @elonmusk @baroncoleman @RealCandaceO @Black_Scout"
"'2049441353281446251'","4/29/2026 6:51","Reply","en","0","0","0","0","0","2","0","@SandraManning16 @RealCandaceO Happy Birthday :-) 🎉🎉"
"'2049036449400422471'","4/28/2026 4:02","Reply","en","0","0","0","0","0","2","0","@RetUSAFSpouse @MrsErikaKirk clearly we are all peasants, plebs. she is another rich elitist"
"'2048995138685292663'","4/28/2026 1:18","Reply","en","0","0","0","0","0","2","0","@RuleRegeane @MrsErikaKirk i'm cool as a cucumber baby"
"'2048990642102046934'","4/28/2026 1:00","Reply","en","0","0","0","0","0","2","0","@CaliGirlLegna @MrsErikaKirk That all you got? 😂"
"'2048989558855852036'","4/28/2026 0:55","Reply","en","0","0","0","0","0","2","0","@RetUSAFSpouse @MrsErikaKirk STOP flattering me,  you're actually speaking my love language hon🥰"
"'2048988415174037816'","4/28/2026 0:51","Reply","qme","0","0","0","0","0","2","0","@grayce_notes @MrsErikaKirk 🔥🔥🔥"
"'2048105333210452403'","4/25/2026 14:22","Reply","en","0","0","0","0","0","2","0","@AshlynCherry89 @RealCandaceO he was fired by her dumbass"
"'2046545459838062963'","4/21/2026 7:03","Reply","en","0","0","0","0","0","4","0","@DeborahML5454 @LauraLoomer @RealCandaceO @titoamboy guarentee it"
"'2039554195829760256'","4/2/2026 0:03","Reply","ht","0","0","0","0","0","3","0","@SMmich25 @TPUSA @AndrewKolvet @RealCandaceO LMAO :-)😂"
"'2045291170750742927'","4/17/2026 19:59","Reply","en","0","0","0","0","0","2","0","@RealAmVoice @POTUS @TPUSA @TPAction 🚨LIVE: Tyler Robinson Trial &amp; Build The Red Wall Rally https://t.co/oP4dq9KFjK"
"'2045230645178196387'","4/17/2026 15:59","Reply","en","0","0","0","0","0","2","0","@SaveUSAKitty @dbongino 🚨LIVE: Tyler Robinson Trial &amp; Build The Red Wall Rally https://t.co/oP4dq9KFjK"
"'2045177889478365613'","4/17/2026 12:29","Reply","en","0","0","0","0","0","3","0","@LauraLoomer 🚨LIVE: Tyler Robinson Trial &amp; Build The Red Wall Rally https://t.co/oP4dq9KFjK"
"'2039352049825935859'","4/1/2026 10:39","Reply","en","0","0","0","0","0","0","2","@JudgeJeanine @foxandfriends 🚨LIVE: Trump At  Supreme Court As They Hear Birthright Citizenship Arguments
https://t.co/7IETX1dyho"
"'2038869405686268275'","3/31/2026 2:42","Reply","en","0","0","0","0","0","7","0","@RealCandaceO @LauraLoomer @TPUSA @JackPosobiec @MrsErikaKirk Hail Mother Russia https://t.co/REv2jANQd2"
"'2038869050734845966'","3/31/2026 2:40","Reply","en","0","0","0","0","0","7","0","@LauraLoomer @RealCandaceO @TPUSA @JackPosobiec @MrsErikaKirk Damn it Laura. How'd you expose our mole?  That's okay we still have 6 others you will never be able to sus out."
"'2038866261203972139'","3/31/2026 2:29","Reply","en","0","0","0","0","0","4","0","@ninoboxer @MrsErikaKirk @RealCandaceO She's sweating it bro big time"
"'2038861252814876972'","3/31/2026 2:09","Reply","en","0","0","0","0","0","2","0","@jonesville @RealCandaceO wish on one hand and shit in the other and let's see which fills up first"
"'2039104820322148566'","3/31/2026 18:17","Reply","qme","0","0","0","0","0","2","0","@RealCandaceO https://t.co/S9CzlCOXeD"
"'2039104904187257140'","3/31/2026 18:17","Reply","qme","0","0","0","0","0","2","0","@RealCandaceO https://t.co/FDWtpwk1Cu"
"'2039085017272369538'","3/31/2026 16:58","Reply","qme","0","0","0","0","0","2","0","@RealCandaceO https://t.co/FDWtpwk1Cu"
"'2038995280884875481'","3/31/2026 11:02","Reply","en","0","0","0","0","0","2","0","@LauraLoomer because he is being railroaded and is clearly being set up as a Patsy"
"'2038844882110832978'","3/31/2026 1:04","Reply","en","0","0","0","0","0","2","1","@DonnaAr86552294 @RealCandaceO @YouTube he is corrupt."
"'2038842584416542737'","3/31/2026 0:55","Reply","en","0","0","0","0","0","2","0","@jody_rendell @RealCandaceO Amen!! God is Good 🙏"
"'2038842464337875427'","3/31/2026 0:54","Reply","es","0","0","0","0","0","2","0","@Zebecian @RealCandaceO bingo!"
"'2038842416199860226'","3/31/2026 0:54","Reply","en","0","0","0","0","0","2","0","@DonnaRev1111 @RealCandaceO they all are going to go down if i have anything to say about it."
"'2038842322402546080'","3/31/2026 0:54","Reply","en","0","0","0","0","0","2","0","@pesky_peasant @RealCandaceO spoiler alert. it wasn't even a bullet at all. it was a piece of shrapnel from his microphone exploding"
"'2038842133528871264'","3/31/2026 0:53","Reply","en","0","0","0","0","0","2","0","@JEricks02774419 @RealCandaceO i would like to know as well. my suspicion is NO"
"'2038842052411093075'","3/31/2026 0:53","Reply","en","0","0","0","0","0","2","0","@bayonerd09 @RealCandaceO you will all be eating your words."
"'2038841735585915197'","3/31/2026 0:52","Reply","en","0","0","0","0","0","2","0","@LuluTheLogical @RealCandaceO true"
"'2038841917576786038'","3/31/2026 0:52","Reply","en","0","0","0","0","0","2","0","@YinYang18175500 @RealCandaceO absolutely. it did not match because it wasn't a bullet at all. it was shrapnel from the microphone reciever."
"'2038840516712779941'","3/31/2026 0:47","Reply","en","0","0","0","0","0","2","0","@TheQuartering @RealCandaceO send my regards to daddy Hetanyahu."
"'2038839510671249903'","3/31/2026 0:43","Reply","en","0","0","0","0","0","2","0","@DallasConserve @RealCandaceO @TheQuartering Hey Big Boi 💋 https://t.co/duqegHfVlw"
"'2038836439677350014'","3/31/2026 0:31","Reply","qme","0","0","0","0","0","2","0","@RealCandaceO @TheQuartering @kinocasinoclips https://t.co/S3Fa32Twxf"
"'2038836340674932927'","3/31/2026 0:30","Reply","qme","0","0","0","0","0","2","0","@RealCandaceO @TheQuartering https://t.co/S3Fa32Twxf"
"'2038835631262970043'","3/31/2026 0:27","Reply","qam","0","0","0","0","0","2","0","@RealCandaceO @TheQuartering @kinocasinoclips @TheQuartering"
"'2038835221244621038'","3/31/2026 0:26","Reply","en","0","0","0","0","0","2","0","@RealCandaceO @TheQuartering Jeremy The Quartering FELTED!!! Exposed For Being a Cuckold...

You can watch the FULL episode on @kinocasinoclips on YT -FOLLOW Them!!
https://t.co/57pVkpmbCu https://t.co/XBzWtEfrMK"
"'2038831810419769434'","3/31/2026 0:12","Reply","en","0","0","0","0","0","2","0","@ozarkwarrior @RealCandaceO @TheQuartering pathetic... 😂"
"'2038831708930257133'","3/31/2026 0:12","Reply","en","0","0","0","0","0","2","0","@Michael62307173 @RealCandaceO @TheQuartering exactly"
"'2038831642555363468'","3/31/2026 0:11","Reply","en","0","0","0","0","0","2","0","@yankee_poodle_d @RealCandaceO @TheQuartering nope"
"'2038827751059181617'","3/30/2026 23:56","Reply","qme","0","0","0","0","0","2","0","@davis_donn56239 @RealCandaceO 💯"
"'2038827118100992111'","3/30/2026 23:53","Reply","qme","0","0","0","0","0","2","0","@McBrideLawNYC @RealCandaceO @TheQuartering https://t.co/yebKc36PWh"
"'2038826747349582241'","3/30/2026 23:52","Reply","en","0","0","0","0","0","3","0","@CharlieKirkNet @RealCandaceO @TheQuartering he fell off big time soon as Youtube started letting the real truth tellers back on that they had previously banned. That plus AI news videos are better than his monotone garbage."
"'2038826501550817659'","3/30/2026 23:51","Reply","en","0","0","0","0","0","2","0","@jonalea7 @RealCandaceO @TheQuartering probably because all he does ad reads the entire show and beg his fans for money."
"'2038825137890349304'","3/30/2026 23:46","Reply","qme","0","0","0","0","0","2","0","@JohnMappin @RealCandaceO https://t.co/RjWgP02CBS"
"'2038824645546147964'","3/30/2026 23:44","Reply","qme","0","0","0","0","0","2","0","@ScientistIzaak @RealCandaceO @TheQuartering 🔥🔥🔥"
"'2038824576470163911'","3/30/2026 23:43","Reply","en","0","0","0","0","0","2","0","@JonRudolph24 @RealCandaceO @TheQuartering yup. that's about right"
"'2038823768051556793'","3/30/2026 23:40","Reply","en","0","0","0","0","0","2","0","@TheQuartering @RealCandaceO the only retard here is you Quartering"
"'2038807537424703946'","3/30/2026 22:36","Tweet","qam","0","0","0","0","0","2","0","@RealCandaceO @baroncoleman @RedactedNews @DiligentDenizen @IanCarrollShow @jimmy_dore @kurtmetzger @RealAlexJones @megynkelly @Ryanmatta @HustleBitch_ @MattWallace888 @ZebBoykin @iamcoachcolin @realjesseonfire @ShadowofEzra @TuckerCarlson"
"'2038800845081280896'","3/30/2026 22:09","Reply","en","0","0","0","0","0","3","0","@DonnaRev1111 perfect timing for today's Candace episode where she went off on Erika for saying she knew 100% Tyler did it on that CBS interview. That didn't age well. Every one of them at TPUSA right now are probalby shittng bricks."
"'2038798949235253468'","3/30/2026 22:02","Reply","en","0","0","0","0","0","2","2","there was mNO autopsy. whatever autopsy they are claimign to have done in my opinion is fake to cover their tracks. the police audio confirms NO autopsy at the request of the widow. aka Erika Kirk. that is actually illegal though for there to be no autopsy on a homicide, so when i and other caled out that there wasn't an autopsy they scrambled and tried to pretend there was."
"'2038253869734441180'","3/29/2026 9:56","Reply","en","0","0","0","0","0","4","1","This is exactly how PR spin-doctors and intelligence operatives work, and it exposes exactly what TPUSA is doing behind the scenes to control the narrative.

Andrew Kolvet has a massive platform. If he actually had definitive proof to clear his name and crush these rumors, he would drop the timestamped boarding manifest and tarmac photos directly on his own timeline for the world to see. Instead, he leaks a meaningless piece of paper to a smaller account. Why?

Here is exactly what is happening:

He operates in the shadows. It is the exact same playbook he used when he fed selective ""intel"" to Gary at Paramount Tactical. Andrew knows that if he posts the itinerary himself, he opens himself up to direct cross-examination and public scrutiny from heavyweights like Candace Owens. His timeline would be dismantled in seconds. So, he uses cut-outs.

By feeding this ""exclusive"" itinerary to lower-tier influencers, he manufactures loyalty. He strokes their egos and makes them feel like they are officially part of the TPUSA ""insider team.""

The transaction is incredibly transparent. Andrew gives them a breadcrumb of access, and in return, they become his attack dogs. They go on the offensive, attacking Candace and smearing independent journalists, all while Andrew keeps his hands perfectly clean. He gets to sit back and just comment, ""This is factual,"" letting his proxies take all the heat for laundering a bad alibi.

And you are 100% correct on the actual evidence. An itinerary is a booking confirmation. It is a piece of paper that says who intended to buy a ticket. It is not a boarding pass. It is not a flight manifest. It proves absolutely nothing about who was physically sitting in those seats when that plane left the runway in Santa Barbara.

They are using proxies to launder a fake alibi, and the American people are seeing right through it."
"'2038176731278798921'","3/29/2026 4:49","Reply","en","0","0","0","0","0","3","0","@PPR1313 @TPUSA @MrsErikaKirk Amen 🙏"
"'2038135644161974757'","3/29/2026 2:06","Tweet","qam","0","0","0","0","0","2","0","@RealCandaceO @candaceoshow"
"'2038377969761022381'","3/29/2026 18:09","Reply","en","0","0","0","0","0","2","0","@imperfectgracej @baroncoleman @RealCandaceO good find."
"'2038317218249707741'","3/29/2026 14:07","Reply","en","0","0","0","0","0","2","0","@USALegend1 @BlakeBednarz @RealCandaceO cause Blake is a retard"
"'2038124646675996938'","3/29/2026 1:22","Reply","en","0","0","0","0","0","2","0","@RealCandaceO @BishStrick @CarriePrejean1 @CforCatholics yea i know, i am aware i pulled it for the prayer. Ty though 🙏"
